
==== Thu Sep  4 09:23:00 PM UTC 2025 avatar-autostart ====
xset:  unable to open display ":0"
Error: Can't open display: (null)
Failed creating new xdo instance
/home/curtis/.local/lib/python3.10/site-packages/pygame/pkgdata.py:25: UserWarning: pkg_resources is deprecated as an API. See https://setuptools.pypa.io/en/latest/pkg_resources.html. The pkg_resources package is slated for removal as early as 2025-11-30. Refrain from using this package or pin to Setuptools<81.
  from pkg_resources import resource_stream, resource_exists
xcb_connection_has_error() returned true
ALSA lib pcm_dsnoop.c:601:(snd_pcm_dsnoop_open) unable to open slave
ALSA lib pcm_dmix.c:1032:(snd_pcm_dmix_open) unable to open slave
ALSA lib pcm.c:2664:(snd_pcm_open_noupdate) Unknown PCM cards.pcm.rear
ALSA lib pcm.c:2664:(snd_pcm_open_noupdate) Unknown PCM cards.pcm.center_lfe
ALSA lib pcm.c:2664:(snd_pcm_open_noupdate) Unknown PCM cards.pcm.side
ALSA lib pcm_oss.c:397:(_snd_pcm_oss_open) Cannot open device /dev/dsp
ALSA lib pcm_oss.c:397:(_snd_pcm_oss_open) Cannot open device /dev/dsp
xcb_connection_has_error() returned true
xcb_connection_has_error() returned true
ALSA lib confmisc.c:160:(snd_config_get_card) Invalid field card
ALSA lib pcm_usb_stream.c:482:(_snd_pcm_usb_stream_open) Invalid card 'card'
ALSA lib confmisc.c:160:(snd_config_get_card) Invalid field card
ALSA lib pcm_usb_stream.c:482:(_snd_pcm_usb_stream_open) Invalid card 'card'
ALSA lib pcm_dsnoop.c:601:(snd_pcm_dsnoop_open) unable to open slave
ALSA lib pcm_dsnoop.c:575:(snd_pcm_dsnoop_open) The dsnoop plugin supports only capture stream
ALSA lib pcm_dsnoop.c:601:(snd_pcm_dsnoop_open) unable to open slave
ALSA lib pcm_dsnoop.c:575:(snd_pcm_dsnoop_open) The dsnoop plugin supports only capture stream
ALSA lib pcm_dsnoop.c:601:(snd_pcm_dsnoop_open) unable to open slave
ALSA lib pcm_dsnoop.c:575:(snd_pcm_dsnoop_open) The dsnoop plugin supports only capture stream
ALSA lib pcm_dmix.c:1032:(snd_pcm_dmix_open) unable to open slave
xcb_connection_has_error() returned true
xcb_connection_has_error() returned true
xcb_connection_has_error() returned true
xcb_connection_has_error() returned true
xcb_connection_has_error() returned true
Error: Can't open display: (null)
Failed creating new xdo instance
Error: Can't open display: (null)
Failed creating new xdo instance
Error: Can't open display: (null)
Failed creating new xdo instance
Error: Can't open display: (null)
Failed creating new xdo instance
Error: Can't open display: (null)
Failed creating new xdo instance
Error: Can't open display: (null)
Failed creating new xdo instance
Error: Can't open display: (null)
Failed creating new xdo instance
Error: Can't open display: (null)
Failed creating new xdo instance
Error: Can't open display: (null)
Failed creating new xdo instance
xcb_connection_has_error() returned true
xcb_connection_has_error() returned true
aplay: pcm_write:2127: write error: Interrupted system call
xcb_connection_has_error() returned true
xcb_connection_has_error() returned true
xcb_connection_has_error() returned true
xcb_connection_has_error() returned true
xcb_connection_has_error() returned true
xcb_connection_has_error() returned true
xcb_connection_has_error() returned true
xcb_connection_has_error() returned true
xcb_connection_has_error() returned true
xcb_connection_has_error() returned true
xcb_connection_has_error() returned true
xcb_connection_has_error() returned true
xcb_connection_has_error() returned true
xcb_connection_has_error() returned true
xcb_connection_has_error() returned true
xcb_connection_has_error() returned true
xcb_connection_has_error() returned true
xcb_connection_has_error() returned true

==== Thu Sep  4 09:50:51 PM UTC 2025 avatar-autostart ====
Invalid MIT-MAGIC-COOKIE-1 keyxset:  unable to open display ":0"
Invalid MIT-MAGIC-COOKIE-1 keyError: Can't open display: (null)
Failed creating new xdo instance
/home/curtis/.local/lib/python3.10/site-packages/pygame/pkgdata.py:25: UserWarning: pkg_resources is deprecated as an API. See https://setuptools.pypa.io/en/latest/pkg_resources.html. The pkg_resources package is slated for removal as early as 2025-11-30. Refrain from using this package or pin to Setuptools<81.
  from pkg_resources import resource_stream, resource_exists
Invalid MIT-MAGIC-COOKIE-1 keyxcb_connection_has_error() returned true
ALSA lib pcm_dsnoop.c:601:(snd_pcm_dsnoop_open) unable to open slave
ALSA lib pcm_dmix.c:1032:(snd_pcm_dmix_open) unable to open slave
ALSA lib pcm.c:2664:(snd_pcm_open_noupdate) Unknown PCM cards.pcm.rear
ALSA lib pcm.c:2664:(snd_pcm_open_noupdate) Unknown PCM cards.pcm.center_lfe
ALSA lib pcm.c:2664:(snd_pcm_open_noupdate) Unknown PCM cards.pcm.side
ALSA lib pcm_oss.c:397:(_snd_pcm_oss_open) Cannot open device /dev/dsp
ALSA lib pcm_oss.c:397:(_snd_pcm_oss_open) Cannot open device /dev/dsp
Invalid MIT-MAGIC-COOKIE-1 keyxcb_connection_has_error() returned true
Invalid MIT-MAGIC-COOKIE-1 keyError: Can't open display: (null)
Failed creating new xdo instance
Invalid MIT-MAGIC-COOKIE-1 keyxcb_connection_has_error() returned true
ALSA lib confmisc.c:160:(snd_config_get_card) Invalid field card
ALSA lib pcm_usb_stream.c:482:(_snd_pcm_usb_stream_open) Invalid card 'card'
ALSA lib confmisc.c:160:(snd_config_get_card) Invalid field card
ALSA lib pcm_usb_stream.c:482:(_snd_pcm_usb_stream_open) Invalid card 'card'
ALSA lib pcm_dsnoop.c:601:(snd_pcm_dsnoop_open) unable to open slave
ALSA lib pcm_dsnoop.c:575:(snd_pcm_dsnoop_open) The dsnoop plugin supports only capture stream
ALSA lib pcm_dsnoop.c:601:(snd_pcm_dsnoop_open) unable to open slave
ALSA lib pcm_dsnoop.c:575:(snd_pcm_dsnoop_open) The dsnoop plugin supports only capture stream
ALSA lib pcm_dsnoop.c:601:(snd_pcm_dsnoop_open) unable to open slave
ALSA lib pcm_dsnoop.c:575:(snd_pcm_dsnoop_open) The dsnoop plugin supports only capture stream
ALSA lib pcm_dmix.c:1032:(snd_pcm_dmix_open) unable to open slave
Invalid MIT-MAGIC-COOKIE-1 keyxcb_connection_has_error() returned true
Invalid MIT-MAGIC-COOKIE-1 keyxcb_connection_has_error() returned true
Invalid MIT-MAGIC-COOKIE-1 keyInvalid MIT-MAGIC-COOKIE-1 keyxcb_connection_has_error() returned true
Invalid MIT-MAGIC-COOKIE-1 keyxcb_connection_has_error() returned true
Invalid MIT-MAGIC-COOKIE-1 keyError: Can't open display: (null)
Failed creating new xdo instance
Invalid MIT-MAGIC-COOKIE-1 keyError: Can't open display: (null)
Failed creating new xdo instance
Invalid MIT-MAGIC-COOKIE-1 keyError: Can't open display: (null)
Failed creating new xdo instance
Invalid MIT-MAGIC-COOKIE-1 keyError: Can't open display: (null)
Failed creating new xdo instance
Invalid MIT-MAGIC-COOKIE-1 keyError: Can't open display: (null)
Failed creating new xdo instance
Invalid MIT-MAGIC-COOKIE-1 keyError: Can't open display: (null)
Failed creating new xdo instance
Invalid MIT-MAGIC-COOKIE-1 keyError: Can't open display: (null)
Failed creating new xdo instance
Invalid MIT-MAGIC-COOKIE-1 keyError: Can't open display: (null)
Failed creating new xdo instance
Invalid MIT-MAGIC-COOKIE-1 keyError: Can't open display: (null)
Failed creating new xdo instance
Invalid MIT-MAGIC-COOKIE-1 keyError: Can't open display: (null)
Failed creating new xdo instance
Invalid MIT-MAGIC-COOKIE-1 keyError: Can't open display: (null)
Failed creating new xdo instance
Invalid MIT-MAGIC-COOKIE-1 keyError: Can't open display: (null)
Failed creating new xdo instance
Invalid MIT-MAGIC-COOKIE-1 keyError: Can't open display: (null)
Failed creating new xdo instance
Invalid MIT-MAGIC-COOKIE-1 keyError: Can't open display: (null)
Failed creating new xdo instance
Invalid MIT-MAGIC-COOKIE-1 keyError: Can't open display: (null)
Failed creating new xdo instance
Invalid MIT-MAGIC-COOKIE-1 keyError: Can't open display: (null)
Failed creating new xdo instance
Invalid MIT-MAGIC-COOKIE-1 keyError: Can't open display: (null)
Failed creating new xdo instance
Invalid MIT-MAGIC-COOKIE-1 keyError: Can't open display: (null)
Failed creating new xdo instance
Invalid MIT-MAGIC-COOKIE-1 keyError: Can't open display: (null)
Failed creating new xdo instance
Invalid MIT-MAGIC-COOKIE-1 keyError: Can't open display: (null)
Failed creating new xdo instance
Invalid MIT-MAGIC-COOKIE-1 keyError: Can't open display: (null)
Failed creating new xdo instance
Invalid MIT-MAGIC-COOKIE-1 keyxcb_connection_has_error() returned true
Invalid MIT-MAGIC-COOKIE-1 keyxcb_connection_has_error() returned true
Invalid MIT-MAGIC-COOKIE-1 keyError: Can't open display: (null)
Failed creating new xdo instance
Invalid MIT-MAGIC-COOKIE-1 keyError: Can't open display: (null)
Failed creating new xdo instance
Invalid MIT-MAGIC-COOKIE-1 keyError: Can't open display: (null)
Failed creating new xdo instance
Invalid MIT-MAGIC-COOKIE-1 keyError: Can't open display: (null)
Failed creating new xdo instance
Invalid MIT-MAGIC-COOKIE-1 keyError: Can't open display: (null)
Failed creating new xdo instance
Invalid MIT-MAGIC-COOKIE-1 keyError: Can't open display: (null)
Failed creating new xdo instance
Invalid MIT-MAGIC-COOKIE-1 keyError: Can't open display: (null)
Failed creating new xdo instance
Invalid MIT-MAGIC-COOKIE-1 keyError: Can't open display: (null)
Failed creating new xdo instance
Invalid MIT-MAGIC-COOKIE-1 keyxcb_connection_has_error() returned true
Invalid MIT-MAGIC-COOKIE-1 keyxcb_connection_has_error() returned true
Invalid MIT-MAGIC-COOKIE-1 keyError: Can't open display: (null)
Failed creating new xdo instance
Invalid MIT-MAGIC-COOKIE-1 keyxcb_connection_has_error() returned true
Invalid MIT-MAGIC-COOKIE-1 keyxcb_connection_has_error() returned true
Invalid MIT-MAGIC-COOKIE-1 keyError: Can't open display: (null)
Failed creating new xdo instance
Invalid MIT-MAGIC-COOKIE-1 keyError: Can't open display: (null)
Failed creating new xdo instance
Invalid MIT-MAGIC-COOKIE-1 keyxcb_connection_has_error() returned true
Invalid MIT-MAGIC-COOKIE-1 keyxcb_connection_has_error() returned true
Invalid MIT-MAGIC-COOKIE-1 keyError: Can't open display: (null)
Failed creating new xdo instance
Invalid MIT-MAGIC-COOKIE-1 keyError: Can't open display: (null)
Failed creating new xdo instance
Invalid MIT-MAGIC-COOKIE-1 keyxcb_connection_has_error() returned true
Invalid MIT-MAGIC-COOKIE-1 keyxcb_connection_has_error() returned true
Invalid MIT-MAGIC-COOKIE-1 keyError: Can't open display: (null)
Failed creating new xdo instance
Invalid MIT-MAGIC-COOKIE-1 keyError: Can't open display: (null)
Failed creating new xdo instance
Invalid MIT-MAGIC-COOKIE-1 keyxcb_connection_has_error() returned true
Invalid MIT-MAGIC-COOKIE-1 keyxcb_connection_has_error() returned true
Invalid MIT-MAGIC-COOKIE-1 keyError: Can't open display: (null)
Failed creating new xdo instance
Invalid MIT-MAGIC-COOKIE-1 keyxcb_connection_has_error() returned true
Invalid MIT-MAGIC-COOKIE-1 keyxcb_connection_has_error() returned true
Invalid MIT-MAGIC-COOKIE-1 keyError: Can't open display: (null)
Failed creating new xdo instance
Invalid MIT-MAGIC-COOKIE-1 keyxcb_connection_has_error() returned true
Invalid MIT-MAGIC-COOKIE-1 keyxcb_connection_has_error() returned true
Invalid MIT-MAGIC-COOKIE-1 keyError: Can't open display: (null)
Failed creating new xdo instance
Invalid MIT-MAGIC-COOKIE-1 keyError: Can't open display: (null)
Failed creating new xdo instance
Invalid MIT-MAGIC-COOKIE-1 keyxcb_connection_has_error() returned true
Invalid MIT-MAGIC-COOKIE-1 keyxcb_connection_has_error() returned true
Invalid MIT-MAGIC-COOKIE-1 keyError: Can't open display: (null)
Failed creating new xdo instance
Invalid MIT-MAGIC-COOKIE-1 keyError: Can't open display: (null)
Failed creating new xdo instance
Invalid MIT-MAGIC-COOKIE-1 keyxcb_connection_has_error() returned true
Invalid MIT-MAGIC-COOKIE-1 keyxcb_connection_has_error() returned true
Invalid MIT-MAGIC-COOKIE-1 keyError: Can't open display: (null)
Failed creating new xdo instance
Invalid MIT-MAGIC-COOKIE-1 keyError: Can't open display: (null)
Failed creating new xdo instance
Invalid MIT-MAGIC-COOKIE-1 keyxcb_connection_has_error() returned true
Invalid MIT-MAGIC-COOKIE-1 keyxcb_connection_has_error() returned true
Invalid MIT-MAGIC-COOKIE-1 keyError: Can't open display: (null)
Failed creating new xdo instance
Invalid MIT-MAGIC-COOKIE-1 keyError: Can't open display: (null)
Failed creating new xdo instance
Invalid MIT-MAGIC-COOKIE-1 keyError: Can't open display: (null)
Failed creating new xdo instance
Invalid MIT-MAGIC-COOKIE-1 keyError: Can't open display: (null)
Failed creating new xdo instance
Invalid MIT-MAGIC-COOKIE-1 keyxcb_connection_has_error() returned true
Invalid MIT-MAGIC-COOKIE-1 keyxcb_connection_has_error() returned true
Invalid MIT-MAGIC-COOKIE-1 keyError: Can't open display: (null)
Failed creating new xdo instance
Invalid MIT-MAGIC-COOKIE-1 keyError: Can't open display: (null)
Failed creating new xdo instance
Invalid MIT-MAGIC-COOKIE-1 keyError: Can't open display: (null)
Failed creating new xdo instance
Invalid MIT-MAGIC-COOKIE-1 keyError: Can't open display: (null)
Failed creating new xdo instance
Invalid MIT-MAGIC-COOKIE-1 keyxcb_connection_has_error() returned true
Invalid MIT-MAGIC-COOKIE-1 keyxcb_connection_has_error() returned true
Invalid MIT-MAGIC-COOKIE-1 keyError: Can't open display: (null)
Failed creating new xdo instance
Invalid MIT-MAGIC-COOKIE-1 keyError: Can't open display: (null)
Failed creating new xdo instance
Invalid MIT-MAGIC-COOKIE-1 keyxcb_connection_has_error() returned true
Invalid MIT-MAGIC-COOKIE-1 keyxcb_connection_has_error() returned true
Invalid MIT-MAGIC-COOKIE-1 keyError: Can't open display: (null)
Failed creating new xdo instance

==== Thu Sep  4 09:53:34 PM UTC 2025 avatar-autostart ====
Invalid MIT-MAGIC-COOKIE-1 keyxcb_connection_has_error() returned true
Invalid MIT-MAGIC-COOKIE-1 keyxcb_connection_has_error() returned true
/home/curtis/.local/lib/python3.10/site-packages/pygame/pkgdata.py:25: UserWarning: pkg_resources is deprecated as an API. See https://setuptools.pypa.io/en/latest/pkg_resources.html. The pkg_resources package is slated for removal as early as 2025-11-30. Refrain from using this package or pin to Setuptools<81.
  from pkg_resources import resource_stream, resource_exists
ALSA lib pcm_dsnoop.c:601:(snd_pcm_dsnoop_open) unable to open slave
ALSA lib pcm_dmix.c:1032:(snd_pcm_dmix_open) unable to open slave
ALSA lib pcm.c:2664:(snd_pcm_open_noupdate) Unknown PCM cards.pcm.rear
ALSA lib pcm.c:2664:(snd_pcm_open_noupdate) Unknown PCM cards.pcm.center_lfe
ALSA lib pcm.c:2664:(snd_pcm_open_noupdate) Unknown PCM cards.pcm.side
ALSA lib pcm_oss.c:397:(_snd_pcm_oss_open) Cannot open device /dev/dsp
ALSA lib pcm_oss.c:397:(_snd_pcm_oss_open) Cannot open device /dev/dsp
ALSA lib confmisc.c:160:(snd_config_get_card) Invalid field card
ALSA lib pcm_usb_stream.c:482:(_snd_pcm_usb_stream_open) Invalid card 'card'
ALSA lib confmisc.c:160:(snd_config_get_card) Invalid field card
ALSA lib pcm_usb_stream.c:482:(_snd_pcm_usb_stream_open) Invalid card 'card'
ALSA lib pcm_dsnoop.c:601:(snd_pcm_dsnoop_open) unable to open slave
ALSA lib pcm_dsnoop.c:575:(snd_pcm_dsnoop_open) The dsnoop plugin supports only capture stream
ALSA lib pcm_dsnoop.c:601:(snd_pcm_dsnoop_open) unable to open slave
ALSA lib pcm_dsnoop.c:575:(snd_pcm_dsnoop_open) The dsnoop plugin supports only capture stream
ALSA lib pcm_dsnoop.c:601:(snd_pcm_dsnoop_open) unable to open slave
ALSA lib pcm_dsnoop.c:575:(snd_pcm_dsnoop_open) The dsnoop plugin supports only capture stream
ALSA lib pcm_dmix.c:1032:(snd_pcm_dmix_open) unable to open slave
Error: Can't open display: (null)
Failed creating new xdo instance
Expression 'ret' failed in 'src/hostapi/alsa/pa_linux_alsa.c', line: 1736
Expression 'AlsaOpen( &alsaApi->baseHostApiRep, params, streamDir, &self->pcm )' failed in 'src/hostapi/alsa/pa_linux_alsa.c', line: 1904
Expression 'PaAlsaStreamComponent_Initialize( &self->capture, alsaApi, inParams, StreamDirection_In, NULL != callback )' failed in 'src/hostapi/alsa/pa_linux_alsa.c', line: 2171
Expression 'PaAlsaStream_Initialize( stream, alsaHostApi, inputParameters, outputParameters, sampleRate, framesPerBuffer, callback, streamFlags, userData )' failed in 'src/hostapi/alsa/pa_linux_alsa.c', line: 2839
Expression 'ret' failed in 'src/hostapi/alsa/pa_linux_alsa.c', line: 1736
Expression 'AlsaOpen( &alsaApi->baseHostApiRep, params, streamDir, &self->pcm )' failed in 'src/hostapi/alsa/pa_linux_alsa.c', line: 1904
Expression 'PaAlsaStreamComponent_Initialize( &self->capture, alsaApi, inParams, StreamDirection_In, NULL != callback )' failed in 'src/hostapi/alsa/pa_linux_alsa.c', line: 2171
Expression 'PaAlsaStream_Initialize( stream, alsaHostApi, inputParameters, outputParameters, sampleRate, framesPerBuffer, callback, streamFlags, userData )' failed in 'src/hostapi/alsa/pa_linux_alsa.c', line: 2839
Expression 'ret' failed in 'src/hostapi/alsa/pa_linux_alsa.c', line: 1736
Expression 'AlsaOpen( &alsaApi->baseHostApiRep, params, streamDir, &self->pcm )' failed in 'src/hostapi/alsa/pa_linux_alsa.c', line: 1904
Expression 'PaAlsaStreamComponent_Initialize( &self->capture, alsaApi, inParams, StreamDirection_In, NULL != callback )' failed in 'src/hostapi/alsa/pa_linux_alsa.c', line: 2171
Expression 'PaAlsaStream_Initialize( stream, alsaHostApi, inputParameters, outputParameters, sampleRate, framesPerBuffer, callback, streamFlags, userData )' failed in 'src/hostapi/alsa/pa_linux_alsa.c', line: 2839
Error: Can't open display: (null)
Failed creating new xdo instance
xcb_connection_has_error() returned true
xcb_connection_has_error() returned true
Expression 'ret' failed in 'src/hostapi/alsa/pa_linux_alsa.c', line: 1736
Expression 'AlsaOpen( &alsaApi->baseHostApiRep, params, streamDir, &self->pcm )' failed in 'src/hostapi/alsa/pa_linux_alsa.c', line: 1904
Expression 'PaAlsaStreamComponent_Initialize( &self->capture, alsaApi, inParams, StreamDirection_In, NULL != callback )' failed in 'src/hostapi/alsa/pa_linux_alsa.c', line: 2171
Expression 'PaAlsaStream_Initialize( stream, alsaHostApi, inputParameters, outputParameters, sampleRate, framesPerBuffer, callback, streamFlags, userData )' failed in 'src/hostapi/alsa/pa_linux_alsa.c', line: 2839
Error: Can't open display: (null)
Failed creating new xdo instance
Expression 'ret' failed in 'src/hostapi/alsa/pa_linux_alsa.c', line: 1736
Expression 'AlsaOpen( &alsaApi->baseHostApiRep, params, streamDir, &self->pcm )' failed in 'src/hostapi/alsa/pa_linux_alsa.c', line: 1904
Expression 'PaAlsaStreamComponent_Initialize( &self->capture, alsaApi, inParams, StreamDirection_In, NULL != callback )' failed in 'src/hostapi/alsa/pa_linux_alsa.c', line: 2171
Expression 'PaAlsaStream_Initialize( stream, alsaHostApi, inputParameters, outputParameters, sampleRate, framesPerBuffer, callback, streamFlags, userData )' failed in 'src/hostapi/alsa/pa_linux_alsa.c', line: 2839
Expression 'ret' failed in 'src/hostapi/alsa/pa_linux_alsa.c', line: 1736
Expression 'AlsaOpen( &alsaApi->baseHostApiRep, params, streamDir, &self->pcm )' failed in 'src/hostapi/alsa/pa_linux_alsa.c', line: 1904
Expression 'PaAlsaStreamComponent_Initialize( &self->capture, alsaApi, inParams, StreamDirection_In, NULL != callback )' failed in 'src/hostapi/alsa/pa_linux_alsa.c', line: 2171
Expression 'PaAlsaStream_Initialize( stream, alsaHostApi, inputParameters, outputParameters, sampleRate, framesPerBuffer, callback, streamFlags, userData )' failed in 'src/hostapi/alsa/pa_linux_alsa.c', line: 2839
Expression 'ret' failed in 'src/hostapi/alsa/pa_linux_alsa.c', line: 1736
Expression 'AlsaOpen( &alsaApi->baseHostApiRep, params, streamDir, &self->pcm )' failed in 'src/hostapi/alsa/pa_linux_alsa.c', line: 1904
Expression 'PaAlsaStreamComponent_Initialize( &self->capture, alsaApi, inParams, StreamDirection_In, NULL != callback )' failed in 'src/hostapi/alsa/pa_linux_alsa.c', line: 2171
Expression 'PaAlsaStream_Initialize( stream, alsaHostApi, inputParameters, outputParameters, sampleRate, framesPerBuffer, callback, streamFlags, userData )' failed in 'src/hostapi/alsa/pa_linux_alsa.c', line: 2839
Error: Can't open display: (null)
Failed creating new xdo instance
Expression 'ret' failed in 'src/hostapi/alsa/pa_linux_alsa.c', line: 1736
Expression 'AlsaOpen( &alsaApi->baseHostApiRep, params, streamDir, &self->pcm )' failed in 'src/hostapi/alsa/pa_linux_alsa.c', line: 1904
Expression 'PaAlsaStreamComponent_Initialize( &self->capture, alsaApi, inParams, StreamDirection_In, NULL != callback )' failed in 'src/hostapi/alsa/pa_linux_alsa.c', line: 2171
Expression 'PaAlsaStream_Initialize( stream, alsaHostApi, inputParameters, outputParameters, sampleRate, framesPerBuffer, callback, streamFlags, userData )' failed in 'src/hostapi/alsa/pa_linux_alsa.c', line: 2839
Expression 'ret' failed in 'src/hostapi/alsa/pa_linux_alsa.c', line: 1736
Expression 'AlsaOpen( &alsaApi->baseHostApiRep, params, streamDir, &self->pcm )' failed in 'src/hostapi/alsa/pa_linux_alsa.c', line: 1904
Expression 'PaAlsaStreamComponent_Initialize( &self->capture, alsaApi, inParams, StreamDirection_In, NULL != callback )' failed in 'src/hostapi/alsa/pa_linux_alsa.c', line: 2171
Expression 'PaAlsaStream_Initialize( stream, alsaHostApi, inputParameters, outputParameters, sampleRate, framesPerBuffer, callback, streamFlags, userData )' failed in 'src/hostapi/alsa/pa_linux_alsa.c', line: 2839
Expression 'ret' failed in 'src/hostapi/alsa/pa_linux_alsa.c', line: 1736
Expression 'AlsaOpen( &alsaApi->baseHostApiRep, params, streamDir, &self->pcm )' failed in 'src/hostapi/alsa/pa_linux_alsa.c', line: 1904
Expression 'PaAlsaStreamComponent_Initialize( &self->capture, alsaApi, inParams, StreamDirection_In, NULL != callback )' failed in 'src/hostapi/alsa/pa_linux_alsa.c', line: 2171
Expression 'PaAlsaStream_Initialize( stream, alsaHostApi, inputParameters, outputParameters, sampleRate, framesPerBuffer, callback, streamFlags, userData )' failed in 'src/hostapi/alsa/pa_linux_alsa.c', line: 2839
Error: Can't open display: (null)
Failed creating new xdo instance
Error: Can't open display: (null)
Failed creating new xdo instance
Expression 'ret' failed in 'src/hostapi/alsa/pa_linux_alsa.c', line: 1736
Expression 'AlsaOpen( &alsaApi->baseHostApiRep, params, streamDir, &self->pcm )' failed in 'src/hostapi/alsa/pa_linux_alsa.c', line: 1904
Expression 'PaAlsaStreamComponent_Initialize( &self->capture, alsaApi, inParams, StreamDirection_In, NULL != callback )' failed in 'src/hostapi/alsa/pa_linux_alsa.c', line: 2171
Expression 'PaAlsaStream_Initialize( stream, alsaHostApi, inputParameters, outputParameters, sampleRate, framesPerBuffer, callback, streamFlags, userData )' failed in 'src/hostapi/alsa/pa_linux_alsa.c', line: 2839
Expression 'ret' failed in 'src/hostapi/alsa/pa_linux_alsa.c', line: 1736
Expression 'AlsaOpen( &alsaApi->baseHostApiRep, params, streamDir, &self->pcm )' failed in 'src/hostapi/alsa/pa_linux_alsa.c', line: 1904
Expression 'PaAlsaStreamComponent_Initialize( &self->capture, alsaApi, inParams, StreamDirection_In, NULL != callback )' failed in 'src/hostapi/alsa/pa_linux_alsa.c', line: 2171
Expression 'PaAlsaStream_Initialize( stream, alsaHostApi, inputParameters, outputParameters, sampleRate, framesPerBuffer, callback, streamFlags, userData )' failed in 'src/hostapi/alsa/pa_linux_alsa.c', line: 2839
Expression 'ret' failed in 'src/hostapi/alsa/pa_linux_alsa.c', line: 1736
Expression 'AlsaOpen( &alsaApi->baseHostApiRep, params, streamDir, &self->pcm )' failed in 'src/hostapi/alsa/pa_linux_alsa.c', line: 1904
Expression 'PaAlsaStreamComponent_Initialize( &self->capture, alsaApi, inParams, StreamDirection_In, NULL != callback )' failed in 'src/hostapi/alsa/pa_linux_alsa.c', line: 2171
Expression 'PaAlsaStream_Initialize( stream, alsaHostApi, inputParameters, outputParameters, sampleRate, framesPerBuffer, callback, streamFlags, userData )' failed in 'src/hostapi/alsa/pa_linux_alsa.c', line: 2839
Expression 'ret' failed in 'src/hostapi/alsa/pa_linux_alsa.c', line: 1736
Expression 'AlsaOpen( &alsaApi->baseHostApiRep, params, streamDir, &self->pcm )' failed in 'src/hostapi/alsa/pa_linux_alsa.c', line: 1904
Expression 'PaAlsaStreamComponent_Initialize( &self->capture, alsaApi, inParams, StreamDirection_In, NULL != callback )' failed in 'src/hostapi/alsa/pa_linux_alsa.c', line: 2171
Expression 'PaAlsaStream_Initialize( stream, alsaHostApi, inputParameters, outputParameters, sampleRate, framesPerBuffer, callback, streamFlags, userData )' failed in 'src/hostapi/alsa/pa_linux_alsa.c', line: 2839
Error: Can't open display: (null)
Failed creating new xdo instance
Expression 'ret' failed in 'src/hostapi/alsa/pa_linux_alsa.c', line: 1736
Expression 'AlsaOpen( &alsaApi->baseHostApiRep, params, streamDir, &self->pcm )' failed in 'src/hostapi/alsa/pa_linux_alsa.c', line: 1904
Expression 'PaAlsaStreamComponent_Initialize( &self->capture, alsaApi, inParams, StreamDirection_In, NULL != callback )' failed in 'src/hostapi/alsa/pa_linux_alsa.c', line: 2171
Expression 'PaAlsaStream_Initialize( stream, alsaHostApi, inputParameters, outputParameters, sampleRate, framesPerBuffer, callback, streamFlags, userData )' failed in 'src/hostapi/alsa/pa_linux_alsa.c', line: 2839
Expression 'ret' failed in 'src/hostapi/alsa/pa_linux_alsa.c', line: 1736
Expression 'AlsaOpen( &alsaApi->baseHostApiRep, params, streamDir, &self->pcm )' failed in 'src/hostapi/alsa/pa_linux_alsa.c', line: 1904
Expression 'PaAlsaStreamComponent_Initialize( &self->capture, alsaApi, inParams, StreamDirection_In, NULL != callback )' failed in 'src/hostapi/alsa/pa_linux_alsa.c', line: 2171
Expression 'PaAlsaStream_Initialize( stream, alsaHostApi, inputParameters, outputParameters, sampleRate, framesPerBuffer, callback, streamFlags, userData )' failed in 'src/hostapi/alsa/pa_linux_alsa.c', line: 2839
Expression 'ret' failed in 'src/hostapi/alsa/pa_linux_alsa.c', line: 1736
Expression 'AlsaOpen( &alsaApi->baseHostApiRep, params, streamDir, &self->pcm )' failed in 'src/hostapi/alsa/pa_linux_alsa.c', line: 1904
Expression 'PaAlsaStreamComponent_Initialize( &self->capture, alsaApi, inParams, StreamDirection_In, NULL != callback )' failed in 'src/hostapi/alsa/pa_linux_alsa.c', line: 2171
Expression 'PaAlsaStream_Initialize( stream, alsaHostApi, inputParameters, outputParameters, sampleRate, framesPerBuffer, callback, streamFlags, userData )' failed in 'src/hostapi/alsa/pa_linux_alsa.c', line: 2839
Expression 'ret' failed in 'src/hostapi/alsa/pa_linux_alsa.c', line: 1736
Expression 'AlsaOpen( &alsaApi->baseHostApiRep, params, streamDir, &self->pcm )' failed in 'src/hostapi/alsa/pa_linux_alsa.c', line: 1904
Expression 'PaAlsaStreamComponent_Initialize( &self->capture, alsaApi, inParams, StreamDirection_In, NULL != callback )' failed in 'src/hostapi/alsa/pa_linux_alsa.c', line: 2171
Expression 'PaAlsaStream_Initialize( stream, alsaHostApi, inputParameters, outputParameters, sampleRate, framesPerBuffer, callback, streamFlags, userData )' failed in 'src/hostapi/alsa/pa_linux_alsa.c', line: 2839
Error: Can't open display: (null)
Failed creating new xdo instance
Expression 'ret' failed in 'src/hostapi/alsa/pa_linux_alsa.c', line: 1736
Expression 'AlsaOpen( &alsaApi->baseHostApiRep, params, streamDir, &self->pcm )' failed in 'src/hostapi/alsa/pa_linux_alsa.c', line: 1904
Expression 'PaAlsaStreamComponent_Initialize( &self->capture, alsaApi, inParams, StreamDirection_In, NULL != callback )' failed in 'src/hostapi/alsa/pa_linux_alsa.c', line: 2171
Expression 'PaAlsaStream_Initialize( stream, alsaHostApi, inputParameters, outputParameters, sampleRate, framesPerBuffer, callback, streamFlags, userData )' failed in 'src/hostapi/alsa/pa_linux_alsa.c', line: 2839
Expression 'ret' failed in 'src/hostapi/alsa/pa_linux_alsa.c', line: 1736
Expression 'AlsaOpen( &alsaApi->baseHostApiRep, params, streamDir, &self->pcm )' failed in 'src/hostapi/alsa/pa_linux_alsa.c', line: 1904
Expression 'PaAlsaStreamComponent_Initialize( &self->capture, alsaApi, inParams, StreamDirection_In, NULL != callback )' failed in 'src/hostapi/alsa/pa_linux_alsa.c', line: 2171
Expression 'PaAlsaStream_Initialize( stream, alsaHostApi, inputParameters, outputParameters, sampleRate, framesPerBuffer, callback, streamFlags, userData )' failed in 'src/hostapi/alsa/pa_linux_alsa.c', line: 2839
Expression 'ret' failed in 'src/hostapi/alsa/pa_linux_alsa.c', line: 1736
Expression 'AlsaOpen( &alsaApi->baseHostApiRep, params, streamDir, &self->pcm )' failed in 'src/hostapi/alsa/pa_linux_alsa.c', line: 1904
Expression 'PaAlsaStreamComponent_Initialize( &self->capture, alsaApi, inParams, StreamDirection_In, NULL != callback )' failed in 'src/hostapi/alsa/pa_linux_alsa.c', line: 2171
Expression 'PaAlsaStream_Initialize( stream, alsaHostApi, inputParameters, outputParameters, sampleRate, framesPerBuffer, callback, streamFlags, userData )' failed in 'src/hostapi/alsa/pa_linux_alsa.c', line: 2839
Expression 'ret' failed in 'src/hostapi/alsa/pa_linux_alsa.c', line: 1736
Expression 'AlsaOpen( &alsaApi->baseHostApiRep, params, streamDir, &self->pcm )' failed in 'src/hostapi/alsa/pa_linux_alsa.c', line: 1904
Expression 'PaAlsaStreamComponent_Initialize( &self->capture, alsaApi, inParams, StreamDirection_In, NULL != callback )' failed in 'src/hostapi/alsa/pa_linux_alsa.c', line: 2171
Expression 'PaAlsaStream_Initialize( stream, alsaHostApi, inputParameters, outputParameters, sampleRate, framesPerBuffer, callback, streamFlags, userData )' failed in 'src/hostapi/alsa/pa_linux_alsa.c', line: 2839
Expression 'ret' failed in 'src/hostapi/alsa/pa_linux_alsa.c', line: 1736
Expression 'AlsaOpen( &alsaApi->baseHostApiRep, params, streamDir, &self->pcm )' failed in 'src/hostapi/alsa/pa_linux_alsa.c', line: 1904
Expression 'PaAlsaStreamComponent_Initialize( &self->capture, alsaApi, inParams, StreamDirection_In, NULL != callback )' failed in 'src/hostapi/alsa/pa_linux_alsa.c', line: 2171
Expression 'PaAlsaStream_Initialize( stream, alsaHostApi, inputParameters, outputParameters, sampleRate, framesPerBuffer, callback, streamFlags, userData )' failed in 'src/hostapi/alsa/pa_linux_alsa.c', line: 2839
Error: Can't open display: (null)
Failed creating new xdo instance
Expression 'ret' failed in 'src/hostapi/alsa/pa_linux_alsa.c', line: 1736
Expression 'AlsaOpen( &alsaApi->baseHostApiRep, params, streamDir, &self->pcm )' failed in 'src/hostapi/alsa/pa_linux_alsa.c', line: 1904
Expression 'PaAlsaStreamComponent_Initialize( &self->capture, alsaApi, inParams, StreamDirection_In, NULL != callback )' failed in 'src/hostapi/alsa/pa_linux_alsa.c', line: 2171
Expression 'PaAlsaStream_Initialize( stream, alsaHostApi, inputParameters, outputParameters, sampleRate, framesPerBuffer, callback, streamFlags, userData )' failed in 'src/hostapi/alsa/pa_linux_alsa.c', line: 2839
Expression 'ret' failed in 'src/hostapi/alsa/pa_linux_alsa.c', line: 1736
Expression 'AlsaOpen( &alsaApi->baseHostApiRep, params, streamDir, &self->pcm )' failed in 'src/hostapi/alsa/pa_linux_alsa.c', line: 1904
Expression 'PaAlsaStreamComponent_Initialize( &self->capture, alsaApi, inParams, StreamDirection_In, NULL != callback )' failed in 'src/hostapi/alsa/pa_linux_alsa.c', line: 2171
Expression 'PaAlsaStream_Initialize( stream, alsaHostApi, inputParameters, outputParameters, sampleRate, framesPerBuffer, callback, streamFlags, userData )' failed in 'src/hostapi/alsa/pa_linux_alsa.c', line: 2839
Expression 'ret' failed in 'src/hostapi/alsa/pa_linux_alsa.c', line: 1736
Expression 'AlsaOpen( &alsaApi->baseHostApiRep, params, streamDir, &self->pcm )' failed in 'src/hostapi/alsa/pa_linux_alsa.c', line: 1904
Expression 'PaAlsaStreamComponent_Initialize( &self->capture, alsaApi, inParams, StreamDirection_In, NULL != callback )' failed in 'src/hostapi/alsa/pa_linux_alsa.c', line: 2171
Expression 'PaAlsaStream_Initialize( stream, alsaHostApi, inputParameters, outputParameters, sampleRate, framesPerBuffer, callback, streamFlags, userData )' failed in 'src/hostapi/alsa/pa_linux_alsa.c', line: 2839
Expression 'ret' failed in 'src/hostapi/alsa/pa_linux_alsa.c', line: 1736
Expression 'AlsaOpen( &alsaApi->baseHostApiRep, params, streamDir, &self->pcm )' failed in 'src/hostapi/alsa/pa_linux_alsa.c', line: 1904
Expression 'PaAlsaStreamComponent_Initialize( &self->capture, alsaApi, inParams, StreamDirection_In, NULL != callback )' failed in 'src/hostapi/alsa/pa_linux_alsa.c', line: 2171
Expression 'PaAlsaStream_Initialize( stream, alsaHostApi, inputParameters, outputParameters, sampleRate, framesPerBuffer, callback, streamFlags, userData )' failed in 'src/hostapi/alsa/pa_linux_alsa.c', line: 2839
Expression 'ret' failed in 'src/hostapi/alsa/pa_linux_alsa.c', line: 1736
Expression 'AlsaOpen( &alsaApi->baseHostApiRep, params, streamDir, &self->pcm )' failed in 'src/hostapi/alsa/pa_linux_alsa.c', line: 1904
Expression 'PaAlsaStreamComponent_Initialize( &self->capture, alsaApi, inParams, StreamDirection_In, NULL != callback )' failed in 'src/hostapi/alsa/pa_linux_alsa.c', line: 2171
Expression 'PaAlsaStream_Initialize( stream, alsaHostApi, inputParameters, outputParameters, sampleRate, framesPerBuffer, callback, streamFlags, userData )' failed in 'src/hostapi/alsa/pa_linux_alsa.c', line: 2839
Error: Can't open display: (null)
Failed creating new xdo instance
Expression 'ret' failed in 'src/hostapi/alsa/pa_linux_alsa.c', line: 1736
Expression 'AlsaOpen( &alsaApi->baseHostApiRep, params, streamDir, &self->pcm )' failed in 'src/hostapi/alsa/pa_linux_alsa.c', line: 1904
Expression 'PaAlsaStreamComponent_Initialize( &self->capture, alsaApi, inParams, StreamDirection_In, NULL != callback )' failed in 'src/hostapi/alsa/pa_linux_alsa.c', line: 2171
Expression 'PaAlsaStream_Initialize( stream, alsaHostApi, inputParameters, outputParameters, sampleRate, framesPerBuffer, callback, streamFlags, userData )' failed in 'src/hostapi/alsa/pa_linux_alsa.c', line: 2839
Expression 'ret' failed in 'src/hostapi/alsa/pa_linux_alsa.c', line: 1736
Expression 'AlsaOpen( &alsaApi->baseHostApiRep, params, streamDir, &self->pcm )' failed in 'src/hostapi/alsa/pa_linux_alsa.c', line: 1904
Expression 'PaAlsaStreamComponent_Initialize( &self->capture, alsaApi, inParams, StreamDirection_In, NULL != callback )' failed in 'src/hostapi/alsa/pa_linux_alsa.c', line: 2171
Expression 'PaAlsaStream_Initialize( stream, alsaHostApi, inputParameters, outputParameters, sampleRate, framesPerBuffer, callback, streamFlags, userData )' failed in 'src/hostapi/alsa/pa_linux_alsa.c', line: 2839
Expression 'ret' failed in 'src/hostapi/alsa/pa_linux_alsa.c', line: 1736
Expression 'AlsaOpen( &alsaApi->baseHostApiRep, params, streamDir, &self->pcm )' failed in 'src/hostapi/alsa/pa_linux_alsa.c', line: 1904
Expression 'PaAlsaStreamComponent_Initialize( &self->capture, alsaApi, inParams, StreamDirection_In, NULL != callback )' failed in 'src/hostapi/alsa/pa_linux_alsa.c', line: 2171
Expression 'PaAlsaStream_Initialize( stream, alsaHostApi, inputParameters, outputParameters, sampleRate, framesPerBuffer, callback, streamFlags, userData )' failed in 'src/hostapi/alsa/pa_linux_alsa.c', line: 2839
Expression 'ret' failed in 'src/hostapi/alsa/pa_linux_alsa.c', line: 1736
Expression 'AlsaOpen( &alsaApi->baseHostApiRep, params, streamDir, &self->pcm )' failed in 'src/hostapi/alsa/pa_linux_alsa.c', line: 1904
Expression 'PaAlsaStreamComponent_Initialize( &self->capture, alsaApi, inParams, StreamDirection_In, NULL != callback )' failed in 'src/hostapi/alsa/pa_linux_alsa.c', line: 2171
Expression 'PaAlsaStream_Initialize( stream, alsaHostApi, inputParameters, outputParameters, sampleRate, framesPerBuffer, callback, streamFlags, userData )' failed in 'src/hostapi/alsa/pa_linux_alsa.c', line: 2839
Error: Can't open display: (null)
Failed creating new xdo instance
Expression 'ret' failed in 'src/hostapi/alsa/pa_linux_alsa.c', line: 1736
Expression 'AlsaOpen( &alsaApi->baseHostApiRep, params, streamDir, &self->pcm )' failed in 'src/hostapi/alsa/pa_linux_alsa.c', line: 1904
Expression 'PaAlsaStreamComponent_Initialize( &self->capture, alsaApi, inParams, StreamDirection_In, NULL != callback )' failed in 'src/hostapi/alsa/pa_linux_alsa.c', line: 2171
Expression 'PaAlsaStream_Initialize( stream, alsaHostApi, inputParameters, outputParameters, sampleRate, framesPerBuffer, callback, streamFlags, userData )' failed in 'src/hostapi/alsa/pa_linux_alsa.c', line: 2839
Expression 'ret' failed in 'src/hostapi/alsa/pa_linux_alsa.c', line: 1736
Expression 'AlsaOpen( &alsaApi->baseHostApiRep, params, streamDir, &self->pcm )' failed in 'src/hostapi/alsa/pa_linux_alsa.c', line: 1904
Expression 'PaAlsaStreamComponent_Initialize( &self->capture, alsaApi, inParams, StreamDirection_In, NULL != callback )' failed in 'src/hostapi/alsa/pa_linux_alsa.c', line: 2171
Expression 'PaAlsaStream_Initialize( stream, alsaHostApi, inputParameters, outputParameters, sampleRate, framesPerBuffer, callback, streamFlags, userData )' failed in 'src/hostapi/alsa/pa_linux_alsa.c', line: 2839
Expression 'ret' failed in 'src/hostapi/alsa/pa_linux_alsa.c', line: 1736
Expression 'AlsaOpen( &alsaApi->baseHostApiRep, params, streamDir, &self->pcm )' failed in 'src/hostapi/alsa/pa_linux_alsa.c', line: 1904
Expression 'PaAlsaStreamComponent_Initialize( &self->capture, alsaApi, inParams, StreamDirection_In, NULL != callback )' failed in 'src/hostapi/alsa/pa_linux_alsa.c', line: 2171
Expression 'PaAlsaStream_Initialize( stream, alsaHostApi, inputParameters, outputParameters, sampleRate, framesPerBuffer, callback, streamFlags, userData )' failed in 'src/hostapi/alsa/pa_linux_alsa.c', line: 2839
Expression 'ret' failed in 'src/hostapi/alsa/pa_linux_alsa.c', line: 1736
Expression 'AlsaOpen( &alsaApi->baseHostApiRep, params, streamDir, &self->pcm )' failed in 'src/hostapi/alsa/pa_linux_alsa.c', line: 1904
Expression 'PaAlsaStreamComponent_Initialize( &self->capture, alsaApi, inParams, StreamDirection_In, NULL != callback )' failed in 'src/hostapi/alsa/pa_linux_alsa.c', line: 2171
Expression 'PaAlsaStream_Initialize( stream, alsaHostApi, inputParameters, outputParameters, sampleRate, framesPerBuffer, callback, streamFlags, userData )' failed in 'src/hostapi/alsa/pa_linux_alsa.c', line: 2839
Error: Can't open display: (null)
Failed creating new xdo instance
Expression 'ret' failed in 'src/hostapi/alsa/pa_linux_alsa.c', line: 1736
Expression 'AlsaOpen( &alsaApi->baseHostApiRep, params, streamDir, &self->pcm )' failed in 'src/hostapi/alsa/pa_linux_alsa.c', line: 1904
Expression 'PaAlsaStreamComponent_Initialize( &self->capture, alsaApi, inParams, StreamDirection_In, NULL != callback )' failed in 'src/hostapi/alsa/pa_linux_alsa.c', line: 2171
Expression 'PaAlsaStream_Initialize( stream, alsaHostApi, inputParameters, outputParameters, sampleRate, framesPerBuffer, callback, streamFlags, userData )' failed in 'src/hostapi/alsa/pa_linux_alsa.c', line: 2839
Expression 'ret' failed in 'src/hostapi/alsa/pa_linux_alsa.c', line: 1736
Expression 'AlsaOpen( &alsaApi->baseHostApiRep, params, streamDir, &self->pcm )' failed in 'src/hostapi/alsa/pa_linux_alsa.c', line: 1904
Expression 'PaAlsaStreamComponent_Initialize( &self->capture, alsaApi, inParams, StreamDirection_In, NULL != callback )' failed in 'src/hostapi/alsa/pa_linux_alsa.c', line: 2171
Expression 'PaAlsaStream_Initialize( stream, alsaHostApi, inputParameters, outputParameters, sampleRate, framesPerBuffer, callback, streamFlags, userData )' failed in 'src/hostapi/alsa/pa_linux_alsa.c', line: 2839
Expression 'ret' failed in 'src/hostapi/alsa/pa_linux_alsa.c', line: 1736
Expression 'AlsaOpen( &alsaApi->baseHostApiRep, params, streamDir, &self->pcm )' failed in 'src/hostapi/alsa/pa_linux_alsa.c', line: 1904
Expression 'PaAlsaStreamComponent_Initialize( &self->capture, alsaApi, inParams, StreamDirection_In, NULL != callback )' failed in 'src/hostapi/alsa/pa_linux_alsa.c', line: 2171
Expression 'PaAlsaStream_Initialize( stream, alsaHostApi, inputParameters, outputParameters, sampleRate, framesPerBuffer, callback, streamFlags, userData )' failed in 'src/hostapi/alsa/pa_linux_alsa.c', line: 2839
Expression 'ret' failed in 'src/hostapi/alsa/pa_linux_alsa.c', line: 1736
Expression 'AlsaOpen( &alsaApi->baseHostApiRep, params, streamDir, &self->pcm )' failed in 'src/hostapi/alsa/pa_linux_alsa.c', line: 1904
Expression 'PaAlsaStreamComponent_Initialize( &self->capture, alsaApi, inParams, StreamDirection_In, NULL != callback )' failed in 'src/hostapi/alsa/pa_linux_alsa.c', line: 2171
Expression 'PaAlsaStream_Initialize( stream, alsaHostApi, inputParameters, outputParameters, sampleRate, framesPerBuffer, callback, streamFlags, userData )' failed in 'src/hostapi/alsa/pa_linux_alsa.c', line: 2839
Error: Can't open display: (null)
Failed creating new xdo instance
Expression 'ret' failed in 'src/hostapi/alsa/pa_linux_alsa.c', line: 1736
Expression 'AlsaOpen( &alsaApi->baseHostApiRep, params, streamDir, &self->pcm )' failed in 'src/hostapi/alsa/pa_linux_alsa.c', line: 1904
Expression 'PaAlsaStreamComponent_Initialize( &self->capture, alsaApi, inParams, StreamDirection_In, NULL != callback )' failed in 'src/hostapi/alsa/pa_linux_alsa.c', line: 2171
Expression 'PaAlsaStream_Initialize( stream, alsaHostApi, inputParameters, outputParameters, sampleRate, framesPerBuffer, callback, streamFlags, userData )' failed in 'src/hostapi/alsa/pa_linux_alsa.c', line: 2839
Error: Can't open display: (null)
Failed creating new xdo instance
Expression 'ret' failed in 'src/hostapi/alsa/pa_linux_alsa.c', line: 1736
Expression 'AlsaOpen( &alsaApi->baseHostApiRep, params, streamDir, &self->pcm )' failed in 'src/hostapi/alsa/pa_linux_alsa.c', line: 1904
Expression 'PaAlsaStreamComponent_Initialize( &self->capture, alsaApi, inParams, StreamDirection_In, NULL != callback )' failed in 'src/hostapi/alsa/pa_linux_alsa.c', line: 2171
Expression 'PaAlsaStream_Initialize( stream, alsaHostApi, inputParameters, outputParameters, sampleRate, framesPerBuffer, callback, streamFlags, userData )' failed in 'src/hostapi/alsa/pa_linux_alsa.c', line: 2839
Expression 'ret' failed in 'src/hostapi/alsa/pa_linux_alsa.c', line: 1736
Expression 'AlsaOpen( &alsaApi->baseHostApiRep, params, streamDir, &self->pcm )' failed in 'src/hostapi/alsa/pa_linux_alsa.c', line: 1904
Expression 'PaAlsaStreamComponent_Initialize( &self->capture, alsaApi, inParams, StreamDirection_In, NULL != callback )' failed in 'src/hostapi/alsa/pa_linux_alsa.c', line: 2171
Expression 'PaAlsaStream_Initialize( stream, alsaHostApi, inputParameters, outputParameters, sampleRate, framesPerBuffer, callback, streamFlags, userData )' failed in 'src/hostapi/alsa/pa_linux_alsa.c', line: 2839
Expression 'ret' failed in 'src/hostapi/alsa/pa_linux_alsa.c', line: 1736
Expression 'AlsaOpen( &alsaApi->baseHostApiRep, params, streamDir, &self->pcm )' failed in 'src/hostapi/alsa/pa_linux_alsa.c', line: 1904
Expression 'PaAlsaStreamComponent_Initialize( &self->capture, alsaApi, inParams, StreamDirection_In, NULL != callback )' failed in 'src/hostapi/alsa/pa_linux_alsa.c', line: 2171
Expression 'PaAlsaStream_Initialize( stream, alsaHostApi, inputParameters, outputParameters, sampleRate, framesPerBuffer, callback, streamFlags, userData )' failed in 'src/hostapi/alsa/pa_linux_alsa.c', line: 2839
xcb_connection_has_error() returned true
xcb_connection_has_error() returned true
Error: Can't open display: (null)
Failed creating new xdo instance
Expression 'ret' failed in 'src/hostapi/alsa/pa_linux_alsa.c', line: 1736
Expression 'AlsaOpen( &alsaApi->baseHostApiRep, params, streamDir, &self->pcm )' failed in 'src/hostapi/alsa/pa_linux_alsa.c', line: 1904
Expression 'PaAlsaStreamComponent_Initialize( &self->capture, alsaApi, inParams, StreamDirection_In, NULL != callback )' failed in 'src/hostapi/alsa/pa_linux_alsa.c', line: 2171
Expression 'PaAlsaStream_Initialize( stream, alsaHostApi, inputParameters, outputParameters, sampleRate, framesPerBuffer, callback, streamFlags, userData )' failed in 'src/hostapi/alsa/pa_linux_alsa.c', line: 2839
Expression 'ret' failed in 'src/hostapi/alsa/pa_linux_alsa.c', line: 1736
Expression 'AlsaOpen( &alsaApi->baseHostApiRep, params, streamDir, &self->pcm )' failed in 'src/hostapi/alsa/pa_linux_alsa.c', line: 1904
Expression 'PaAlsaStreamComponent_Initialize( &self->capture, alsaApi, inParams, StreamDirection_In, NULL != callback )' failed in 'src/hostapi/alsa/pa_linux_alsa.c', line: 2171
Expression 'PaAlsaStream_Initialize( stream, alsaHostApi, inputParameters, outputParameters, sampleRate, framesPerBuffer, callback, streamFlags, userData )' failed in 'src/hostapi/alsa/pa_linux_alsa.c', line: 2839
Expression 'ret' failed in 'src/hostapi/alsa/pa_linux_alsa.c', line: 1736
Expression 'AlsaOpen( &alsaApi->baseHostApiRep, params, streamDir, &self->pcm )' failed in 'src/hostapi/alsa/pa_linux_alsa.c', line: 1904
Expression 'PaAlsaStreamComponent_Initialize( &self->capture, alsaApi, inParams, StreamDirection_In, NULL != callback )' failed in 'src/hostapi/alsa/pa_linux_alsa.c', line: 2171
Expression 'PaAlsaStream_Initialize( stream, alsaHostApi, inputParameters, outputParameters, sampleRate, framesPerBuffer, callback, streamFlags, userData )' failed in 'src/hostapi/alsa/pa_linux_alsa.c', line: 2839
Error: Can't open display: (null)
Failed creating new xdo instance
Expression 'ret' failed in 'src/hostapi/alsa/pa_linux_alsa.c', line: 1736
Expression 'AlsaOpen( &alsaApi->baseHostApiRep, params, streamDir, &self->pcm )' failed in 'src/hostapi/alsa/pa_linux_alsa.c', line: 1904
Expression 'PaAlsaStreamComponent_Initialize( &self->capture, alsaApi, inParams, StreamDirection_In, NULL != callback )' failed in 'src/hostapi/alsa/pa_linux_alsa.c', line: 2171
Expression 'PaAlsaStream_Initialize( stream, alsaHostApi, inputParameters, outputParameters, sampleRate, framesPerBuffer, callback, streamFlags, userData )' failed in 'src/hostapi/alsa/pa_linux_alsa.c', line: 2839
Error: Can't open display: (null)
Failed creating new xdo instance
Expression 'ret' failed in 'src/hostapi/alsa/pa_linux_alsa.c', line: 1736
Expression 'AlsaOpen( &alsaApi->baseHostApiRep, params, streamDir, &self->pcm )' failed in 'src/hostapi/alsa/pa_linux_alsa.c', line: 1904
Expression 'PaAlsaStreamComponent_Initialize( &self->capture, alsaApi, inParams, StreamDirection_In, NULL != callback )' failed in 'src/hostapi/alsa/pa_linux_alsa.c', line: 2171
Expression 'PaAlsaStream_Initialize( stream, alsaHostApi, inputParameters, outputParameters, sampleRate, framesPerBuffer, callback, streamFlags, userData )' failed in 'src/hostapi/alsa/pa_linux_alsa.c', line: 2839
Expression 'ret' failed in 'src/hostapi/alsa/pa_linux_alsa.c', line: 1736
Expression 'AlsaOpen( &alsaApi->baseHostApiRep, params, streamDir, &self->pcm )' failed in 'src/hostapi/alsa/pa_linux_alsa.c', line: 1904
Expression 'PaAlsaStreamComponent_Initialize( &self->capture, alsaApi, inParams, StreamDirection_In, NULL != callback )' failed in 'src/hostapi/alsa/pa_linux_alsa.c', line: 2171
Expression 'PaAlsaStream_Initialize( stream, alsaHostApi, inputParameters, outputParameters, sampleRate, framesPerBuffer, callback, streamFlags, userData )' failed in 'src/hostapi/alsa/pa_linux_alsa.c', line: 2839
Expression 'ret' failed in 'src/hostapi/alsa/pa_linux_alsa.c', line: 1736
Expression 'AlsaOpen( &alsaApi->baseHostApiRep, params, streamDir, &self->pcm )' failed in 'src/hostapi/alsa/pa_linux_alsa.c', line: 1904
Expression 'PaAlsaStreamComponent_Initialize( &self->capture, alsaApi, inParams, StreamDirection_In, NULL != callback )' failed in 'src/hostapi/alsa/pa_linux_alsa.c', line: 2171
Expression 'PaAlsaStream_Initialize( stream, alsaHostApi, inputParameters, outputParameters, sampleRate, framesPerBuffer, callback, streamFlags, userData )' failed in 'src/hostapi/alsa/pa_linux_alsa.c', line: 2839
Expression 'ret' failed in 'src/hostapi/alsa/pa_linux_alsa.c', line: 1736
Expression 'AlsaOpen( &alsaApi->baseHostApiRep, params, streamDir, &self->pcm )' failed in 'src/hostapi/alsa/pa_linux_alsa.c', line: 1904
Expression 'PaAlsaStreamComponent_Initialize( &self->capture, alsaApi, inParams, StreamDirection_In, NULL != callback )' failed in 'src/hostapi/alsa/pa_linux_alsa.c', line: 2171
Expression 'PaAlsaStream_Initialize( stream, alsaHostApi, inputParameters, outputParameters, sampleRate, framesPerBuffer, callback, streamFlags, userData )' failed in 'src/hostapi/alsa/pa_linux_alsa.c', line: 2839
Expression 'ret' failed in 'src/hostapi/alsa/pa_linux_alsa.c', line: 1736
Expression 'AlsaOpen( &alsaApi->baseHostApiRep, params, streamDir, &self->pcm )' failed in 'src/hostapi/alsa/pa_linux_alsa.c', line: 1904
Expression 'PaAlsaStreamComponent_Initialize( &self->capture, alsaApi, inParams, StreamDirection_In, NULL != callback )' failed in 'src/hostapi/alsa/pa_linux_alsa.c', line: 2171
Expression 'PaAlsaStream_Initialize( stream, alsaHostApi, inputParameters, outputParameters, sampleRate, framesPerBuffer, callback, streamFlags, userData )' failed in 'src/hostapi/alsa/pa_linux_alsa.c', line: 2839
Error: Can't open display: (null)
Failed creating new xdo instance
Expression 'ret' failed in 'src/hostapi/alsa/pa_linux_alsa.c', line: 1736
Expression 'AlsaOpen( &alsaApi->baseHostApiRep, params, streamDir, &self->pcm )' failed in 'src/hostapi/alsa/pa_linux_alsa.c', line: 1904
Expression 'PaAlsaStreamComponent_Initialize( &self->capture, alsaApi, inParams, StreamDirection_In, NULL != callback )' failed in 'src/hostapi/alsa/pa_linux_alsa.c', line: 2171
Expression 'PaAlsaStream_Initialize( stream, alsaHostApi, inputParameters, outputParameters, sampleRate, framesPerBuffer, callback, streamFlags, userData )' failed in 'src/hostapi/alsa/pa_linux_alsa.c', line: 2839
Expression 'ret' failed in 'src/hostapi/alsa/pa_linux_alsa.c', line: 1736
Expression 'AlsaOpen( &alsaApi->baseHostApiRep, params, streamDir, &self->pcm )' failed in 'src/hostapi/alsa/pa_linux_alsa.c', line: 1904
Expression 'PaAlsaStreamComponent_Initialize( &self->capture, alsaApi, inParams, StreamDirection_In, NULL != callback )' failed in 'src/hostapi/alsa/pa_linux_alsa.c', line: 2171
Expression 'PaAlsaStream_Initialize( stream, alsaHostApi, inputParameters, outputParameters, sampleRate, framesPerBuffer, callback, streamFlags, userData )' failed in 'src/hostapi/alsa/pa_linux_alsa.c', line: 2839
Expression 'ret' failed in 'src/hostapi/alsa/pa_linux_alsa.c', line: 1736
Expression 'AlsaOpen( &alsaApi->baseHostApiRep, params, streamDir, &self->pcm )' failed in 'src/hostapi/alsa/pa_linux_alsa.c', line: 1904
Expression 'PaAlsaStreamComponent_Initialize( &self->capture, alsaApi, inParams, StreamDirection_In, NULL != callback )' failed in 'src/hostapi/alsa/pa_linux_alsa.c', line: 2171
Expression 'PaAlsaStream_Initialize( stream, alsaHostApi, inputParameters, outputParameters, sampleRate, framesPerBuffer, callback, streamFlags, userData )' failed in 'src/hostapi/alsa/pa_linux_alsa.c', line: 2839
Expression 'ret' failed in 'src/hostapi/alsa/pa_linux_alsa.c', line: 1736
Expression 'AlsaOpen( &alsaApi->baseHostApiRep, params, streamDir, &self->pcm )' failed in 'src/hostapi/alsa/pa_linux_alsa.c', line: 1904
Expression 'PaAlsaStreamComponent_Initialize( &self->capture, alsaApi, inParams, StreamDirection_In, NULL != callback )' failed in 'src/hostapi/alsa/pa_linux_alsa.c', line: 2171
Expression 'PaAlsaStream_Initialize( stream, alsaHostApi, inputParameters, outputParameters, sampleRate, framesPerBuffer, callback, streamFlags, userData )' failed in 'src/hostapi/alsa/pa_linux_alsa.c', line: 2839
Error: Can't open display: (null)
Failed creating new xdo instance
Expression 'ret' failed in 'src/hostapi/alsa/pa_linux_alsa.c', line: 1736
Expression 'AlsaOpen( &alsaApi->baseHostApiRep, params, streamDir, &self->pcm )' failed in 'src/hostapi/alsa/pa_linux_alsa.c', line: 1904
Expression 'PaAlsaStreamComponent_Initialize( &self->capture, alsaApi, inParams, StreamDirection_In, NULL != callback )' failed in 'src/hostapi/alsa/pa_linux_alsa.c', line: 2171
Expression 'PaAlsaStream_Initialize( stream, alsaHostApi, inputParameters, outputParameters, sampleRate, framesPerBuffer, callback, streamFlags, userData )' failed in 'src/hostapi/alsa/pa_linux_alsa.c', line: 2839
Expression 'ret' failed in 'src/hostapi/alsa/pa_linux_alsa.c', line: 1736
Expression 'AlsaOpen( &alsaApi->baseHostApiRep, params, streamDir, &self->pcm )' failed in 'src/hostapi/alsa/pa_linux_alsa.c', line: 1904
Expression 'PaAlsaStreamComponent_Initialize( &self->capture, alsaApi, inParams, StreamDirection_In, NULL != callback )' failed in 'src/hostapi/alsa/pa_linux_alsa.c', line: 2171
Expression 'PaAlsaStream_Initialize( stream, alsaHostApi, inputParameters, outputParameters, sampleRate, framesPerBuffer, callback, streamFlags, userData )' failed in 'src/hostapi/alsa/pa_linux_alsa.c', line: 2839
Expression 'ret' failed in 'src/hostapi/alsa/pa_linux_alsa.c', line: 1736
Expression 'AlsaOpen( &alsaApi->baseHostApiRep, params, streamDir, &self->pcm )' failed in 'src/hostapi/alsa/pa_linux_alsa.c', line: 1904
Expression 'PaAlsaStreamComponent_Initialize( &self->capture, alsaApi, inParams, StreamDirection_In, NULL != callback )' failed in 'src/hostapi/alsa/pa_linux_alsa.c', line: 2171
Expression 'PaAlsaStream_Initialize( stream, alsaHostApi, inputParameters, outputParameters, sampleRate, framesPerBuffer, callback, streamFlags, userData )' failed in 'src/hostapi/alsa/pa_linux_alsa.c', line: 2839
Expression 'ret' failed in 'src/hostapi/alsa/pa_linux_alsa.c', line: 1736
Expression 'AlsaOpen( &alsaApi->baseHostApiRep, params, streamDir, &self->pcm )' failed in 'src/hostapi/alsa/pa_linux_alsa.c', line: 1904
Expression 'PaAlsaStreamComponent_Initialize( &self->capture, alsaApi, inParams, StreamDirection_In, NULL != callback )' failed in 'src/hostapi/alsa/pa_linux_alsa.c', line: 2171
Expression 'PaAlsaStream_Initialize( stream, alsaHostApi, inputParameters, outputParameters, sampleRate, framesPerBuffer, callback, streamFlags, userData )' failed in 'src/hostapi/alsa/pa_linux_alsa.c', line: 2839
Expression 'ret' failed in 'src/hostapi/alsa/pa_linux_alsa.c', line: 1736
Expression 'AlsaOpen( &alsaApi->baseHostApiRep, params, streamDir, &self->pcm )' failed in 'src/hostapi/alsa/pa_linux_alsa.c', line: 1904
Expression 'PaAlsaStreamComponent_Initialize( &self->capture, alsaApi, inParams, StreamDirection_In, NULL != callback )' failed in 'src/hostapi/alsa/pa_linux_alsa.c', line: 2171
Expression 'PaAlsaStream_Initialize( stream, alsaHostApi, inputParameters, outputParameters, sampleRate, framesPerBuffer, callback, streamFlags, userData )' failed in 'src/hostapi/alsa/pa_linux_alsa.c', line: 2839
Error: Can't open display: (null)
Failed creating new xdo instance
Expression 'ret' failed in 'src/hostapi/alsa/pa_linux_alsa.c', line: 1736
Expression 'AlsaOpen( &alsaApi->baseHostApiRep, params, streamDir, &self->pcm )' failed in 'src/hostapi/alsa/pa_linux_alsa.c', line: 1904
Expression 'PaAlsaStreamComponent_Initialize( &self->capture, alsaApi, inParams, StreamDirection_In, NULL != callback )' failed in 'src/hostapi/alsa/pa_linux_alsa.c', line: 2171
Expression 'PaAlsaStream_Initialize( stream, alsaHostApi, inputParameters, outputParameters, sampleRate, framesPerBuffer, callback, streamFlags, userData )' failed in 'src/hostapi/alsa/pa_linux_alsa.c', line: 2839
xcb_connection_has_error() returned true
xcb_connection_has_error() returned true
Error: Can't open display: (null)
Failed creating new xdo instance
Expression 'ret' failed in 'src/hostapi/alsa/pa_linux_alsa.c', line: 1736
Expression 'AlsaOpen( &alsaApi->baseHostApiRep, params, streamDir, &self->pcm )' failed in 'src/hostapi/alsa/pa_linux_alsa.c', line: 1904
Expression 'PaAlsaStreamComponent_Initialize( &self->capture, alsaApi, inParams, StreamDirection_In, NULL != callback )' failed in 'src/hostapi/alsa/pa_linux_alsa.c', line: 2171
Expression 'PaAlsaStream_Initialize( stream, alsaHostApi, inputParameters, outputParameters, sampleRate, framesPerBuffer, callback, streamFlags, userData )' failed in 'src/hostapi/alsa/pa_linux_alsa.c', line: 2839
Expression 'ret' failed in 'src/hostapi/alsa/pa_linux_alsa.c', line: 1736
Expression 'AlsaOpen( &alsaApi->baseHostApiRep, params, streamDir, &self->pcm )' failed in 'src/hostapi/alsa/pa_linux_alsa.c', line: 1904
Expression 'PaAlsaStreamComponent_Initialize( &self->capture, alsaApi, inParams, StreamDirection_In, NULL != callback )' failed in 'src/hostapi/alsa/pa_linux_alsa.c', line: 2171
Expression 'PaAlsaStream_Initialize( stream, alsaHostApi, inputParameters, outputParameters, sampleRate, framesPerBuffer, callback, streamFlags, userData )' failed in 'src/hostapi/alsa/pa_linux_alsa.c', line: 2839
Expression 'ret' failed in 'src/hostapi/alsa/pa_linux_alsa.c', line: 1736
Expression 'AlsaOpen( &alsaApi->baseHostApiRep, params, streamDir, &self->pcm )' failed in 'src/hostapi/alsa/pa_linux_alsa.c', line: 1904
Expression 'PaAlsaStreamComponent_Initialize( &self->capture, alsaApi, inParams, StreamDirection_In, NULL != callback )' failed in 'src/hostapi/alsa/pa_linux_alsa.c', line: 2171
Expression 'PaAlsaStream_Initialize( stream, alsaHostApi, inputParameters, outputParameters, sampleRate, framesPerBuffer, callback, streamFlags, userData )' failed in 'src/hostapi/alsa/pa_linux_alsa.c', line: 2839
Expression 'ret' failed in 'src/hostapi/alsa/pa_linux_alsa.c', line: 1736
Expression 'AlsaOpen( &alsaApi->baseHostApiRep, params, streamDir, &self->pcm )' failed in 'src/hostapi/alsa/pa_linux_alsa.c', line: 1904
Expression 'PaAlsaStreamComponent_Initialize( &self->capture, alsaApi, inParams, StreamDirection_In, NULL != callback )' failed in 'src/hostapi/alsa/pa_linux_alsa.c', line: 2171
Expression 'PaAlsaStream_Initialize( stream, alsaHostApi, inputParameters, outputParameters, sampleRate, framesPerBuffer, callback, streamFlags, userData )' failed in 'src/hostapi/alsa/pa_linux_alsa.c', line: 2839
Error: Can't open display: (null)
Failed creating new xdo instance
Expression 'ret' failed in 'src/hostapi/alsa/pa_linux_alsa.c', line: 1736
Expression 'AlsaOpen( &alsaApi->baseHostApiRep, params, streamDir, &self->pcm )' failed in 'src/hostapi/alsa/pa_linux_alsa.c', line: 1904
Expression 'PaAlsaStreamComponent_Initialize( &self->capture, alsaApi, inParams, StreamDirection_In, NULL != callback )' failed in 'src/hostapi/alsa/pa_linux_alsa.c', line: 2171
Expression 'PaAlsaStream_Initialize( stream, alsaHostApi, inputParameters, outputParameters, sampleRate, framesPerBuffer, callback, streamFlags, userData )' failed in 'src/hostapi/alsa/pa_linux_alsa.c', line: 2839
Expression 'ret' failed in 'src/hostapi/alsa/pa_linux_alsa.c', line: 1736
Expression 'AlsaOpen( &alsaApi->baseHostApiRep, params, streamDir, &self->pcm )' failed in 'src/hostapi/alsa/pa_linux_alsa.c', line: 1904
Expression 'PaAlsaStreamComponent_Initialize( &self->capture, alsaApi, inParams, StreamDirection_In, NULL != callback )' failed in 'src/hostapi/alsa/pa_linux_alsa.c', line: 2171
Expression 'PaAlsaStream_Initialize( stream, alsaHostApi, inputParameters, outputParameters, sampleRate, framesPerBuffer, callback, streamFlags, userData )' failed in 'src/hostapi/alsa/pa_linux_alsa.c', line: 2839
Expression 'ret' failed in 'src/hostapi/alsa/pa_linux_alsa.c', line: 1736
Expression 'AlsaOpen( &alsaApi->baseHostApiRep, params, streamDir, &self->pcm )' failed in 'src/hostapi/alsa/pa_linux_alsa.c', line: 1904
Expression 'PaAlsaStreamComponent_Initialize( &self->capture, alsaApi, inParams, StreamDirection_In, NULL != callback )' failed in 'src/hostapi/alsa/pa_linux_alsa.c', line: 2171
Expression 'PaAlsaStream_Initialize( stream, alsaHostApi, inputParameters, outputParameters, sampleRate, framesPerBuffer, callback, streamFlags, userData )' failed in 'src/hostapi/alsa/pa_linux_alsa.c', line: 2839
Expression 'ret' failed in 'src/hostapi/alsa/pa_linux_alsa.c', line: 1736
Expression 'AlsaOpen( &alsaApi->baseHostApiRep, params, streamDir, &self->pcm )' failed in 'src/hostapi/alsa/pa_linux_alsa.c', line: 1904
Expression 'PaAlsaStreamComponent_Initialize( &self->capture, alsaApi, inParams, StreamDirection_In, NULL != callback )' failed in 'src/hostapi/alsa/pa_linux_alsa.c', line: 2171
Expression 'PaAlsaStream_Initialize( stream, alsaHostApi, inputParameters, outputParameters, sampleRate, framesPerBuffer, callback, streamFlags, userData )' failed in 'src/hostapi/alsa/pa_linux_alsa.c', line: 2839
Error: Can't open display: (null)
Failed creating new xdo instance
Expression 'ret' failed in 'src/hostapi/alsa/pa_linux_alsa.c', line: 1736
Expression 'AlsaOpen( &alsaApi->baseHostApiRep, params, streamDir, &self->pcm )' failed in 'src/hostapi/alsa/pa_linux_alsa.c', line: 1904
Expression 'PaAlsaStreamComponent_Initialize( &self->capture, alsaApi, inParams, StreamDirection_In, NULL != callback )' failed in 'src/hostapi/alsa/pa_linux_alsa.c', line: 2171
Expression 'PaAlsaStream_Initialize( stream, alsaHostApi, inputParameters, outputParameters, sampleRate, framesPerBuffer, callback, streamFlags, userData )' failed in 'src/hostapi/alsa/pa_linux_alsa.c', line: 2839
Expression 'ret' failed in 'src/hostapi/alsa/pa_linux_alsa.c', line: 1736
Expression 'AlsaOpen( &alsaApi->baseHostApiRep, params, streamDir, &self->pcm )' failed in 'src/hostapi/alsa/pa_linux_alsa.c', line: 1904
Expression 'PaAlsaStreamComponent_Initialize( &self->capture, alsaApi, inParams, StreamDirection_In, NULL != callback )' failed in 'src/hostapi/alsa/pa_linux_alsa.c', line: 2171
Expression 'PaAlsaStream_Initialize( stream, alsaHostApi, inputParameters, outputParameters, sampleRate, framesPerBuffer, callback, streamFlags, userData )' failed in 'src/hostapi/alsa/pa_linux_alsa.c', line: 2839
Error: Can't open display: (null)
Failed creating new xdo instance
Expression 'ret' failed in 'src/hostapi/alsa/pa_linux_alsa.c', line: 1736
Expression 'AlsaOpen( &alsaApi->baseHostApiRep, params, streamDir, &self->pcm )' failed in 'src/hostapi/alsa/pa_linux_alsa.c', line: 1904
Expression 'PaAlsaStreamComponent_Initialize( &self->capture, alsaApi, inParams, StreamDirection_In, NULL != callback )' failed in 'src/hostapi/alsa/pa_linux_alsa.c', line: 2171
Expression 'PaAlsaStream_Initialize( stream, alsaHostApi, inputParameters, outputParameters, sampleRate, framesPerBuffer, callback, streamFlags, userData )' failed in 'src/hostapi/alsa/pa_linux_alsa.c', line: 2839
Expression 'ret' failed in 'src/hostapi/alsa/pa_linux_alsa.c', line: 1736
Expression 'AlsaOpen( &alsaApi->baseHostApiRep, params, streamDir, &self->pcm )' failed in 'src/hostapi/alsa/pa_linux_alsa.c', line: 1904
Expression 'PaAlsaStreamComponent_Initialize( &self->capture, alsaApi, inParams, StreamDirection_In, NULL != callback )' failed in 'src/hostapi/alsa/pa_linux_alsa.c', line: 2171
Expression 'PaAlsaStream_Initialize( stream, alsaHostApi, inputParameters, outputParameters, sampleRate, framesPerBuffer, callback, streamFlags, userData )' failed in 'src/hostapi/alsa/pa_linux_alsa.c', line: 2839
Expression 'ret' failed in 'src/hostapi/alsa/pa_linux_alsa.c', line: 1736
Expression 'AlsaOpen( &alsaApi->baseHostApiRep, params, streamDir, &self->pcm )' failed in 'src/hostapi/alsa/pa_linux_alsa.c', line: 1904
Expression 'PaAlsaStreamComponent_Initialize( &self->capture, alsaApi, inParams, StreamDirection_In, NULL != callback )' failed in 'src/hostapi/alsa/pa_linux_alsa.c', line: 2171
Expression 'PaAlsaStream_Initialize( stream, alsaHostApi, inputParameters, outputParameters, sampleRate, framesPerBuffer, callback, streamFlags, userData )' failed in 'src/hostapi/alsa/pa_linux_alsa.c', line: 2839
Expression 'ret' failed in 'src/hostapi/alsa/pa_linux_alsa.c', line: 1736
Expression 'AlsaOpen( &alsaApi->baseHostApiRep, params, streamDir, &self->pcm )' failed in 'src/hostapi/alsa/pa_linux_alsa.c', line: 1904
Expression 'PaAlsaStreamComponent_Initialize( &self->capture, alsaApi, inParams, StreamDirection_In, NULL != callback )' failed in 'src/hostapi/alsa/pa_linux_alsa.c', line: 2171
Expression 'PaAlsaStream_Initialize( stream, alsaHostApi, inputParameters, outputParameters, sampleRate, framesPerBuffer, callback, streamFlags, userData )' failed in 'src/hostapi/alsa/pa_linux_alsa.c', line: 2839
Expression 'ret' failed in 'src/hostapi/alsa/pa_linux_alsa.c', line: 1736
Expression 'AlsaOpen( &alsaApi->baseHostApiRep, params, streamDir, &self->pcm )' failed in 'src/hostapi/alsa/pa_linux_alsa.c', line: 1904
Expression 'PaAlsaStreamComponent_Initialize( &self->capture, alsaApi, inParams, StreamDirection_In, NULL != callback )' failed in 'src/hostapi/alsa/pa_linux_alsa.c', line: 2171
Expression 'PaAlsaStream_Initialize( stream, alsaHostApi, inputParameters, outputParameters, sampleRate, framesPerBuffer, callback, streamFlags, userData )' failed in 'src/hostapi/alsa/pa_linux_alsa.c', line: 2839
Error: Can't open display: (null)
Failed creating new xdo instance
Expression 'ret' failed in 'src/hostapi/alsa/pa_linux_alsa.c', line: 1736
Expression 'AlsaOpen( &alsaApi->baseHostApiRep, params, streamDir, &self->pcm )' failed in 'src/hostapi/alsa/pa_linux_alsa.c', line: 1904
Expression 'PaAlsaStreamComponent_Initialize( &self->capture, alsaApi, inParams, StreamDirection_In, NULL != callback )' failed in 'src/hostapi/alsa/pa_linux_alsa.c', line: 2171
Expression 'PaAlsaStream_Initialize( stream, alsaHostApi, inputParameters, outputParameters, sampleRate, framesPerBuffer, callback, streamFlags, userData )' failed in 'src/hostapi/alsa/pa_linux_alsa.c', line: 2839
Error: Can't open display: (null)
Failed creating new xdo instance
Expression 'ret' failed in 'src/hostapi/alsa/pa_linux_alsa.c', line: 1736
Expression 'AlsaOpen( &alsaApi->baseHostApiRep, params, streamDir, &self->pcm )' failed in 'src/hostapi/alsa/pa_linux_alsa.c', line: 1904
Expression 'PaAlsaStreamComponent_Initialize( &self->capture, alsaApi, inParams, StreamDirection_In, NULL != callback )' failed in 'src/hostapi/alsa/pa_linux_alsa.c', line: 2171
Expression 'PaAlsaStream_Initialize( stream, alsaHostApi, inputParameters, outputParameters, sampleRate, framesPerBuffer, callback, streamFlags, userData )' failed in 'src/hostapi/alsa/pa_linux_alsa.c', line: 2839
Expression 'ret' failed in 'src/hostapi/alsa/pa_linux_alsa.c', line: 1736
Expression 'AlsaOpen( &alsaApi->baseHostApiRep, params, streamDir, &self->pcm )' failed in 'src/hostapi/alsa/pa_linux_alsa.c', line: 1904
Expression 'PaAlsaStreamComponent_Initialize( &self->capture, alsaApi, inParams, StreamDirection_In, NULL != callback )' failed in 'src/hostapi/alsa/pa_linux_alsa.c', line: 2171
Expression 'PaAlsaStream_Initialize( stream, alsaHostApi, inputParameters, outputParameters, sampleRate, framesPerBuffer, callback, streamFlags, userData )' failed in 'src/hostapi/alsa/pa_linux_alsa.c', line: 2839
Expression 'ret' failed in 'src/hostapi/alsa/pa_linux_alsa.c', line: 1736
Expression 'AlsaOpen( &alsaApi->baseHostApiRep, params, streamDir, &self->pcm )' failed in 'src/hostapi/alsa/pa_linux_alsa.c', line: 1904
Expression 'PaAlsaStreamComponent_Initialize( &self->capture, alsaApi, inParams, StreamDirection_In, NULL != callback )' failed in 'src/hostapi/alsa/pa_linux_alsa.c', line: 2171
Expression 'PaAlsaStream_Initialize( stream, alsaHostApi, inputParameters, outputParameters, sampleRate, framesPerBuffer, callback, streamFlags, userData )' failed in 'src/hostapi/alsa/pa_linux_alsa.c', line: 2839
Error: Can't open display: (null)
Failed creating new xdo instance
Error: Can't open display: (null)
Failed creating new xdo instance
Error: Can't open display: (null)
Failed creating new xdo instance
Expression 'ret' failed in 'src/hostapi/alsa/pa_linux_alsa.c', line: 1736
Expression 'AlsaOpen( &alsaApi->baseHostApiRep, params, streamDir, &self->pcm )' failed in 'src/hostapi/alsa/pa_linux_alsa.c', line: 1904
Expression 'PaAlsaStreamComponent_Initialize( &self->capture, alsaApi, inParams, StreamDirection_In, NULL != callback )' failed in 'src/hostapi/alsa/pa_linux_alsa.c', line: 2171
Expression 'PaAlsaStream_Initialize( stream, alsaHostApi, inputParameters, outputParameters, sampleRate, framesPerBuffer, callback, streamFlags, userData )' failed in 'src/hostapi/alsa/pa_linux_alsa.c', line: 2839
Expression 'ret' failed in 'src/hostapi/alsa/pa_linux_alsa.c', line: 1736
Expression 'AlsaOpen( &alsaApi->baseHostApiRep, params, streamDir, &self->pcm )' failed in 'src/hostapi/alsa/pa_linux_alsa.c', line: 1904
Expression 'PaAlsaStreamComponent_Initialize( &self->capture, alsaApi, inParams, StreamDirection_In, NULL != callback )' failed in 'src/hostapi/alsa/pa_linux_alsa.c', line: 2171
Expression 'PaAlsaStream_Initialize( stream, alsaHostApi, inputParameters, outputParameters, sampleRate, framesPerBuffer, callback, streamFlags, userData )' failed in 'src/hostapi/alsa/pa_linux_alsa.c', line: 2839
Expression 'ret' failed in 'src/hostapi/alsa/pa_linux_alsa.c', line: 1736
Expression 'AlsaOpen( &alsaApi->baseHostApiRep, params, streamDir, &self->pcm )' failed in 'src/hostapi/alsa/pa_linux_alsa.c', line: 1904
Expression 'PaAlsaStreamComponent_Initialize( &self->capture, alsaApi, inParams, StreamDirection_In, NULL != callback )' failed in 'src/hostapi/alsa/pa_linux_alsa.c', line: 2171
Expression 'PaAlsaStream_Initialize( stream, alsaHostApi, inputParameters, outputParameters, sampleRate, framesPerBuffer, callback, streamFlags, userData )' failed in 'src/hostapi/alsa/pa_linux_alsa.c', line: 2839
Expression 'ret' failed in 'src/hostapi/alsa/pa_linux_alsa.c', line: 1736
Expression 'AlsaOpen( &alsaApi->baseHostApiRep, params, streamDir, &self->pcm )' failed in 'src/hostapi/alsa/pa_linux_alsa.c', line: 1904
Expression 'PaAlsaStreamComponent_Initialize( &self->capture, alsaApi, inParams, StreamDirection_In, NULL != callback )' failed in 'src/hostapi/alsa/pa_linux_alsa.c', line: 2171
Expression 'PaAlsaStream_Initialize( stream, alsaHostApi, inputParameters, outputParameters, sampleRate, framesPerBuffer, callback, streamFlags, userData )' failed in 'src/hostapi/alsa/pa_linux_alsa.c', line: 2839
Error: Can't open display: (null)
Failed creating new xdo instance
Expression 'ret' failed in 'src/hostapi/alsa/pa_linux_alsa.c', line: 1736
Expression 'AlsaOpen( &alsaApi->baseHostApiRep, params, streamDir, &self->pcm )' failed in 'src/hostapi/alsa/pa_linux_alsa.c', line: 1904
Expression 'PaAlsaStreamComponent_Initialize( &self->capture, alsaApi, inParams, StreamDirection_In, NULL != callback )' failed in 'src/hostapi/alsa/pa_linux_alsa.c', line: 2171
Expression 'PaAlsaStream_Initialize( stream, alsaHostApi, inputParameters, outputParameters, sampleRate, framesPerBuffer, callback, streamFlags, userData )' failed in 'src/hostapi/alsa/pa_linux_alsa.c', line: 2839
Expression 'ret' failed in 'src/hostapi/alsa/pa_linux_alsa.c', line: 1736
Expression 'AlsaOpen( &alsaApi->baseHostApiRep, params, streamDir, &self->pcm )' failed in 'src/hostapi/alsa/pa_linux_alsa.c', line: 1904
Expression 'PaAlsaStreamComponent_Initialize( &self->capture, alsaApi, inParams, StreamDirection_In, NULL != callback )' failed in 'src/hostapi/alsa/pa_linux_alsa.c', line: 2171
Expression 'PaAlsaStream_Initialize( stream, alsaHostApi, inputParameters, outputParameters, sampleRate, framesPerBuffer, callback, streamFlags, userData )' failed in 'src/hostapi/alsa/pa_linux_alsa.c', line: 2839
Expression 'ret' failed in 'src/hostapi/alsa/pa_linux_alsa.c', line: 1736
Expression 'AlsaOpen( &alsaApi->baseHostApiRep, params, streamDir, &self->pcm )' failed in 'src/hostapi/alsa/pa_linux_alsa.c', line: 1904
Expression 'PaAlsaStreamComponent_Initialize( &self->capture, alsaApi, inParams, StreamDirection_In, NULL != callback )' failed in 'src/hostapi/alsa/pa_linux_alsa.c', line: 2171
Expression 'PaAlsaStream_Initialize( stream, alsaHostApi, inputParameters, outputParameters, sampleRate, framesPerBuffer, callback, streamFlags, userData )' failed in 'src/hostapi/alsa/pa_linux_alsa.c', line: 2839
Expression 'ret' failed in 'src/hostapi/alsa/pa_linux_alsa.c', line: 1736
Expression 'AlsaOpen( &alsaApi->baseHostApiRep, params, streamDir, &self->pcm )' failed in 'src/hostapi/alsa/pa_linux_alsa.c', line: 1904
Expression 'PaAlsaStreamComponent_Initialize( &self->capture, alsaApi, inParams, StreamDirection_In, NULL != callback )' failed in 'src/hostapi/alsa/pa_linux_alsa.c', line: 2171
Expression 'PaAlsaStream_Initialize( stream, alsaHostApi, inputParameters, outputParameters, sampleRate, framesPerBuffer, callback, streamFlags, userData )' failed in 'src/hostapi/alsa/pa_linux_alsa.c', line: 2839
Error: Can't open display: (null)
Failed creating new xdo instance
Expression 'ret' failed in 'src/hostapi/alsa/pa_linux_alsa.c', line: 1736
Expression 'AlsaOpen( &alsaApi->baseHostApiRep, params, streamDir, &self->pcm )' failed in 'src/hostapi/alsa/pa_linux_alsa.c', line: 1904
Expression 'PaAlsaStreamComponent_Initialize( &self->capture, alsaApi, inParams, StreamDirection_In, NULL != callback )' failed in 'src/hostapi/alsa/pa_linux_alsa.c', line: 2171
Expression 'PaAlsaStream_Initialize( stream, alsaHostApi, inputParameters, outputParameters, sampleRate, framesPerBuffer, callback, streamFlags, userData )' failed in 'src/hostapi/alsa/pa_linux_alsa.c', line: 2839
Expression 'ret' failed in 'src/hostapi/alsa/pa_linux_alsa.c', line: 1736
Expression 'AlsaOpen( &alsaApi->baseHostApiRep, params, streamDir, &self->pcm )' failed in 'src/hostapi/alsa/pa_linux_alsa.c', line: 1904
Expression 'PaAlsaStreamComponent_Initialize( &self->capture, alsaApi, inParams, StreamDirection_In, NULL != callback )' failed in 'src/hostapi/alsa/pa_linux_alsa.c', line: 2171
Expression 'PaAlsaStream_Initialize( stream, alsaHostApi, inputParameters, outputParameters, sampleRate, framesPerBuffer, callback, streamFlags, userData )' failed in 'src/hostapi/alsa/pa_linux_alsa.c', line: 2839
Expression 'ret' failed in 'src/hostapi/alsa/pa_linux_alsa.c', line: 1736
Expression 'AlsaOpen( &alsaApi->baseHostApiRep, params, streamDir, &self->pcm )' failed in 'src/hostapi/alsa/pa_linux_alsa.c', line: 1904
Expression 'PaAlsaStreamComponent_Initialize( &self->capture, alsaApi, inParams, StreamDirection_In, NULL != callback )' failed in 'src/hostapi/alsa/pa_linux_alsa.c', line: 2171
Expression 'PaAlsaStream_Initialize( stream, alsaHostApi, inputParameters, outputParameters, sampleRate, framesPerBuffer, callback, streamFlags, userData )' failed in 'src/hostapi/alsa/pa_linux_alsa.c', line: 2839
Expression 'ret' failed in 'src/hostapi/alsa/pa_linux_alsa.c', line: 1736
Expression 'AlsaOpen( &alsaApi->baseHostApiRep, params, streamDir, &self->pcm )' failed in 'src/hostapi/alsa/pa_linux_alsa.c', line: 1904
Expression 'PaAlsaStreamComponent_Initialize( &self->capture, alsaApi, inParams, StreamDirection_In, NULL != callback )' failed in 'src/hostapi/alsa/pa_linux_alsa.c', line: 2171
Expression 'PaAlsaStream_Initialize( stream, alsaHostApi, inputParameters, outputParameters, sampleRate, framesPerBuffer, callback, streamFlags, userData )' failed in 'src/hostapi/alsa/pa_linux_alsa.c', line: 2839
Expression 'ret' failed in 'src/hostapi/alsa/pa_linux_alsa.c', line: 1736
Expression 'AlsaOpen( &alsaApi->baseHostApiRep, params, streamDir, &self->pcm )' failed in 'src/hostapi/alsa/pa_linux_alsa.c', line: 1904
Expression 'PaAlsaStreamComponent_Initialize( &self->capture, alsaApi, inParams, StreamDirection_In, NULL != callback )' failed in 'src/hostapi/alsa/pa_linux_alsa.c', line: 2171
Expression 'PaAlsaStream_Initialize( stream, alsaHostApi, inputParameters, outputParameters, sampleRate, framesPerBuffer, callback, streamFlags, userData )' failed in 'src/hostapi/alsa/pa_linux_alsa.c', line: 2839
Expression 'ret' failed in 'src/hostapi/alsa/pa_linux_alsa.c', line: 1736
Expression 'AlsaOpen( &alsaApi->baseHostApiRep, params, streamDir, &self->pcm )' failed in 'src/hostapi/alsa/pa_linux_alsa.c', line: 1904
Expression 'PaAlsaStreamComponent_Initialize( &self->capture, alsaApi, inParams, StreamDirection_In, NULL != callback )' failed in 'src/hostapi/alsa/pa_linux_alsa.c', line: 2171
Expression 'PaAlsaStream_Initialize( stream, alsaHostApi, inputParameters, outputParameters, sampleRate, framesPerBuffer, callback, streamFlags, userData )' failed in 'src/hostapi/alsa/pa_linux_alsa.c', line: 2839
Expression 'ret' failed in 'src/hostapi/alsa/pa_linux_alsa.c', line: 1736
Expression 'AlsaOpen( &alsaApi->baseHostApiRep, params, streamDir, &self->pcm )' failed in 'src/hostapi/alsa/pa_linux_alsa.c', line: 1904
Expression 'PaAlsaStreamComponent_Initialize( &self->capture, alsaApi, inParams, StreamDirection_In, NULL != callback )' failed in 'src/hostapi/alsa/pa_linux_alsa.c', line: 2171
Expression 'PaAlsaStream_Initialize( stream, alsaHostApi, inputParameters, outputParameters, sampleRate, framesPerBuffer, callback, streamFlags, userData )' failed in 'src/hostapi/alsa/pa_linux_alsa.c', line: 2839
Expression 'ret' failed in 'src/hostapi/alsa/pa_linux_alsa.c', line: 1736
Expression 'AlsaOpen( &alsaApi->baseHostApiRep, params, streamDir, &self->pcm )' failed in 'src/hostapi/alsa/pa_linux_alsa.c', line: 1904
Expression 'PaAlsaStreamComponent_Initialize( &self->capture, alsaApi, inParams, StreamDirection_In, NULL != callback )' failed in 'src/hostapi/alsa/pa_linux_alsa.c', line: 2171
Expression 'PaAlsaStream_Initialize( stream, alsaHostApi, inputParameters, outputParameters, sampleRate, framesPerBuffer, callback, streamFlags, userData )' failed in 'src/hostapi/alsa/pa_linux_alsa.c', line: 2839
Expression 'ret' failed in 'src/hostapi/alsa/pa_linux_alsa.c', line: 1736
Expression 'AlsaOpen( &alsaApi->baseHostApiRep, params, streamDir, &self->pcm )' failed in 'src/hostapi/alsa/pa_linux_alsa.c', line: 1904
Expression 'PaAlsaStreamComponent_Initialize( &self->capture, alsaApi, inParams, StreamDirection_In, NULL != callback )' failed in 'src/hostapi/alsa/pa_linux_alsa.c', line: 2171
Expression 'PaAlsaStream_Initialize( stream, alsaHostApi, inputParameters, outputParameters, sampleRate, framesPerBuffer, callback, streamFlags, userData )' failed in 'src/hostapi/alsa/pa_linux_alsa.c', line: 2839
Expression 'ret' failed in 'src/hostapi/alsa/pa_linux_alsa.c', line: 1736
Expression 'AlsaOpen( &alsaApi->baseHostApiRep, params, streamDir, &self->pcm )' failed in 'src/hostapi/alsa/pa_linux_alsa.c', line: 1904
Expression 'PaAlsaStreamComponent_Initialize( &self->capture, alsaApi, inParams, StreamDirection_In, NULL != callback )' failed in 'src/hostapi/alsa/pa_linux_alsa.c', line: 2171
Expression 'PaAlsaStream_Initialize( stream, alsaHostApi, inputParameters, outputParameters, sampleRate, framesPerBuffer, callback, streamFlags, userData )' failed in 'src/hostapi/alsa/pa_linux_alsa.c', line: 2839
Expression 'ret' failed in 'src/hostapi/alsa/pa_linux_alsa.c', line: 1736
Expression 'AlsaOpen( &alsaApi->baseHostApiRep, params, streamDir, &self->pcm )' failed in 'src/hostapi/alsa/pa_linux_alsa.c', line: 1904
Expression 'PaAlsaStreamComponent_Initialize( &self->capture, alsaApi, inParams, StreamDirection_In, NULL != callback )' failed in 'src/hostapi/alsa/pa_linux_alsa.c', line: 2171
Expression 'PaAlsaStream_Initialize( stream, alsaHostApi, inputParameters, outputParameters, sampleRate, framesPerBuffer, callback, streamFlags, userData )' failed in 'src/hostapi/alsa/pa_linux_alsa.c', line: 2839
Expression 'ret' failed in 'src/hostapi/alsa/pa_linux_alsa.c', line: 1736
Expression 'AlsaOpen( &alsaApi->baseHostApiRep, params, streamDir, &self->pcm )' failed in 'src/hostapi/alsa/pa_linux_alsa.c', line: 1904
Expression 'PaAlsaStreamComponent_Initialize( &self->capture, alsaApi, inParams, StreamDirection_In, NULL != callback )' failed in 'src/hostapi/alsa/pa_linux_alsa.c', line: 2171
Expression 'PaAlsaStream_Initialize( stream, alsaHostApi, inputParameters, outputParameters, sampleRate, framesPerBuffer, callback, streamFlags, userData )' failed in 'src/hostapi/alsa/pa_linux_alsa.c', line: 2839
pygame 2.6.1 (SDL 2.28.4, Python 3.10.12)
Hello from the pygame community. https://www.pygame.org/contribute.html
🎙️ Using ReSpeaker input: ReSpeaker 4 Mic Array (UAC1.0): USB Audio (hw:2,0)
🎭 Avatar started. Say 'voice bella/sky/heart' (Kokoro) or 'voice amy/kathleen/ljspeech' (Piper). ESC to quit.
🎙️ Voice detected (RMS~0.089)
📝 Transcribing audio…
🎙️ Voice detected (RMS~0.017)
📝 Transcribing audio…
🗣️ You said: 1 o'clock
1 o'clock
1 o'clock
🤖 Generating AI response…
🧠 AI: Time to check on the house.
🔊 Playing audio…
🎚️ Played via default
🎙️ Voice detected (RMS~0.028)
📝 Transcribing audio…
🗣️ You said: Can you hear me?
🤖 Generating AI response…
🧠 AI: Yes, I can.
🔊 Playing audio…
🎚️ Played via default
🎙️ Voice detected (RMS~0.042)
📝 Transcribing audio…
🗣️ You said: Stay high to bed.
🤖 Generating AI response…
🧠 AI: Goodnight! Sleep well.
🔊 Playing audio…
🎚️ Played via default
🎙️ Voice detected (RMS~0.013)
📝 Transcribing audio…
🎙️ Voice detected (RMS~0.359)
📝 Transcribing audio…
🗣️ You said: to Benjamin.
🤖 Generating AI response…
🧠 AI: Hello, Benjamin!
🔊 Playing audio…
🎚️ Played via default
🎙️ Voice detected (RMS~0.013)
📝 Transcribing audio…
🗣️ You said: That's me.
🤖 Generating AI response…
🧠 AI: You're right!
🔊 Playing audio…
🎚️ Played via default
🎙️ Voice detected (RMS~0.015)
📝 Transcribing audio…
🗣️ You said: Can you hear me?
🤖 Generating AI response…
🧠 AI: Yes, I can.
🔊 Playing audio…
🎚️ Played via default
🎙️ Voice detected (RMS~0.040)
📝 Transcribing audio…
🗣️ You said: What's my name?
🤖 Generating AI response…
🧠 AI: You didn't say.
🔊 Playing audio…
🎚️ Played via default
🎙️ Voice detected (RMS~0.022)
📝 Transcribing audio…
🗣️ You said: I have to programmer.
My name is Curtis.
🤖 Generating AI response…
🧠 AI: Nice to meet you, Curtis.
🔊 Playing audio…
🎚️ Played via default
🎙️ Voice detected (RMS~0.028)
📝 Transcribing audio…
🗣️ You said: So you can't remember our names, we got a program here.
🤖 Generating AI response…
🧠 AI: I'll try to remember yours.
🔊 Playing audio…
🎚️ Played via default
🎙️ Voice detected (RMS~0.018)
📝 Transcribing audio…
🗣️ You said: Hey, my name is Dan.
🤖 Generating AI response…
🧠 AI: Nice to meet you, Dan.
🔊 Playing audio…
🎚️ Played via default
🎙️ Voice detected (RMS~0.022)
📝 Transcribing audio…
🎙️ Voice detected (RMS~0.014)
📝 Transcribing audio…
🗣️ You said: おつまね
🤖 Generating AI response…
🧠 AI: 好的，请提问。
🔊 Playing audio…
🎚️ Played via default
🎙️ Voice detected (RMS~0.014)
📝 Transcribing audio…
🎙️ Voice detected (RMS~0.021)
📝 Transcribing audio…
🎙️ Voice detected (RMS~0.015)
📝 Transcribing audio…
🗣️ You said: Alright, to start, now that I get to up, once I get it all working, I'll tweak everything to make her better.
🤖 Generating AI response…
🧠 AI: Got it, let's improve together.
🔊 Playing audio…
🎚️ Played via default
🎙️ Voice detected (RMS~0.020)
📝 Transcribing audio…
🎙️ Voice detected (RMS~0.013)
📝 Transcribing audio…
🗣️ You said: a-a-a-a-a-a-a-a-a-a-a-a-a-a-a-a-a…
🤖 Generating AI response…
🧠 AI: What's going on?
🔊 Playing audio…
🎚️ Played via default
🎙️ Voice detected (RMS~0.098)
📝 Transcribing audio…
🗣️ You said: We're setting up our...
🤖 Generating AI response…
🧠 AI: Moving in soon!
🔊 Playing audio…
🎚️ Played via default
🎙️ Voice detected (RMS~0.107)
📝 Transcribing audio…
🗣️ You said: What do you say?
🤖 Generating AI response…
🧠 AI: Time for fun!
🔊 Playing audio…
🎚️ Played via default
🎙️ Voice detected (RMS~0.014)
📝 Transcribing audio…
🗣️ You said: Hello, hello, hello.
🤖 Generating AI response…
🧠 AI: Hello! How can I help?
🔊 Playing audio…
🎚️ Played via default
❌ Mic open error: [Errno -9985] Device unavailable
❌ Mic open error: [Errno -9985] Device unavailable
❌ Mic open error: [Errno -9985] Device unavailable
❌ Mic open error: [Errno -9985] Device unavailable
🎙️ Voice detected (RMS~0.014)
📝 Transcribing audio…
❌ Mic open error: [Errno -9985] Device unavailable
❌ Mic open error: [Errno -9985] Device unavailable
❌ Mic open error: [Errno -9985] Device unavailable
❌ Mic open error: [Errno -9985] Device unavailable
❌ Mic open error: [Errno -9985] Device unavailable
❌ Mic open error: [Errno -9985] Device unavailable
❌ Mic open error: [Errno -9985] Device unavailable
❌ Mic open error: [Errno -9985] Device unavailable
❌ Mic open error: [Errno -9985] Device unavailable
❌ Mic open error: [Errno -9985] Device unavailable
❌ Mic open error: [Errno -9985] Device unavailable
❌ Mic open error: [Errno -9985] Device unavailable
❌ Mic open error: [Errno -9985] Device unavailable
❌ Mic open error: [Errno -9985] Device unavailable
❌ Mic open error: [Errno -9985] Device unavailable
❌ Mic open error: [Errno -9985] Device unavailable
❌ Mic open error: [Errno -9985] Device unavailable
🎙️ Voice detected (RMS~0.062)
📝 Transcribing audio…
🗣️ You said: What's the name of your voice?
🤖 Generating AI response…
🧠 AI: Qwen, like me.
🔊 Playing audio…
🎚️ Played via default
❌ Mic open error: [Errno -9985] Device unavailable
❌ Mic open error: [Errno -9985] Device unavailable
❌ Mic open error: [Errno -9985] Device unavailable
❌ Mic open error: [Errno -9985] Device unavailable
🎙️ Voice detected (RMS~0.013)
📝 Transcribing audio…
🗣️ You said: Hello, hello, hello.
🤖 Generating AI response…
🧠 AI: Hello! How can I help?
🔊 Playing audio…
🎚️ Played via default
❌ Mic open error: [Errno -9985] Device unavailable
❌ Mic open error: [Errno -9985] Device unavailable
❌ Mic open error: [Errno -9985] Device unavailable
❌ Mic open error: [Errno -9985] Device unavailable
❌ Mic open error: [Errno -9985] Device unavailable
❌ Mic open error: [Errno -9985] Device unavailable
❌ Mic open error: [Errno -9985] Device unavailable
❌ Mic open error: [Errno -9985] Device unavailable
🎙️ Voice detected (RMS~0.015)
📝 Transcribing audio…
❌ Mic open error: [Errno -9985] Device unavailable
❌ Mic open error: [Errno -9985] Device unavailable
❌ Mic open error: [Errno -9985] Device unavailable
❌ Mic open error: [Errno -9985] Device unavailable
❌ Mic open error: [Errno -9985] Device unavailable
❌ Mic open error: [Errno -9985] Device unavailable
🎙️ Voice detected (RMS~0.020)
📝 Transcribing audio…
❌ Mic open error: [Errno -9985] Device unavailable
❌ Mic open error: [Errno -9985] Device unavailable
❌ Mic open error: [Errno -9985] Device unavailable
🎙️ Voice detected (RMS~0.015)
📝 Transcribing audio…
❌ Mic open error: [Errno -9985] Device unavailable
❌ Mic open error: [Errno -9985] Device unavailable
❌ Mic open error: [Errno -9985] Device unavailable
❌ Mic open error: [Errno -9985] Device unavailable
❌ Mic open error: [Errno -9985] Device unavailable
❌ Mic open error: [Errno -9985] Device unavailable
❌ Mic open error: [Errno -9985] Device unavailable
❌ Mic open error: [Errno -9985] Device unavailable
🎙️ Voice detected (RMS~0.015)
📝 Transcribing audio…
❌ Mic open error: [Errno -9985] Device unavailable
❌ Mic open error: [Errno -9985] Device unavailable
❌ Mic open error: [Errno -9985] Device unavailable
❌ Mic open error: [Errno -9985] Device unavailable
❌ Mic open error: [Errno -9985] Device unavailable
❌ Mic open error: [Errno -9985] Device unavailable
❌ Mic open error: [Errno -9985] Device unavailable
❌ Mic open error: [Errno -9985] Device unavailable
❌ Mic open error: [Errno -9985] Device unavailable
❌ Mic open error: [Errno -9985] Device unavailable
❌ Mic open error: [Errno -9985] Device unavailable
❌ Mic open error: Expression 'ret' failed in 'src/hostapi/alsa/pa_linux_alsa.c', line: 1736
Expression 'AlsaOpen( &alsaApi->baseHostApiRep, params, streamDir, &self->pcm )' failed in 'src/hostapi/alsa/pa_linux_alsa.c', line: 1904
Expression 'PaAlsaStreamComponent_Initialize( &self->capture, alsaApi, inParams, StreamDirection_In, NULL != callback )' failed in 'src/hostapi/alsa/pa_linux_alsa.c', line: 2171
Expression 'PaAlsaStream_Initialize( stream, alsaHostApi, inputParameters, outputParameters, sampleRate, framesPerBuffer, callback, streamFlags, userData )' failed in 'src/hostapi/alsa/pa_linux_alsa.c', line: 2839
Expression 'ret' failed in 'src/hostapi/alsa/pa_linux_alsa.c', line: 1736
Expression 'AlsaOpen( &alsaApi->baseHostApiRep, params, streamDir, &self->pcm )' failed in 'src/hostapi/alsa/pa_linux_alsa.c', line: 1904
Expression 'PaAlsaStreamComponent_Initialize( &self->capture, alsaApi, inParams, StreamDirection_In, NULL != callback )' failed in 'src/hostapi/alsa/pa_linux_alsa.c', line: 2171
Expression 'PaAlsaStream_Initialize( stream, alsaHostApi, inputParameters, outputParameters, sampleRate, framesPerBuffer, callback, streamFlags, userData )' failed in 'src/hostapi/alsa/pa_linux_alsa.c', line: 2839
Expression 'ret' failed in 'src/hostapi/alsa/pa_linux_alsa.c', line: 1736
Expression 'AlsaOpen( &alsaApi->baseHostApiRep, params, streamDir, &self->pcm )' failed in 'src/hostapi/alsa/pa_linux_alsa.c', line: 1904
Expression 'PaAlsaStreamComponent_Initialize( &self->capture, alsaApi, inParams, StreamDirection_In, NULL != callback )' failed in 'src/hostapi/alsa/pa_linux_alsa.c', line: 2171
Expression 'PaAlsaStream_Initialize( stream, alsaHostApi, inputParameters, outputParameters, sampleRate, framesPerBuffer, callback, streamFlags, userData )' failed in 'src/hostapi/alsa/pa_linux_alsa.c', line: 2839
Expression 'ret' failed in 'src/hostapi/alsa/pa_linux_alsa.c', line: 1736
Expression 'AlsaOpen( &alsaApi->baseHostApiRep, params, streamDir, &self->pcm )' failed in 'src/hostapi/alsa/pa_linux_alsa.c', line: 1904
Expression 'PaAlsaStreamComponent_Initialize( &self->capture, alsaApi, inParams, StreamDirection_In, NULL != callback )' failed in 'src/hostapi/alsa/pa_linux_alsa.c', line: 2171
Expression 'PaAlsaStream_Initialize( stream, alsaHostApi, inputParameters, outputParameters, sampleRate, framesPerBuffer, callback, streamFlags, userData )' failed in 'src/hostapi/alsa/pa_linux_alsa.c', line: 2839
Expression 'ret' failed in 'src/hostapi/alsa/pa_linux_alsa.c', line: 1736
Expression 'AlsaOpen( &alsaApi->baseHostApiRep, params, streamDir, &self->pcm )' failed in 'src/hostapi/alsa/pa_linux_alsa.c', line: 1904
Expression 'PaAlsaStreamComponent_Initialize( &self->capture, alsaApi, inParams, StreamDirection_In, NULL != callback )' failed in 'src/hostapi/alsa/pa_linux_alsa.c', line: 2171
Expression 'PaAlsaStream_Initialize( stream, alsaHostApi, inputParameters, outputParameters, sampleRate, framesPerBuffer, callback, streamFlags, userData )' failed in 'src/hostapi/alsa/pa_linux_alsa.c', line: 2839
Expression 'ret' failed in 'src/hostapi/alsa/pa_linux_alsa.c', line: 1736
Expression 'AlsaOpen( &alsaApi->baseHostApiRep, params, streamDir, &self->pcm )' failed in 'src/hostapi/alsa/pa_linux_alsa.c', line: 1904
Expression 'PaAlsaStreamComponent_Initialize( &self->capture, alsaApi, inParams, StreamDirection_In, NULL != callback )' failed in 'src/hostapi/alsa/pa_linux_alsa.c', line: 2171
Expression 'PaAlsaStream_Initialize( stream, alsaHostApi, inputParameters, outputParameters, sampleRate, framesPerBuffer, callback, streamFlags, userData )' failed in 'src/hostapi/alsa/pa_linux_alsa.c', line: 2839
Expression 'ret' failed in 'src/hostapi/alsa/pa_linux_alsa.c', line: 1736
Expression 'AlsaOpen( &alsaApi->baseHostApiRep, params, streamDir, &self->pcm )' failed in 'src/hostapi/alsa/pa_linux_alsa.c', line: 1904
Expression 'PaAlsaStreamComponent_Initialize( &self->capture, alsaApi, inParams, StreamDirection_In, NULL != callback )' failed in 'src/hostapi/alsa/pa_linux_alsa.c', line: 2171
Expression 'PaAlsaStream_Initialize( stream, alsaHostApi, inputParameters, outputParameters, sampleRate, framesPerBuffer, callback, streamFlags, userData )' failed in 'src/hostapi/alsa/pa_linux_alsa.c', line: 2839
Expression 'ret' failed in 'src/hostapi/alsa/pa_linux_alsa.c', line: 1736
Expression 'AlsaOpen( &alsaApi->baseHostApiRep, params, streamDir, &self->pcm )' failed in 'src/hostapi/alsa/pa_linux_alsa.c', line: 1904
Expression 'PaAlsaStreamComponent_Initialize( &self->capture, alsaApi, inParams, StreamDirection_In, NULL != callback )' failed in 'src/hostapi/alsa/pa_linux_alsa.c', line: 2171
Expression 'PaAlsaStream_Initialize( stream, alsaHostApi, inputParameters, outputParameters, sampleRate, framesPerBuffer, callback, streamFlags, userData )' failed in 'src/hostapi/alsa/pa_linux_alsa.c', line: 2839
Expression 'ret' failed in 'src/hostapi/alsa/pa_linux_alsa.c', line: 1736
Expression 'AlsaOpen( &alsaApi->baseHostApiRep, params, streamDir, &self->pcm )' failed in 'src/hostapi/alsa/pa_linux_alsa.c', line: 1904
Expression 'PaAlsaStreamComponent_Initialize( &self->capture, alsaApi, inParams, StreamDirection_In, NULL != callback )' failed in 'src/hostapi/alsa/pa_linux_alsa.c', line: 2171
Expression 'PaAlsaStream_Initialize( stream, alsaHostApi, inputParameters, outputParameters, sampleRate, framesPerBuffer, callback, streamFlags, userData )' failed in 'src/hostapi/alsa/pa_linux_alsa.c', line: 2839
Expression 'ret' failed in 'src/hostapi/alsa/pa_linux_alsa.c', line: 1736
Expression 'AlsaOpen( &alsaApi->baseHostApiRep, params, streamDir, &self->pcm )' failed in 'src/hostapi/alsa/pa_linux_alsa.c', line: 1904
Expression 'PaAlsaStreamComponent_Initialize( &self->capture, alsaApi, inParams, StreamDirection_In, NULL != callback )' failed in 'src/hostapi/alsa/pa_linux_alsa.c', line: 2171
Expression 'PaAlsaStream_Initialize( stream, alsaHostApi, inputParameters, outputParameters, sampleRate, framesPerBuffer, callback, streamFlags, userData )' failed in 'src/hostapi/alsa/pa_linux_alsa.c', line: 2839
Expression 'ret' failed in 'src/hostapi/alsa/pa_linux_alsa.c', line: 1736
Expression 'AlsaOpen( &alsaApi->baseHostApiRep, params, streamDir, &self->pcm )' failed in 'src/hostapi/alsa/pa_linux_alsa.c', line: 1904
Expression 'PaAlsaStreamComponent_Initialize( &self->capture, alsaApi, inParams, StreamDirection_In, NULL != callback )' failed in 'src/hostapi/alsa/pa_linux_alsa.c', line: 2171
Expression 'PaAlsaStream_Initialize( stream, alsaHostApi, inputParameters, outputParameters, sampleRate, framesPerBuffer, callback, streamFlags, userData )' failed in 'src/hostapi/alsa/pa_linux_alsa.c', line: 2839
Expression 'ret' failed in 'src/hostapi/alsa/pa_linux_alsa.c', line: 1736
Expression 'AlsaOpen( &alsaApi->baseHostApiRep, params, streamDir, &self->pcm )' failed in 'src/hostapi/alsa/pa_linux_alsa.c', line: 1904
Expression 'PaAlsaStreamComponent_Initialize( &self->capture, alsaApi, inParams, StreamDirection_In, NULL != callback )' failed in 'src/hostapi/alsa/pa_linux_alsa.c', line: 2171
Expression 'PaAlsaStream_Initialize( stream, alsaHostApi, inputParameters, outputParameters, sampleRate, framesPerBuffer, callback, streamFlags, userData )' failed in 'src/hostapi/alsa/pa_linux_alsa.c', line: 2839
Expression 'ret' failed in 'src/hostapi/alsa/pa_linux_alsa.c', line: 1736
Expression 'AlsaOpen( &alsaApi->baseHostApiRep, params, streamDir, &self->pcm )' failed in 'src/hostapi/alsa/pa_linux_alsa.c', line: 1904
Expression 'PaAlsaStreamComponent_Initialize( &self->capture, alsaApi, inParams, StreamDirection_In, NULL != callback )' failed in 'src/hostapi/alsa/pa_linux_alsa.c', line: 2171
Expression 'PaAlsaStream_Initialize( stream, alsaHostApi, inputParameters, outputParameters, sampleRate, framesPerBuffer, callback, streamFlags, userData )' failed in 'src/hostapi/alsa/pa_linux_alsa.c', line: 2839
Expression 'ret' failed in 'src/hostapi/alsa/pa_linux_alsa.c', line: 1736
Expression 'AlsaOpen( &alsaApi->baseHostApiRep, params, streamDir, &self->pcm )' failed in 'src/hostapi/alsa/pa_linux_alsa.c', line: 1904
Expression 'PaAlsaStreamComponent_Initialize( &self->capture, alsaApi, inParams, StreamDirection_In, NULL != callback )' failed in 'src/hostapi/alsa/pa_linux_alsa.c', line: 2171
Expression 'PaAlsaStream_Initialize( stream, alsaHostApi, inputParameters, outputParameters, sampleRate, framesPerBuffer, callback, streamFlags, userData )' failed in 'src/hostapi/alsa/pa_linux_alsa.c', line: 2839
Expression 'ret' failed in 'src/hostapi/alsa/pa_linux_alsa.c', line: 1736
Expression 'AlsaOpen( &alsaApi->baseHostApiRep, params, streamDir, &self->pcm )' failed in 'src/hostapi/alsa/pa_linux_alsa.c', line: 1904
Expression 'PaAlsaStreamComponent_Initialize( &self->capture, alsaApi, inParams, StreamDirection_In, NULL != callback )' failed in 'src/hostapi/alsa/pa_linux_alsa.c', line: 2171
Expression 'PaAlsaStream_Initialize( stream, alsaHostApi, inputParameters, outputParameters, sampleRate, framesPerBuffer, callback, streamFlags, userData )' failed in 'src/hostapi/alsa/pa_linux_alsa.c', line: 2839
Expression 'ret' failed in 'src/hostapi/alsa/pa_linux_alsa.c', line: 1736
Expression 'AlsaOpen( &alsaApi->baseHostApiRep, params, streamDir, &self->pcm )' failed in 'src/hostapi/alsa/pa_linux_alsa.c', line: 1904
Expression 'PaAlsaStreamComponent_Initialize( &self->capture, alsaApi, inParams, StreamDirection_In, NULL != callback )' failed in 'src/hostapi/alsa/pa_linux_alsa.c', line: 2171
Expression 'PaAlsaStream_Initialize( stream, alsaHostApi, inputParameters, outputParameters, sampleRate, framesPerBuffer, callback, streamFlags, userData )' failed in 'src/hostapi/alsa/pa_linux_alsa.c', line: 2839
Expression 'ret' failed in 'src/hostapi/alsa/pa_linux_alsa.c', line: 1736
Expression 'AlsaOpen( &alsaApi->baseHostApiRep, params, streamDir, &self->pcm )' failed in 'src/hostapi/alsa/pa_linux_alsa.c', line: 1904
Expression 'PaAlsaStreamComponent_Initialize( &self->capture, alsaApi, inParams, StreamDirection_In, NULL != callback )' failed in 'src/hostapi/alsa/pa_linux_alsa.c', line: 2171
Expression 'PaAlsaStream_Initialize( stream, alsaHostApi, inputParameters, outputParameters, sampleRate, framesPerBuffer, callback, streamFlags, userData )' failed in 'src/hostapi/alsa/pa_linux_alsa.c', line: 2839
Expression 'ret' failed in 'src/hostapi/alsa/pa_linux_alsa.c', line: 1736
Expression 'AlsaOpen( &alsaApi->baseHostApiRep, params, streamDir, &self->pcm )' failed in 'src/hostapi/alsa/pa_linux_alsa.c', line: 1904
Expression 'PaAlsaStreamComponent_Initialize( &self->capture, alsaApi, inParams, StreamDirection_In, NULL != callback )' failed in 'src/hostapi/alsa/pa_linux_alsa.c', line: 2171
Expression 'PaAlsaStream_Initialize( stream, alsaHostApi, inputParameters, outputParameters, sampleRate, framesPerBuffer, callback, streamFlags, userData )' failed in 'src/hostapi/alsa/pa_linux_alsa.c', line: 2839
Expression 'ret' failed in 'src/hostapi/alsa/pa_linux_alsa.c', line: 1736
Expression 'AlsaOpen( &alsaApi->baseHostApiRep, params, streamDir, &self->pcm )' failed in 'src/hostapi/alsa/pa_linux_alsa.c', line: 1904
Expression 'PaAlsaStreamComponent_Initialize( &self->capture, alsaApi, inParams, StreamDirection_In, NULL != callback )' failed in 'src/hostapi/alsa/pa_linux_alsa.c', line: 2171
Expression 'PaAlsaStream_Initialize( stream, alsaHostApi, inputParameters, outputParameters, sampleRate, framesPerBuffer, callback, streamFlags, userData )' failed in 'src/hostapi/alsa/pa_linux_alsa.c', line: 2839
Expression 'ret' failed in 'src/hostapi/alsa/pa_linux_alsa.c', line: 1736
Expression 'AlsaOpen( &alsaApi->baseHostApiRep, params, streamDir, &self->pcm )' failed in 'src/hostapi/alsa/pa_linux_alsa.c', line: 1904
Expression 'PaAlsaStreamComponent_Initialize( &self->capture, alsaApi, inParams, StreamDirection_In, NULL != callback )' failed in 'src/hostapi/alsa/pa_linux_alsa.c', line: 2171
Expression 'PaAlsaStream_Initialize( stream, alsaHostApi, inputParameters, outputParameters, sampleRate, framesPerBuffer, callback, streamFlags, userData )' failed in 'src/hostapi/alsa/pa_linux_alsa.c', line: 2839
Expression 'ret' failed in 'src/hostapi/alsa/pa_linux_alsa.c', line: 1736
Expression 'AlsaOpen( &alsaApi->baseHostApiRep, params, streamDir, &self->pcm )' failed in 'src/hostapi/alsa/pa_linux_alsa.c', line: 1904
Expression 'PaAlsaStreamComponent_Initialize( &self->capture, alsaApi, inParams, StreamDirection_In, NULL != callback )' failed in 'src/hostapi/alsa/pa_linux_alsa.c', line: 2171
Expression 'PaAlsaStream_Initialize( stream, alsaHostApi, inputParameters, outputParameters, sampleRate, framesPerBuffer, callback, streamFlags, userData )' failed in 'src/hostapi/alsa/pa_linux_alsa.c', line: 2839
Expression 'ret' failed in 'src/hostapi/alsa/pa_linux_alsa.c', line: 1736
Expression 'AlsaOpen( &alsaApi->baseHostApiRep, params, streamDir, &self->pcm )' failed in 'src/hostapi/alsa/pa_linux_alsa.c', line: 1904
Expression 'PaAlsaStreamComponent_Initialize( &self->capture, alsaApi, inParams, StreamDirection_In, NULL != callback )' failed in 'src/hostapi/alsa/pa_linux_alsa.c', line: 2171
Expression 'PaAlsaStream_Initialize( stream, alsaHostApi, inputParameters, outputParameters, sampleRate, framesPerBuffer, callback, streamFlags, userData )' failed in 'src/hostapi/alsa/pa_linux_alsa.c', line: 2839
Expression 'ret' failed in 'src/hostapi/alsa/pa_linux_alsa.c', line: 1736
Expression 'AlsaOpen( &alsaApi->baseHostApiRep, params, streamDir, &self->pcm )' failed in 'src/hostapi/alsa/pa_linux_alsa.c', line: 1904
Expression 'PaAlsaStreamComponent_Initialize( &self->capture, alsaApi, inParams, StreamDirection_In, NULL != callback )' failed in 'src/hostapi/alsa/pa_linux_alsa.c', line: 2171
Expression 'PaAlsaStream_Initialize( stream, alsaHostApi, inputParameters, outputParameters, sampleRate, framesPerBuffer, callback, streamFlags, userData )' failed in 'src/hostapi/alsa/pa_linux_alsa.c', line: 2839
Expression 'ret' failed in 'src/hostapi/alsa/pa_linux_alsa.c', line: 1736
Expression 'AlsaOpen( &alsaApi->baseHostApiRep, params, streamDir, &self->pcm )' failed in 'src/hostapi/alsa/pa_linux_alsa.c', line: 1904
Expression 'PaAlsaStreamComponent_Initialize( &self->capture, alsaApi, inParams, StreamDirection_In, NULL != callback )' failed in 'src/hostapi/alsa/pa_linux_alsa.c', line: 2171
Expression 'PaAlsaStream_Initialize( stream, alsaHostApi, inputParameters, outputParameters, sampleRate, framesPerBuffer, callback, streamFlags, userData )' failed in 'src/hostapi/alsa/pa_linux_alsa.c', line: 2839
Expression 'ret' failed in 'src/hostapi/alsa/pa_linux_alsa.c', line: 1736
Expression 'AlsaOpen( &alsaApi->baseHostApiRep, params, streamDir, &self->pcm )' failed in 'src/hostapi/alsa/pa_linux_alsa.c', line: 1904
Expression 'PaAlsaStreamComponent_Initialize( &self->capture, alsaApi, inParams, StreamDirection_In, NULL != callback )' failed in 'src/hostapi/alsa/pa_linux_alsa.c', line: 2171
Expression 'PaAlsaStream_Initialize( stream, alsaHostApi, inputParameters, outputParameters, sampleRate, framesPerBuffer, callback, streamFlags, userData )' failed in 'src/hostapi/alsa/pa_linux_alsa.c', line: 2839
Expression 'ret' failed in 'src/hostapi/alsa/pa_linux_alsa.c', line: 1736
Expression 'AlsaOpen( &alsaApi->baseHostApiRep, params, streamDir, &self->pcm )' failed in 'src/hostapi/alsa/pa_linux_alsa.c', line: 1904
Expression 'PaAlsaStreamComponent_Initialize( &self->capture, alsaApi, inParams, StreamDirection_In, NULL != callback )' failed in 'src/hostapi/alsa/pa_linux_alsa.c', line: 2171
Expression 'PaAlsaStream_Initialize( stream, alsaHostApi, inputParameters, outputParameters, sampleRate, framesPerBuffer, callback, streamFlags, userData )' failed in 'src/hostapi/alsa/pa_linux_alsa.c', line: 2839
Expression 'ret' failed in 'src/hostapi/alsa/pa_linux_alsa.c', line: 1736
Expression 'AlsaOpen( &alsaApi->baseHostApiRep, params, streamDir, &self->pcm )' failed in 'src/hostapi/alsa/pa_linux_alsa.c', line: 1904
Expression 'PaAlsaStreamComponent_Initialize( &self->capture, alsaApi, inParams, StreamDirection_In, NULL != callback )' failed in 'src/hostapi/alsa/pa_linux_alsa.c', line: 2171
Expression 'PaAlsaStream_Initialize( stream, alsaHostApi, inputParameters, outputParameters, sampleRate, framesPerBuffer, callback, streamFlags, userData )' failed in 'src/hostapi/alsa/pa_linux_alsa.c', line: 2839
Expression 'ret' failed in 'src/hostapi/alsa/pa_linux_alsa.c', line: 1736
Expression 'AlsaOpen( &alsaApi->baseHostApiRep, params, streamDir, &self->pcm )' failed in 'src/hostapi/alsa/pa_linux_alsa.c', line: 1904
Expression 'PaAlsaStreamComponent_Initialize( &self->capture, alsaApi, inParams, StreamDirection_In, NULL != callback )' failed in 'src/hostapi/alsa/pa_linux_alsa.c', line: 2171
Expression 'PaAlsaStream_Initialize( stream, alsaHostApi, inputParameters, outputParameters, sampleRate, framesPerBuffer, callback, streamFlags, userData )' failed in 'src/hostapi/alsa/pa_linux_alsa.c', line: 2839
Expression 'ret' failed in 'src/hostapi/alsa/pa_linux_alsa.c', line: 1736
Expression 'AlsaOpen( &alsaApi->baseHostApiRep, params, streamDir, &self->pcm )' failed in 'src/hostapi/alsa/pa_linux_alsa.c', line: 1904
Expression 'PaAlsaStreamComponent_Initialize( &self->capture, alsaApi, inParams, StreamDirection_In, NULL != callback )' failed in 'src/hostapi/alsa/pa_linux_alsa.c', line: 2171
Expression 'PaAlsaStream_Initialize( stream, alsaHostApi, inputParameters, outputParameters, sampleRate, framesPerBuffer, callback, streamFlags, userData )' failed in 'src/hostapi/alsa/pa_linux_alsa.c', line: 2839
Expression 'ret' failed in 'src/hostapi/alsa/pa_linux_alsa.c', line: 1736
Expression 'AlsaOpen( &alsaApi->baseHostApiRep, params, streamDir, &self->pcm )' failed in 'src/hostapi/alsa/pa_linux_alsa.c', line: 1904
Expression 'PaAlsaStreamComponent_Initialize( &self->capture, alsaApi, inParams, StreamDirection_In, NULL != callback )' failed in 'src/hostapi/alsa/pa_linux_alsa.c', line: 2171
Expression 'PaAlsaStream_Initialize( stream, alsaHostApi, inputParameters, outputParameters, sampleRate, framesPerBuffer, callback, streamFlags, userData )' failed in 'src/hostapi/alsa/pa_linux_alsa.c', line: 2839
Expression 'ret' failed in 'src/hostapi/alsa/pa_linux_alsa.c', line: 1736
Expression 'AlsaOpen( &alsaApi->baseHostApiRep, params, streamDir, &self->pcm )' failed in 'src/hostapi/alsa/pa_linux_alsa.c', line: 1904
Expression 'PaAlsaStreamComponent_Initialize( &self->capture, alsaApi, inParams, StreamDirection_In, NULL != callback )' failed in 'src/hostapi/alsa/pa_linux_alsa.c', line: 2171
Expression 'PaAlsaStream_Initialize( stream, alsaHostApi, inputParameters, outputParameters, sampleRate, framesPerBuffer, callback, streamFlags, userData )' failed in 'src/hostapi/alsa/pa_linux_alsa.c', line: 2839
Expression 'ret' failed in 'src/hostapi/alsa/pa_linux_alsa.c', line: 1736
Expression 'AlsaOpen( &alsaApi->baseHostApiRep, params, streamDir, &self->pcm )' failed in 'src/hostapi/alsa/pa_linux_alsa.c', line: 1904
Expression 'PaAlsaStreamComponent_Initialize( &self->capture, alsaApi, inParams, StreamDirection_In, NULL != callback )' failed in 'src/hostapi/alsa/pa_linux_alsa.c', line: 2171
Expression 'PaAlsaStream_Initialize( stream, alsaHostApi, inputParameters, outputParameters, sampleRate, framesPerBuffer, callback, streamFlags, userData )' failed in 'src/hostapi/alsa/pa_linux_alsa.c', line: 2839
Expression 'ret' failed in 'src/hostapi/alsa/pa_linux_alsa.c', line: 1736
Expression 'AlsaOpen( &alsaApi->baseHostApiRep, params, streamDir, &self->pcm )' failed in 'src/hostapi/alsa/pa_linux_alsa.c', line: 1904
Expression 'PaAlsaStreamComponent_Initialize( &self->capture, alsaApi, inParams, StreamDirection_In, NULL != callback )' failed in 'src/hostapi/alsa/pa_linux_alsa.c', line: 2171
Expression 'PaAlsaStream_Initialize( stream, alsaHostApi, inputParameters, outputParameters, sampleRate, framesPerBuffer, callback, streamFlags, userData )' failed in 'src/hostapi/alsa/pa_linux_alsa.c', line: 2839
Expression 'ret' failed in 'src/hostapi/alsa/pa_linux_alsa.c', line: 1736
Expression 'AlsaOpen( &alsaApi->baseHostApiRep, params, streamDir, &self->pcm )' failed in 'src/hostapi/alsa/pa_linux_alsa.c', line: 1904
Expression 'PaAlsaStreamComponent_Initialize( &self->capture, alsaApi, inParams, StreamDirection_In, NULL != callback )' failed in 'src/hostapi/alsa/pa_linux_alsa.c', line: 2171
Expression 'PaAlsaStream_Initialize( stream, alsaHostApi, inputParameters, outputParameters, sampleRate, framesPerBuffer, callback, streamFlags, userData )' failed in 'src/hostapi/alsa/pa_linux_alsa.c', line: 2839
Expression 'ret' failed in 'src/hostapi/alsa/pa_linux_alsa.c', line: 1736
Expression 'AlsaOpen( &alsaApi->baseHostApiRep, params, streamDir, &self->pcm )' failed in 'src/hostapi/alsa/pa_linux_alsa.c', line: 1904
Expression 'PaAlsaStreamComponent_Initialize( &self->capture, alsaApi, inParams, StreamDirection_In, NULL != callback )' failed in 'src/hostapi/alsa/pa_linux_alsa.c', line: 2171
Expression 'PaAlsaStream_Initialize( stream, alsaHostApi, inputParameters, outputParameters, sampleRate, framesPerBuffer, callback, streamFlags, userData )' failed in 'src/hostapi/alsa/pa_linux_alsa.c', line: 2839
Expression 'ret' failed in 'src/hostapi/alsa/pa_linux_alsa.c', line: 1736
Expression 'AlsaOpen( &alsaApi->baseHostApiRep, params, streamDir, &self->pcm )' failed in 'src/hostapi/alsa/pa_linux_alsa.c', line: 1904
Expression 'PaAlsaStreamComponent_Initialize( &self->capture, alsaApi, inParams, StreamDirection_In, NULL != callback )' failed in 'src/hostapi/alsa/pa_linux_alsa.c', line: 2171
Expression 'PaAlsaStream_Initialize( stream, alsaHostApi, inputParameters, outputParameters, sampleRate, framesPerBuffer, callback, streamFlags, userData )' failed in 'src/hostapi/alsa/pa_linux_alsa.c', line: 2839
Expression 'ret' failed in 'src/hostapi/alsa/pa_linux_alsa.c', line: 1736
Expression 'AlsaOpen( &alsaApi->baseHostApiRep, params, streamDir, &self->pcm )' failed in 'src/hostapi/alsa/pa_linux_alsa.c', line: 1904
Expression 'PaAlsaStreamComponent_Initialize( &self->capture, alsaApi, inParams, StreamDirection_In, NULL != callback )' failed in 'src/hostapi/alsa/pa_linux_alsa.c', line: 2171
Expression 'PaAlsaStream_Initialize( stream, alsaHostApi, inputParameters, outputParameters, sampleRate, framesPerBuffer, callback, streamFlags, userData )' failed in 'src/hostapi/alsa/pa_linux_alsa.c', line: 2839
Expression 'ret' failed in 'src/hostapi/alsa/pa_linux_alsa.c', line: 1736
Expression 'AlsaOpen( &alsaApi->baseHostApiRep, params, streamDir, &self->pcm )' failed in 'src/hostapi/alsa/pa_linux_alsa.c', line: 1904
Expression 'PaAlsaStreamComponent_Initialize( &self->capture, alsaApi, inParams, StreamDirection_In, NULL != callback )' failed in 'src/hostapi/alsa/pa_linux_alsa.c', line: 2171
Expression 'PaAlsaStream_Initialize( stream, alsaHostApi, inputParameters, outputParameters, sampleRate, framesPerBuffer, callback, streamFlags, userData )' failed in 'src/hostapi/alsa/pa_linux_alsa.c', line: 2839
Expression 'ret' failed in 'src/hostapi/alsa/pa_linux_alsa.c', line: 1736
Expression 'AlsaOpen( &alsaApi->baseHostApiRep, params, streamDir, &self->pcm )' failed in 'src/hostapi/alsa/pa_linux_alsa.c', line: 1904
Expression 'PaAlsaStreamComponent_Initialize( &self->capture, alsaApi, inParams, StreamDirection_In, NULL != callback )' failed in 'src/hostapi/alsa/pa_linux_alsa.c', line: 2171
Expression 'PaAlsaStream_Initialize( stream, alsaHostApi, inputParameters, outputParameters, sampleRate, framesPerBuffer, callback, streamFlags, userData )' failed in 'src/hostapi/alsa/pa_linux_alsa.c', line: 2839
Expression 'ret' failed in 'src/hostapi/alsa/pa_linux_alsa.c', line: 1736
Expression 'AlsaOpen( &alsaApi->baseHostApiRep, params, streamDir, &self->pcm )' failed in 'src/hostapi/alsa/pa_linux_alsa.c', line: 1904
Expression 'PaAlsaStreamComponent_Initialize( &self->capture, alsaApi, inParams, StreamDirection_In, NULL != callback )' failed in 'src/hostapi/alsa/pa_linux_alsa.c', line: 2171
Expression 'PaAlsaStream_Initialize( stream, alsaHostApi, inputParameters, outputParameters, sampleRate, framesPerBuffer, callback, streamFlags, userData )' failed in 'src/hostapi/alsa/pa_linux_alsa.c', line: 2839
Expression 'ret' failed in 'src/hostapi/alsa/pa_linux_alsa.c', line: 1736
Expression 'AlsaOpen( &alsaApi->baseHostApiRep, params, streamDir, &self->pcm )' failed in 'src/hostapi/alsa/pa_linux_alsa.c', line: 1904
Expression 'PaAlsaStreamComponent_Initialize( &self->capture, alsaApi, inParams, StreamDirection_In, NULL != callback )' failed in 'src/hostapi/alsa/pa_linux_alsa.c', line: 2171
Expression 'PaAlsaStream_Initialize( stream, alsaHostApi, inputParameters, outputParameters, sampleRate, framesPerBuffer, callback, streamFlags, userData )' failed in 'src/hostapi/alsa/pa_linux_alsa.c', line: 2839
Expression 'ret' failed in 'src/hostapi/alsa/pa_linux_alsa.c', line: 1736
Expression 'AlsaOpen( &alsaApi->baseHostApiRep, params, streamDir, &self->pcm )' failed in 'src/hostapi/alsa/pa_linux_alsa.c', line: 1904
Expression 'PaAlsaStreamComponent_Initialize( &self->capture, alsaApi, inParams, StreamDirection_In, NULL != callback )' failed in 'src/hostapi/alsa/pa_linux_alsa.c', line: 2171
Expression 'PaAlsaStream_Initialize( stream, alsaHostApi, inputParameters, outputParameters, sampleRate, framesPerBuffer, callback, streamFlags, userData )' failed in 'src/hostapi/alsa/pa_linux_alsa.c', line: 2839
Expression 'ret' failed in 'src/hostapi/alsa/pa_linux_alsa.c', line: 1736
Expression 'AlsaOpen( &alsaApi->baseHostApiRep, params, streamDir, &self->pcm )' failed in 'src/hostapi/alsa/pa_linux_alsa.c', line: 1904
Expression 'PaAlsaStreamComponent_Initialize( &self->capture, alsaApi, inParams, StreamDirection_In, NULL != callback )' failed in 'src/hostapi/alsa/pa_linux_alsa.c', line: 2171
Expression 'PaAlsaStream_Initialize( stream, alsaHostApi, inputParameters, outputParameters, sampleRate, framesPerBuffer, callback, streamFlags, userData )' failed in 'src/hostapi/alsa/pa_linux_alsa.c', line: 2839
Expression 'ret' failed in 'src/hostapi/alsa/pa_linux_alsa.c', line: 1736
Expression 'AlsaOpen( &alsaApi->baseHostApiRep, params, streamDir, &self->pcm )' failed in 'src/hostapi/alsa/pa_linux_alsa.c', line: 1904
Expression 'PaAlsaStreamComponent_Initialize( &self->capture, alsaApi, inParams, StreamDirection_In, NULL != callback )' failed in 'src/hostapi/alsa/pa_linux_alsa.c', line: 2171
Expression 'PaAlsaStream_Initialize( stream, alsaHostApi, inputParameters, outputParameters, sampleRate, framesPerBuffer, callback, streamFlags, userData )' failed in 'src/hostapi/alsa/pa_linux_alsa.c', line: 2839
Expression 'ret' failed in 'src/hostapi/alsa/pa_linux_alsa.c', line: 1736
Expression 'AlsaOpen( &alsaApi->baseHostApiRep, params, streamDir, &self->pcm )' failed in 'src/hostapi/alsa/pa_linux_alsa.c', line: 1904
Expression 'PaAlsaStreamComponent_Initialize( &self->capture, alsaApi, inParams, StreamDirection_In, NULL != callback )' failed in 'src/hostapi/alsa/pa_linux_alsa.c', line: 2171
Expression 'PaAlsaStream_Initialize( stream, alsaHostApi, inputParameters, outputParameters, sampleRate, framesPerBuffer, callback, streamFlags, userData )' failed in 'src/hostapi/alsa/pa_linux_alsa.c', line: 2839
Expression 'ret' failed in 'src/hostapi/alsa/pa_linux_alsa.c', line: 1736
Expression 'AlsaOpen( &alsaApi->baseHostApiRep, params, streamDir, &self->pcm )' failed in 'src/hostapi/alsa/pa_linux_alsa.c', line: 1904
Expression 'PaAlsaStreamComponent_Initialize( &self->capture, alsaApi, inParams, StreamDirection_In, NULL != callback )' failed in 'src/hostapi/alsa/pa_linux_alsa.c', line: 2171
Expression 'PaAlsaStream_Initialize( stream, alsaHostApi, inputParameters, outputParameters, sampleRate, framesPerBuffer, callback, streamFlags, userData )' failed in 'src/hostapi/alsa/pa_linux_alsa.c', line: 2839
Expression 'ret' failed in 'src/hostapi/alsa/pa_linux_alsa.c', line: 1736
Expression 'AlsaOpen( &alsaApi->baseHostApiRep, params, streamDir, &self->pcm )' failed in 'src/hostapi/alsa/pa_linux_alsa.c', line: 1904
Expression 'PaAlsaStreamComponent_Initialize( &self->capture, alsaApi, inParams, StreamDirection_In, NULL != callback )' failed in 'src/hostapi/alsa/pa_linux_alsa.c', line: 2171
Expression 'PaAlsaStream_Initialize( stream, alsaHostApi, inputParameters, outputParameters, sampleRate, framesPerBuffer, callback, streamFlags, userData )' failed in 'src/hostapi/alsa/pa_linux_alsa.c', line: 2839
Expression 'ret' failed in 'src/hostapi/alsa/pa_linux_alsa.c', line: 1736
Expression 'AlsaOpen( &alsaApi->baseHostApiRep, params, streamDir, &self->pcm )' failed in 'src/hostapi/alsa/pa_linux_alsa.c', line: 1904
Expression 'PaAlsaStreamComponent_Initialize( &self->capture, alsaApi, inParams, StreamDirection_In, NULL != callback )' failed in 'src/hostapi/alsa/pa_linux_alsa.c', line: 2171
Expression 'PaAlsaStream_Initialize( stream, alsaHostApi, inputParameters, outputParameters, sampleRate, framesPerBuffer, callback, streamFlags, userData )' failed in 'src/hostapi/alsa/pa_linux_alsa.c', line: 2839
Expression 'ret' failed in 'src/hostapi/alsa/pa_linux_alsa.c', line: 1736
Expression 'AlsaOpen( &alsaApi->baseHostApiRep, params, streamDir, &self->pcm )' failed in 'src/hostapi/alsa/pa_linux_alsa.c', line: 1904
Expression 'PaAlsaStreamComponent_Initialize( &self->capture, alsaApi, inParams, StreamDirection_In, NULL != callback )' failed in 'src/hostapi/alsa/pa_linux_alsa.c', line: 2171
Expression 'PaAlsaStream_Initialize( stream, alsaHostApi, inputParameters, outputParameters, sampleRate, framesPerBuffer, callback, streamFlags, userData )' failed in 'src/hostapi/alsa/pa_linux_alsa.c', line: 2839
Expression 'ret' failed in 'src/hostapi/alsa/pa_linux_alsa.c', line: 1736
Expression 'AlsaOpen( &alsaApi->baseHostApiRep, params, streamDir, &self->pcm )' failed in 'src/hostapi/alsa/pa_linux_alsa.c', line: 1904
Expression 'PaAlsaStreamComponent_Initialize( &self->capture, alsaApi, inParams, StreamDirection_In, NULL != callback )' failed in 'src/hostapi/alsa/pa_linux_alsa.c', line: 2171
Expression 'PaAlsaStream_Initialize( stream, alsaHostApi, inputParameters, outputParameters, sampleRate, framesPerBuffer, callback, streamFlags, userData )' failed in 'src/hostapi/alsa/pa_linux_alsa.c', line: 2839
Expression 'ret' failed in 'src/hostapi/alsa/pa_linux_alsa.c', line: 1736
Expression 'AlsaOpen( &alsaApi->baseHostApiRep, params, streamDir, &self->pcm )' failed in 'src/hostapi/alsa/pa_linux_alsa.c', line: 1904
Expression 'PaAlsaStreamComponent_Initialize( &self->capture, alsaApi, inParams, StreamDirection_In, NULL != callback )' failed in 'src/hostapi/alsa/pa_linux_alsa.c', line: 2171
Expression 'PaAlsaStream_Initialize( stream, alsaHostApi, inputParameters, outputParameters, sampleRate, framesPerBuffer, callback, streamFlags, userData )' failed in 'src/hostapi/alsa/pa_linux_alsa.c', line: 2839
Expression 'ret' failed in 'src/hostapi/alsa/pa_linux_alsa.c', line: 1736
Expression 'AlsaOpen( &alsaApi->baseHostApiRep, params, streamDir, &self->pcm )' failed in 'src/hostapi/alsa/pa_linux_alsa.c', line: 1904
Expression 'PaAlsaStreamComponent_Initialize( &self->capture, alsaApi, inParams, StreamDirection_In, NULL != callback )' failed in 'src/hostapi/alsa/pa_linux_alsa.c', line: 2171
Expression 'PaAlsaStream_Initialize( stream, alsaHostApi, inputParameters, outputParameters, sampleRate, framesPerBuffer, callback, streamFlags, userData )' failed in 'src/hostapi/alsa/pa_linux_alsa.c', line: 2839
Expression 'ret' failed in 'src/hostapi/alsa/pa_linux_alsa.c', line: 1736
Expression 'AlsaOpen( &alsaApi->baseHostApiRep, params, streamDir, &self->pcm )' failed in 'src/hostapi/alsa/pa_linux_alsa.c', line: 1904
Expression 'PaAlsaStreamComponent_Initialize( &self->capture, alsaApi, inParams, StreamDirection_In, NULL != callback )' failed in 'src/hostapi/alsa/pa_linux_alsa.c', line: 2171
Expression 'PaAlsaStream_Initialize( stream, alsaHostApi, inputParameters, outputParameters, sampleRate, framesPerBuffer, callback, streamFlags, userData )' failed in 'src/hostapi/alsa/pa_linux_alsa.c', line: 2839
Expression 'ret' failed in 'src/hostapi/alsa/pa_linux_alsa.c', line: 1736
Expression 'AlsaOpen( &alsaApi->baseHostApiRep, params, streamDir, &self->pcm )' failed in 'src/hostapi/alsa/pa_linux_alsa.c', line: 1904
Expression 'PaAlsaStreamComponent_Initialize( &self->capture, alsaApi, inParams, StreamDirection_In, NULL != callback )' failed in 'src/hostapi/alsa/pa_linux_alsa.c', line: 2171
Expression 'PaAlsaStream_Initialize( stream, alsaHostApi, inputParameters, outputParameters, sampleRate, framesPerBuffer, callback, streamFlags, userData )' failed in 'src/hostapi/alsa/pa_linux_alsa.c', line: 2839
Expression 'ret' failed in 'src/hostapi/alsa/pa_linux_alsa.c', line: 1736
Expression 'AlsaOpen( &alsaApi->baseHostApiRep, params, streamDir, &self->pcm )' failed in 'src/hostapi/alsa/pa_linux_alsa.c', line: 1904
Expression 'PaAlsaStreamComponent_Initialize( &self->capture, alsaApi, inParams, StreamDirection_In, NULL != callback )' failed in 'src/hostapi/alsa/pa_linux_alsa.c', line: 2171
Expression 'PaAlsaStream_Initialize( stream, alsaHostApi, inputParameters, outputParameters, sampleRate, framesPerBuffer, callback, streamFlags, userData )' failed in 'src/hostapi/alsa/pa_linux_alsa.c', line: 2839
Expression 'ret' failed in 'src/hostapi/alsa/pa_linux_alsa.c', line: 1736
Expression 'AlsaOpen( &alsaApi->baseHostApiRep, params, streamDir, &self->pcm )' failed in 'src/hostapi/alsa/pa_linux_alsa.c', line: 1904
Expression 'PaAlsaStreamComponent_Initialize( &self->capture, alsaApi, inParams, StreamDirection_In, NULL != callback )' failed in 'src/hostapi/alsa/pa_linux_alsa.c', line: 2171
Expression 'PaAlsaStream_Initialize( stream, alsaHostApi, inputParameters, outputParameters, sampleRate, framesPerBuffer, callback, streamFlags, userData )' failed in 'src/hostapi/alsa/pa_linux_alsa.c', line: 2839
Expression 'ret' failed in 'src/hostapi/alsa/pa_linux_alsa.c', line: 1736
Expression 'AlsaOpen( &alsaApi->baseHostApiRep, params, streamDir, &self->pcm )' failed in 'src/hostapi/alsa/pa_linux_alsa.c', line: 1904
Expression 'PaAlsaStreamComponent_Initialize( &self->capture, alsaApi, inParams, StreamDirection_In, NULL != callback )' failed in 'src/hostapi/alsa/pa_linux_alsa.c', line: 2171
Expression 'PaAlsaStream_Initialize( stream, alsaHostApi, inputParameters, outputParameters, sampleRate, framesPerBuffer, callback, streamFlags, userData )' failed in 'src/hostapi/alsa/pa_linux_alsa.c', line: 2839
Expression 'ret' failed in 'src/hostapi/alsa/pa_linux_alsa.c', line: 1736
Expression 'AlsaOpen( &alsaApi->baseHostApiRep, params, streamDir, &self->pcm )' failed in 'src/hostapi/alsa/pa_linux_alsa.c', line: 1904
Expression 'PaAlsaStreamComponent_Initialize( &self->capture, alsaApi, inParams, StreamDirection_In, NULL != callback )' failed in 'src/hostapi/alsa/pa_linux_alsa.c', line: 2171
Expression 'PaAlsaStream_Initialize( stream, alsaHostApi, inputParameters, outputParameters, sampleRate, framesPerBuffer, callback, streamFlags, userData )' failed in 'src/hostapi/alsa/pa_linux_alsa.c', line: 2839
Expression 'ret' failed in 'src/hostapi/alsa/pa_linux_alsa.c', line: 1736
Expression 'AlsaOpen( &alsaApi->baseHostApiRep, params, streamDir, &self->pcm )' failed in 'src/hostapi/alsa/pa_linux_alsa.c', line: 1904
Expression 'PaAlsaStreamComponent_Initialize( &self->capture, alsaApi, inParams, StreamDirection_In, NULL != callback )' failed in 'src/hostapi/alsa/pa_linux_alsa.c', line: 2171
Expression 'PaAlsaStream_Initialize( stream, alsaHostApi, inputParameters, outputParameters, sampleRate, framesPerBuffer, callback, streamFlags, userData )' failed in 'src/hostapi/alsa/pa_linux_alsa.c', line: 2839
Expression 'ret' failed in 'src/hostapi/alsa/pa_linux_alsa.c', line: 1736
Expression 'AlsaOpen( &alsaApi->baseHostApiRep, params, streamDir, &self->pcm )' failed in 'src/hostapi/alsa/pa_linux_alsa.c', line: 1904
Expression 'PaAlsaStreamComponent_Initialize( &self->capture, alsaApi, inParams, StreamDirection_In, NULL != callback )' failed in 'src/hostapi/alsa/pa_linux_alsa.c', line: 2171
Expression 'PaAlsaStream_Initialize( stream, alsaHostApi, inputParameters, outputParameters, sampleRate, framesPerBuffer, callback, streamFlags, userData )' failed in 'src/hostapi/alsa/pa_linux_alsa.c', line: 2839
Expression 'ret' failed in 'src/hostapi/alsa/pa_linux_alsa.c', line: 1736
Expression 'AlsaOpen( &alsaApi->baseHostApiRep, params, streamDir, &self->pcm )' failed in 'src/hostapi/alsa/pa_linux_alsa.c', line: 1904
Expression 'PaAlsaStreamComponent_Initialize( &self->capture, alsaApi, inParams, StreamDirection_In, NULL != callback )' failed in 'src/hostapi/alsa/pa_linux_alsa.c', line: 2171
Expression 'PaAlsaStream_Initialize( stream, alsaHostApi, inputParameters, outputParameters, sampleRate, framesPerBuffer, callback, streamFlags, userData )' failed in 'src/hostapi/alsa/pa_linux_alsa.c', line: 2839
Expression 'ret' failed in 'src/hostapi/alsa/pa_linux_alsa.c', line: 1736
Expression 'AlsaOpen( &alsaApi->baseHostApiRep, params, streamDir, &self->pcm )' failed in 'src/hostapi/alsa/pa_linux_alsa.c', line: 1904
Expression 'PaAlsaStreamComponent_Initialize( &self->capture, alsaApi, inParams, StreamDirection_In, NULL != callback )' failed in 'src/hostapi/alsa/pa_linux_alsa.c', line: 2171
Expression 'PaAlsaStream_Initialize( stream, alsaHostApi, inputParameters, outputParameters, sampleRate, framesPerBuffer, callback, streamFlags, userData )' failed in 'src/hostapi/alsa/pa_linux_alsa.c', line: 2839
Expression 'ret' failed in 'src/hostapi/alsa/pa_linux_alsa.c', line: 1736
Expression 'AlsaOpen( &alsaApi->baseHostApiRep, params, streamDir, &self->pcm )' failed in 'src/hostapi/alsa/pa_linux_alsa.c', line: 1904
Expression 'PaAlsaStreamComponent_Initialize( &self->capture, alsaApi, inParams, StreamDirection_In, NULL != callback )' failed in 'src/hostapi/alsa/pa_linux_alsa.c', line: 2171
Expression 'PaAlsaStream_Initialize( stream, alsaHostApi, inputParameters, outputParameters, sampleRate, framesPerBuffer, callback, streamFlags, userData )' failed in 'src/hostapi/alsa/pa_linux_alsa.c', line: 2839
Expression 'ret' failed in 'src/hostapi/alsa/pa_linux_alsa.c', line: 1736
Expression 'AlsaOpen( &alsaApi->baseHostApiRep, params, streamDir, &self->pcm )' failed in 'src/hostapi/alsa/pa_linux_alsa.c', line: 1904
Expression 'PaAlsaStreamComponent_Initialize( &self->capture, alsaApi, inParams, StreamDirection_In, NULL != callback )' failed in 'src/hostapi/alsa/pa_linux_alsa.c', line: 2171
Expression 'PaAlsaStream_Initialize( stream, alsaHostApi, inputParameters, outputParameters, sampleRate, framesPerBuffer, callback, streamFlags, userData )' failed in 'src/hostapi/alsa/pa_linux_alsa.c', line: 2839
Expression 'ret' failed in 'src/hostapi/alsa/pa_linux_alsa.c', line: 1736
Expression 'AlsaOpen( &alsaApi->baseHostApiRep, params, streamDir, &self->pcm )' failed in 'src/hostapi/alsa/pa_linux_alsa.c', line: 1904
Expression 'PaAlsaStreamComponent_Initialize( &self->capture, alsaApi, inParams, StreamDirection_In, NULL != callback )' failed in 'src/hostapi/alsa/pa_linux_alsa.c', line: 2171
Expression 'PaAlsaStream_Initialize( stream, alsaHostApi, inputParameters, outputParameters, sampleRate, framesPerBuffer, callback, streamFlags, userData )' failed in 'src/hostapi/alsa/pa_linux_alsa.c', line: 2839
Expression 'ret' failed in 'src/hostapi/alsa/pa_linux_alsa.c', line: 1736
Expression 'AlsaOpen( &alsaApi->baseHostApiRep, params, streamDir, &self->pcm )' failed in 'src/hostapi/alsa/pa_linux_alsa.c', line: 1904
Expression 'PaAlsaStreamComponent_Initialize( &self->capture, alsaApi, inParams, StreamDirection_In, NULL != callback )' failed in 'src/hostapi/alsa/pa_linux_alsa.c', line: 2171
Expression 'PaAlsaStream_Initialize( stream, alsaHostApi, inputParameters, outputParameters, sampleRate, framesPerBuffer, callback, streamFlags, userData )' failed in 'src/hostapi/alsa/pa_linux_alsa.c', line: 2839
Expression 'ret' failed in 'src/hostapi/alsa/pa_linux_alsa.c', line: 1736
Expression 'AlsaOpen( &alsaApi->baseHostApiRep, params, streamDir, &self->pcm )' failed in 'src/hostapi/alsa/pa_linux_alsa.c', line: 1904
Expression 'PaAlsaStreamComponent_Initialize( &self->capture, alsaApi, inParams, StreamDirection_In, NULL != callback )' failed in 'src/hostapi/alsa/pa_linux_alsa.c', line: 2171
Expression 'PaAlsaStream_Initialize( stream, alsaHostApi, inputParameters, outputParameters, sampleRate, framesPerBuffer, callback, streamFlags, userData )' failed in 'src/hostapi/alsa/pa_linux_alsa.c', line: 2839
Expression 'ret' failed in 'src/hostapi/alsa/pa_linux_alsa.c', line: 1736
Expression 'AlsaOpen( &alsaApi->baseHostApiRep, params, streamDir, &self->pcm )' failed in 'src/hostapi/alsa/pa_linux_alsa.c', line: 1904
Expression 'PaAlsaStreamComponent_Initialize( &self->capture, alsaApi, inParams, StreamDirection_In, NULL != callback )' failed in 'src/hostapi/alsa/pa_linux_alsa.c', line: 2171
Expression 'PaAlsaStream_Initialize( stream, alsaHostApi, inputParameters, outputParameters, sampleRate, framesPerBuffer, callback, streamFlags, userData )' failed in 'src/hostapi/alsa/pa_linux_alsa.c', line: 2839
Expression 'ret' failed in 'src/hostapi/alsa/pa_linux_alsa.c', line: 1736
Expression 'AlsaOpen( &alsaApi->baseHostApiRep, params, streamDir, &self->pcm )' failed in 'src/hostapi/alsa/pa_linux_alsa.c', line: 1904
Expression 'PaAlsaStreamComponent_Initialize( &self->capture, alsaApi, inParams, StreamDirection_In, NULL != callback )' failed in 'src/hostapi/alsa/pa_linux_alsa.c', line: 2171
Expression 'PaAlsaStream_Initialize( stream, alsaHostApi, inputParameters, outputParameters, sampleRate, framesPerBuffer, callback, streamFlags, userData )' failed in 'src/hostapi/alsa/pa_linux_alsa.c', line: 2839
Expression 'ret' failed in 'src/hostapi/alsa/pa_linux_alsa.c', line: 1736
Expression 'AlsaOpen( &alsaApi->baseHostApiRep, params, streamDir, &self->pcm )' failed in 'src/hostapi/alsa/pa_linux_alsa.c', line: 1904
Expression 'PaAlsaStreamComponent_Initialize( &self->capture, alsaApi, inParams, StreamDirection_In, NULL != callback )' failed in 'src/hostapi/alsa/pa_linux_alsa.c', line: 2171
Expression 'PaAlsaStream_Initialize( stream, alsaHostApi, inputParameters, outputParameters, sampleRate, framesPerBuffer, callback, streamFlags, userData )' failed in 'src/hostapi/alsa/pa_linux_alsa.c', line: 2839
Expression 'ret' failed in 'src/hostapi/alsa/pa_linux_alsa.c', line: 1736
Expression 'AlsaOpen( &alsaApi->baseHostApiRep, params, streamDir, &self->pcm )' failed in 'src/hostapi/alsa/pa_linux_alsa.c', line: 1904
Expression 'PaAlsaStreamComponent_Initialize( &self->capture, alsaApi, inParams, StreamDirection_In, NULL != callback )' failed in 'src/hostapi/alsa/pa_linux_alsa.c', line: 2171
Expression 'PaAlsaStream_Initialize( stream, alsaHostApi, inputParameters, outputParameters, sampleRate, framesPerBuffer, callback, streamFlags, userData )' failed in 'src/hostapi/alsa/pa_linux_alsa.c', line: 2839
Expression 'ret' failed in 'src/hostapi/alsa/pa_linux_alsa.c', line: 1736
Expression 'AlsaOpen( &alsaApi->baseHostApiRep, params, streamDir, &self->pcm )' failed in 'src/hostapi/alsa/pa_linux_alsa.c', line: 1904
Expression 'PaAlsaStreamComponent_Initialize( &self->capture, alsaApi, inParams, StreamDirection_In, NULL != callback )' failed in 'src/hostapi/alsa/pa_linux_alsa.c', line: 2171
Expression 'PaAlsaStream_Initialize( stream, alsaHostApi, inputParameters, outputParameters, sampleRate, framesPerBuffer, callback, streamFlags, userData )' failed in 'src/hostapi/alsa/pa_linux_alsa.c', line: 2839
Expression 'ret' failed in 'src/hostapi/alsa/pa_linux_alsa.c', line: 1736
Expression 'AlsaOpen( &alsaApi->baseHostApiRep, params, streamDir, &self->pcm )' failed in 'src/hostapi/alsa/pa_linux_alsa.c', line: 1904
Expression 'PaAlsaStreamComponent_Initialize( &self->capture, alsaApi, inParams, StreamDirection_In, NULL != callback )' failed in 'src/hostapi/alsa/pa_linux_alsa.c', line: 2171
Expression 'PaAlsaStream_Initialize( stream, alsaHostApi, inputParameters, outputParameters, sampleRate, framesPerBuffer, callback, streamFlags, userData )' failed in 'src/hostapi/alsa/pa_linux_alsa.c', line: 2839
Expression 'ret' failed in 'src/hostapi/alsa/pa_linux_alsa.c', line: 1736
Expression 'AlsaOpen( &alsaApi->baseHostApiRep, params, streamDir, &self->pcm )' failed in 'src/hostapi/alsa/pa_linux_alsa.c', line: 1904
Expression 'PaAlsaStreamComponent_Initialize( &self->capture, alsaApi, inParams, StreamDirection_In, NULL != callback )' failed in 'src/hostapi/alsa/pa_linux_alsa.c', line: 2171
Expression 'PaAlsaStream_Initialize( stream, alsaHostApi, inputParameters, outputParameters, sampleRate, framesPerBuffer, callback, streamFlags, userData )' failed in 'src/hostapi/alsa/pa_linux_alsa.c', line: 2839
Expression 'ret' failed in 'src/hostapi/alsa/pa_linux_alsa.c', line: 1736
Expression 'AlsaOpen( &alsaApi->baseHostApiRep, params, streamDir, &self->pcm )' failed in 'src/hostapi/alsa/pa_linux_alsa.c', line: 1904
Expression 'PaAlsaStreamComponent_Initialize( &self->capture, alsaApi, inParams, StreamDirection_In, NULL != callback )' failed in 'src/hostapi/alsa/pa_linux_alsa.c', line: 2171
Expression 'PaAlsaStream_Initialize( stream, alsaHostApi, inputParameters, outputParameters, sampleRate, framesPerBuffer, callback, streamFlags, userData )' failed in 'src/hostapi/alsa/pa_linux_alsa.c', line: 2839
Expression 'ret' failed in 'src/hostapi/alsa/pa_linux_alsa.c', line: 1736
Expression 'AlsaOpen( &alsaApi->baseHostApiRep, params, streamDir, &self->pcm )' failed in 'src/hostapi/alsa/pa_linux_alsa.c', line: 1904
Expression 'PaAlsaStreamComponent_Initialize( &self->capture, alsaApi, inParams, StreamDirection_In, NULL != callback )' failed in 'src/hostapi/alsa/pa_linux_alsa.c', line: 2171
Expression 'PaAlsaStream_Initialize( stream, alsaHostApi, inputParameters, outputParameters, sampleRate, framesPerBuffer, callback, streamFlags, userData )' failed in 'src/hostapi/alsa/pa_linux_alsa.c', line: 2839
Expression 'ret' failed in 'src/hostapi/alsa/pa_linux_alsa.c', line: 1736
Expression 'AlsaOpen( &alsaApi->baseHostApiRep, params, streamDir, &self->pcm )' failed in 'src/hostapi/alsa/pa_linux_alsa.c', line: 1904
Expression 'PaAlsaStreamComponent_Initialize( &self->capture, alsaApi, inParams, StreamDirection_In, NULL != callback )' failed in 'src/hostapi/alsa/pa_linux_alsa.c', line: 2171
Expression 'PaAlsaStream_Initialize( stream, alsaHostApi, inputParameters, outputParameters, sampleRate, framesPerBuffer, callback, streamFlags, userData )' failed in 'src/hostapi/alsa/pa_linux_alsa.c', line: 2839
Expression 'ret' failed in 'src/hostapi/alsa/pa_linux_alsa.c', line: 1736
Expression 'AlsaOpen( &alsaApi->baseHostApiRep, params, streamDir, &self->pcm )' failed in 'src/hostapi/alsa/pa_linux_alsa.c', line: 1904
Expression 'PaAlsaStreamComponent_Initialize( &self->capture, alsaApi, inParams, StreamDirection_In, NULL != callback )' failed in 'src/hostapi/alsa/pa_linux_alsa.c', line: 2171
Expression 'PaAlsaStream_Initialize( stream, alsaHostApi, inputParameters, outputParameters, sampleRate, framesPerBuffer, callback, streamFlags, userData )' failed in 'src/hostapi/alsa/pa_linux_alsa.c', line: 2839
Expression 'ret' failed in 'src/hostapi/alsa/pa_linux_alsa.c', line: 1736
Expression 'AlsaOpen( &alsaApi->baseHostApiRep, params, streamDir, &self->pcm )' failed in 'src/hostapi/alsa/pa_linux_alsa.c', line: 1904
Expression 'PaAlsaStreamComponent_Initialize( &self->capture, alsaApi, inParams, StreamDirection_In, NULL != callback )' failed in 'src/hostapi/alsa/pa_linux_alsa.c', line: 2171
Expression 'PaAlsaStream_Initialize( stream, alsaHostApi, inputParameters, outputParameters, sampleRate, framesPerBuffer, callback, streamFlags, userData )' failed in 'src/hostapi/alsa/pa_linux_alsa.c', line: 2839
Expression 'ret' failed in 'src/hostapi/alsa/pa_linux_alsa.c', line: 1736
Expression 'AlsaOpen( &alsaApi->baseHostApiRep, params, streamDir, &self->pcm )' failed in 'src/hostapi/alsa/pa_linux_alsa.c', line: 1904
Expression 'PaAlsaStreamComponent_Initialize( &self->capture, alsaApi, inParams, StreamDirection_In, NULL != callback )' failed in 'src/hostapi/alsa/pa_linux_alsa.c', line: 2171
Expression 'PaAlsaStream_Initialize( stream, alsaHostApi, inputParameters, outputParameters, sampleRate, framesPerBuffer, callback, streamFlags, userData )' failed in 'src/hostapi/alsa/pa_linux_alsa.c', line: 2839
Expression 'ret' failed in 'src/hostapi/alsa/pa_linux_alsa.c', line: 1736
Expression 'AlsaOpen( &alsaApi->baseHostApiRep, params, streamDir, &self->pcm )' failed in 'src/hostapi/alsa/pa_linux_alsa.c', line: 1904
Expression 'PaAlsaStreamComponent_Initialize( &self->capture, alsaApi, inParams, StreamDirection_In, NULL != callback )' failed in 'src/hostapi/alsa/pa_linux_alsa.c', line: 2171
Expression 'PaAlsaStream_Initialize( stream, alsaHostApi, inputParameters, outputParameters, sampleRate, framesPerBuffer, callback, streamFlags, userData )' failed in 'src/hostapi/alsa/pa_linux_alsa.c', line: 2839
Expression 'ret' failed in 'src/hostapi/alsa/pa_linux_alsa.c', line: 1736
Expression 'AlsaOpen( &alsaApi->baseHostApiRep, params, streamDir, &self->pcm )' failed in 'src/hostapi/alsa/pa_linux_alsa.c', line: 1904
Expression 'PaAlsaStreamComponent_Initialize( &self->capture, alsaApi, inParams, StreamDirection_In, NULL != callback )' failed in 'src/hostapi/alsa/pa_linux_alsa.c', line: 2171
Expression 'PaAlsaStream_Initialize( stream, alsaHostApi, inputParameters, outputParameters, sampleRate, framesPerBuffer, callback, streamFlags, userData )' failed in 'src/hostapi/alsa/pa_linux_alsa.c', line: 2839
Expression 'ret' failed in 'src/hostapi/alsa/pa_linux_alsa.c', line: 1736
Expression 'AlsaOpen( &alsaApi->baseHostApiRep, params, streamDir, &self->pcm )' failed in 'src/hostapi/alsa/pa_linux_alsa.c', line: 1904
Expression 'PaAlsaStreamComponent_Initialize( &self->capture, alsaApi, inParams, StreamDirection_In, NULL != callback )' failed in 'src/hostapi/alsa/pa_linux_alsa.c', line: 2171
Expression 'PaAlsaStream_Initialize( stream, alsaHostApi, inputParameters, outputParameters, sampleRate, framesPerBuffer, callback, streamFlags, userData )' failed in 'src/hostapi/alsa/pa_linux_alsa.c', line: 2839
Expression 'ret' failed in 'src/hostapi/alsa/pa_linux_alsa.c', line: 1736
Expression 'AlsaOpen( &alsaApi->baseHostApiRep, params, streamDir, &self->pcm )' failed in 'src/hostapi/alsa/pa_linux_alsa.c', line: 1904
Expression 'PaAlsaStreamComponent_Initialize( &self->capture, alsaApi, inParams, StreamDirection_In, NULL != callback )' failed in 'src/hostapi/alsa/pa_linux_alsa.c', line: 2171
Expression 'PaAlsaStream_Initialize( stream, alsaHostApi, inputParameters, outputParameters, sampleRate, framesPerBuffer, callback, streamFlags, userData )' failed in 'src/hostapi/alsa/pa_linux_alsa.c', line: 2839
Expression 'ret' failed in 'src/hostapi/alsa/pa_linux_alsa.c', line: 1736
Expression 'AlsaOpen( &alsaApi->baseHostApiRep, params, streamDir, &self->pcm )' failed in 'src/hostapi/alsa/pa_linux_alsa.c', line: 1904
Expression 'PaAlsaStreamComponent_Initialize( &self->capture, alsaApi, inParams, StreamDirection_In, NULL != callback )' failed in 'src/hostapi/alsa/pa_linux_alsa.c', line: 2171
Expression 'PaAlsaStream_Initialize( stream, alsaHostApi, inputParameters, outputParameters, sampleRate, framesPerBuffer, callback, streamFlags, userData )' failed in 'src/hostapi/alsa/pa_linux_alsa.c', line: 2839
Expression 'ret' failed in 'src/hostapi/alsa/pa_linux_alsa.c', line: 1736
Expression 'AlsaOpen( &alsaApi->baseHostApiRep, params, streamDir, &self->pcm )' failed in 'src/hostapi/alsa/pa_linux_alsa.c', line: 1904
Expression 'PaAlsaStreamComponent_Initialize( &self->capture, alsaApi, inParams, StreamDirection_In, NULL != callback )' failed in 'src/hostapi/alsa/pa_linux_alsa.c', line: 2171
Expression 'PaAlsaStream_Initialize( stream, alsaHostApi, inputParameters, outputParameters, sampleRate, framesPerBuffer, callback, streamFlags, userData )' failed in 'src/hostapi/alsa/pa_linux_alsa.c', line: 2839
Expression 'ret' failed in 'src/hostapi/alsa/pa_linux_alsa.c', line: 1736
Expression 'AlsaOpen( &alsaApi->baseHostApiRep, params, streamDir, &self->pcm )' failed in 'src/hostapi/alsa/pa_linux_alsa.c', line: 1904
Expression 'PaAlsaStreamComponent_Initialize( &self->capture, alsaApi, inParams, StreamDirection_In, NULL != callback )' failed in 'src/hostapi/alsa/pa_linux_alsa.c', line: 2171
Expression 'PaAlsaStream_Initialize( stream, alsaHostApi, inputParameters, outputParameters, sampleRate, framesPerBuffer, callback, streamFlags, userData )' failed in 'src/hostapi/alsa/pa_linux_alsa.c', line: 2839
Expression 'ret' failed in 'src/hostapi/alsa/pa_linux_alsa.c', line: 1736
Expression 'AlsaOpen( &alsaApi->baseHostApiRep, params, streamDir, &self->pcm )' failed in 'src/hostapi/alsa/pa_linux_alsa.c', line: 1904
Expression 'PaAlsaStreamComponent_Initialize( &self->capture, alsaApi, inParams, StreamDirection_In, NULL != callback )' failed in 'src/hostapi/alsa/pa_linux_alsa.c', line: 2171
Expression 'PaAlsaStream_Initialize( stream, alsaHostApi, inputParameters, outputParameters, sampleRate, framesPerBuffer, callback, streamFlags, userData )' failed in 'src/hostapi/alsa/pa_linux_alsa.c', line: 2839
Expression 'ret' failed in 'src/hostapi/alsa/pa_linux_alsa.c', line: 1736
Expression 'AlsaOpen( &alsaApi->baseHostApiRep, params, streamDir, &self->pcm )' failed in 'src/hostapi/alsa/pa_linux_alsa.c', line: 1904
Expression 'PaAlsaStreamComponent_Initialize( &self->capture, alsaApi, inParams, StreamDirection_In, NULL != callback )' failed in 'src/hostapi/alsa/pa_linux_alsa.c', line: 2171
Expression 'PaAlsaStream_Initialize( stream, alsaHostApi, inputParameters, outputParameters, sampleRate, framesPerBuffer, callback, streamFlags, userData )' failed in 'src/hostapi/alsa/pa_linux_alsa.c', line: 2839
Expression 'ret' failed in 'src/hostapi/alsa/pa_linux_alsa.c', line: 1736
Expression 'AlsaOpen( &alsaApi->baseHostApiRep, params, streamDir, &self->pcm )' failed in 'src/hostapi/alsa/pa_linux_alsa.c', line: 1904
Expression 'PaAlsaStreamComponent_Initialize( &self->capture, alsaApi, inParams, StreamDirection_In, NULL != callback )' failed in 'src/hostapi/alsa/pa_linux_alsa.c', line: 2171
Expression 'PaAlsaStream_Initialize( stream, alsaHostApi, inputParameters, outputParameters, sampleRate, framesPerBuffer, callback, streamFlags, userData )' failed in 'src/hostapi/alsa/pa_linux_alsa.c', line: 2839
Expression 'ret' failed in 'src/hostapi/alsa/pa_linux_alsa.c', line: 1736
Expression 'AlsaOpen( &alsaApi->baseHostApiRep, params, streamDir, &self->pcm )' failed in 'src/hostapi/alsa/pa_linux_alsa.c', line: 1904
Expression 'PaAlsaStreamComponent_Initialize( &self->capture, alsaApi, inParams, StreamDirection_In, NULL != callback )' failed in 'src/hostapi/alsa/pa_linux_alsa.c', line: 2171
Expression 'PaAlsaStream_Initialize( stream, alsaHostApi, inputParameters, outputParameters, sampleRate, framesPerBuffer, callback, streamFlags, userData )' failed in 'src/hostapi/alsa/pa_linux_alsa.c', line: 2839
Expression 'ret' failed in 'src/hostapi/alsa/pa_linux_alsa.c', line: 1736
Expression 'AlsaOpen( &alsaApi->baseHostApiRep, params, streamDir, &self->pcm )' failed in 'src/hostapi/alsa/pa_linux_alsa.c', line: 1904
Expression 'PaAlsaStreamComponent_Initialize( &self->capture, alsaApi, inParams, StreamDirection_In, NULL != callback )' failed in 'src/hostapi/alsa/pa_linux_alsa.c', line: 2171
Expression 'PaAlsaStream_Initialize( stream, alsaHostApi, inputParameters, outputParameters, sampleRate, framesPerBuffer, callback, streamFlags, userData )' failed in 'src/hostapi/alsa/pa_linux_alsa.c', line: 2839
Expression 'ret' failed in 'src/hostapi/alsa/pa_linux_alsa.c', line: 1736
Expression 'AlsaOpen( &alsaApi->baseHostApiRep, params, streamDir, &self->pcm )' failed in 'src/hostapi/alsa/pa_linux_alsa.c', line: 1904
Expression 'PaAlsaStreamComponent_Initialize( &self->capture, alsaApi, inParams, StreamDirection_In, NULL != callback )' failed in 'src/hostapi/alsa/pa_linux_alsa.c', line: 2171
Expression 'PaAlsaStream_Initialize( stream, alsaHostApi, inputParameters, outputParameters, sampleRate, framesPerBuffer, callback, streamFlags, userData )' failed in 'src/hostapi/alsa/pa_linux_alsa.c', line: 2839
Expression 'ret' failed in 'src/hostapi/alsa/pa_linux_alsa.c', line: 1736
Expression 'AlsaOpen( &alsaApi->baseHostApiRep, params, streamDir, &self->pcm )' failed in 'src/hostapi/alsa/pa_linux_alsa.c', line: 1904
Expression 'PaAlsaStreamComponent_Initialize( &self->capture, alsaApi, inParams, StreamDirection_In, NULL != callback )' failed in 'src/hostapi/alsa/pa_linux_alsa.c', line: 2171
Expression 'PaAlsaStream_Initialize( stream, alsaHostApi, inputParameters, outputParameters, sampleRate, framesPerBuffer, callback, streamFlags, userData )' failed in 'src/hostapi/alsa/pa_linux_alsa.c', line: 2839
Expression 'ret' failed in 'src/hostapi/alsa/pa_linux_alsa.c', line: 1736
Expression 'AlsaOpen( &alsaApi->baseHostApiRep, params, streamDir, &self->pcm )' failed in 'src/hostapi/alsa/pa_linux_alsa.c', line: 1904
Expression 'PaAlsaStreamComponent_Initialize( &self->capture, alsaApi, inParams, StreamDirection_In, NULL != callback )' failed in 'src/hostapi/alsa/pa_linux_alsa.c', line: 2171
Expression 'PaAlsaStream_Initialize( stream, alsaHostApi, inputParameters, outputParameters, sampleRate, framesPerBuffer, callback, streamFlags, userData )' failed in 'src/hostapi/alsa/pa_linux_alsa.c', line: 2839
Expression 'ret' failed in 'src/hostapi/alsa/pa_linux_alsa.c', line: 1736
Expression 'AlsaOpen( &alsaApi->baseHostApiRep, params, streamDir, &self->pcm )' failed in 'src/hostapi/alsa/pa_linux_alsa.c', line: 1904
Expression 'PaAlsaStreamComponent_Initialize( &self->capture, alsaApi, inParams, StreamDirection_In, NULL != callback )' failed in 'src/hostapi/alsa/pa_linux_alsa.c', line: 2171
Expression 'PaAlsaStream_Initialize( stream, alsaHostApi, inputParameters, outputParameters, sampleRate, framesPerBuffer, callback, streamFlags, userData )' failed in 'src/hostapi/alsa/pa_linux_alsa.c', line: 2839
Expression 'ret' failed in 'src/hostapi/alsa/pa_linux_alsa.c', line: 1736
Expression 'AlsaOpen( &alsaApi->baseHostApiRep, params, streamDir, &self->pcm )' failed in 'src/hostapi/alsa/pa_linux_alsa.c', line: 1904
Expression 'PaAlsaStreamComponent_Initialize( &self->capture, alsaApi, inParams, StreamDirection_In, NULL != callback )' failed in 'src/hostapi/alsa/pa_linux_alsa.c', line: 2171
Expression 'PaAlsaStream_Initialize( stream, alsaHostApi, inputParameters, outputParameters, sampleRate, framesPerBuffer, callback, streamFlags, userData )' failed in 'src/hostapi/alsa/pa_linux_alsa.c', line: 2839
Expression 'ret' failed in 'src/hostapi/alsa/pa_linux_alsa.c', line: 1736
Expression 'AlsaOpen( &alsaApi->baseHostApiRep, params, streamDir, &self->pcm )' failed in 'src/hostapi/alsa/pa_linux_alsa.c', line: 1904
Expression 'PaAlsaStreamComponent_Initialize( &self->capture, alsaApi, inParams, StreamDirection_In, NULL != callback )' failed in 'src/hostapi/alsa/pa_linux_alsa.c', line: 2171
Expression 'PaAlsaStream_Initialize( stream, alsaHostApi, inputParameters, outputParameters, sampleRate, framesPerBuffer, callback, streamFlags, userData )' failed in 'src/hostapi/alsa/pa_linux_alsa.c', line: 2839
Expression 'ret' failed in 'src/hostapi/alsa/pa_linux_alsa.c', line: 1736
Expression 'AlsaOpen( &alsaApi->baseHostApiRep, params, streamDir, &self->pcm )' failed in 'src/hostapi/alsa/pa_linux_alsa.c', line: 1904
Expression 'PaAlsaStreamComponent_Initialize( &self->capture, alsaApi, inParams, StreamDirection_In, NULL != callback )' failed in 'src/hostapi/alsa/pa_linux_alsa.c', line: 2171
Expression 'PaAlsaStream_Initialize( stream, alsaHostApi, inputParameters, outputParameters, sampleRate, framesPerBuffer, callback, streamFlags, userData )' failed in 'src/hostapi/alsa/pa_linux_alsa.c', line: 2839
Expression 'ret' failed in 'src/hostapi/alsa/pa_linux_alsa.c', line: 1736
Expression 'AlsaOpen( &alsaApi->baseHostApiRep, params, streamDir, &self->pcm )' failed in 'src/hostapi/alsa/pa_linux_alsa.c', line: 1904
Expression 'PaAlsaStreamComponent_Initialize( &self->capture, alsaApi, inParams, StreamDirection_In, NULL != callback )' failed in 'src/hostapi/alsa/pa_linux_alsa.c', line: 2171
Expression 'PaAlsaStream_Initialize( stream, alsaHostApi, inputParameters, outputParameters, sampleRate, framesPerBuffer, callback, streamFlags, userData )' failed in 'src/hostapi/alsa/pa_linux_alsa.c', line: 2839
Expression 'ret' failed in 'src/hostapi/alsa/pa_linux_alsa.c', line: 1736
Expression 'AlsaOpen( &alsaApi->baseHostApiRep, params, streamDir, &self->pcm )' failed in 'src/hostapi/alsa/pa_linux_alsa.c', line: 1904
Expression 'PaAlsaStreamComponent_Initialize( &self->capture, alsaApi, inParams, StreamDirection_In, NULL != callback )' failed in 'src/hostapi/alsa/pa_linux_alsa.c', line: 2171
Expression 'PaAlsaStream_Initialize( stream, alsaHostApi, inputParameters, outputParameters, sampleRate, framesPerBuffer, callback, streamFlags, userData )' failed in 'src/hostapi/alsa/pa_linux_alsa.c', line: 2839
Expression 'ret' failed in 'src/hostapi/alsa/pa_linux_alsa.c', line: 1736
Expression 'AlsaOpen( &alsaApi->baseHostApiRep, params, streamDir, &self->pcm )' failed in 'src/hostapi/alsa/pa_linux_alsa.c', line: 1904
Expression 'PaAlsaStreamComponent_Initialize( &self->capture, alsaApi, inParams, StreamDirection_In, NULL != callback )' failed in 'src/hostapi/alsa/pa_linux_alsa.c', line: 2171
Expression 'PaAlsaStream_Initialize( stream, alsaHostApi, inputParameters, outputParameters, sampleRate, framesPerBuffer, callback, streamFlags, userData )' failed in 'src/hostapi/alsa/pa_linux_alsa.c', line: 2839
Expression 'ret' failed in 'src/hostapi/alsa/pa_linux_alsa.c', line: 1736
Expression 'AlsaOpen( &alsaApi->baseHostApiRep, params, streamDir, &self->pcm )' failed in 'src/hostapi/alsa/pa_linux_alsa.c', line: 1904
Expression 'PaAlsaStreamComponent_Initialize( &self->capture, alsaApi, inParams, StreamDirection_In, NULL != callback )' failed in 'src/hostapi/alsa/pa_linux_alsa.c', line: 2171
Expression 'PaAlsaStream_Initialize( stream, alsaHostApi, inputParameters, outputParameters, sampleRate, framesPerBuffer, callback, streamFlags, userData )' failed in 'src/hostapi/alsa/pa_linux_alsa.c', line: 2839
Expression 'ret' failed in 'src/hostapi/alsa/pa_linux_alsa.c', line: 1736
Expression 'AlsaOpen( &alsaApi->baseHostApiRep, params, streamDir, &self->pcm )' failed in 'src/hostapi/alsa/pa_linux_alsa.c', line: 1904
Expression 'PaAlsaStreamComponent_Initialize( &self->capture, alsaApi, inParams, StreamDirection_In, NULL != callback )' failed in 'src/hostapi/alsa/pa_linux_alsa.c', line: 2171
Expression 'PaAlsaStream_Initialize( stream, alsaHostApi, inputParameters, outputParameters, sampleRate, framesPerBuffer, callback, streamFlags, userData )' failed in 'src/hostapi/alsa/pa_linux_alsa.c', line: 2839
Expression 'ret' failed in 'src/hostapi/alsa/pa_linux_alsa.c', line: 1736
Expression 'AlsaOpen( &alsaApi->baseHostApiRep, params, streamDir, &self->pcm )' failed in 'src/hostapi/alsa/pa_linux_alsa.c', line: 1904
Expression 'PaAlsaStreamComponent_Initialize( &self->capture, alsaApi, inParams, StreamDirection_In, NULL != callback )' failed in 'src/hostapi/alsa/pa_linux_alsa.c', line: 2171
Expression 'PaAlsaStream_Initialize( stream, alsaHostApi, inputParameters, outputParameters, sampleRate, framesPerBuffer, callback, streamFlags, userData )' failed in 'src/hostapi/alsa/pa_linux_alsa.c', line: 2839
Expression 'ret' failed in 'src/hostapi/alsa/pa_linux_alsa.c', line: 1736
Expression 'AlsaOpen( &alsaApi->baseHostApiRep, params, streamDir, &self->pcm )' failed in 'src/hostapi/alsa/pa_linux_alsa.c', line: 1904
Expression 'PaAlsaStreamComponent_Initialize( &self->capture, alsaApi, inParams, StreamDirection_In, NULL != callback )' failed in 'src/hostapi/alsa/pa_linux_alsa.c', line: 2171
Expression 'PaAlsaStream_Initialize( stream, alsaHostApi, inputParameters, outputParameters, sampleRate, framesPerBuffer, callback, streamFlags, userData )' failed in 'src/hostapi/alsa/pa_linux_alsa.c', line: 2839
Expression 'ret' failed in 'src/hostapi/alsa/pa_linux_alsa.c', line: 1736
Expression 'AlsaOpen( &alsaApi->baseHostApiRep, params, streamDir, &self->pcm )' failed in 'src/hostapi/alsa/pa_linux_alsa.c', line: 1904
Expression 'PaAlsaStreamComponent_Initialize( &self->capture, alsaApi, inParams, StreamDirection_In, NULL != callback )' failed in 'src/hostapi/alsa/pa_linux_alsa.c', line: 2171
Expression 'PaAlsaStream_Initialize( stream, alsaHostApi, inputParameters, outputParameters, sampleRate, framesPerBuffer, callback, streamFlags, userData )' failed in 'src/hostapi/alsa/pa_linux_alsa.c', line: 2839
Expression 'ret' failed in 'src/hostapi/alsa/pa_linux_alsa.c', line: 1736
Expression 'AlsaOpen( &alsaApi->baseHostApiRep, params, streamDir, &self->pcm )' failed in 'src/hostapi/alsa/pa_linux_alsa.c', line: 1904
Expression 'PaAlsaStreamComponent_Initialize( &self->capture, alsaApi, inParams, StreamDirection_In, NULL != callback )' failed in 'src/hostapi/alsa/pa_linux_alsa.c', line: 2171
Expression 'PaAlsaStream_Initialize( stream, alsaHostApi, inputParameters, outputParameters, sampleRate, framesPerBuffer, callback, streamFlags, userData )' failed in 'src/hostapi/alsa/pa_linux_alsa.c', line: 2839
Expression 'ret' failed in 'src/hostapi/alsa/pa_linux_alsa.c', line: 1736
Expression 'AlsaOpen( &alsaApi->baseHostApiRep, params, streamDir, &self->pcm )' failed in 'src/hostapi/alsa/pa_linux_alsa.c', line: 1904
Expression 'PaAlsaStreamComponent_Initialize( &self->capture, alsaApi, inParams, StreamDirection_In, NULL != callback )' failed in 'src/hostapi/alsa/pa_linux_alsa.c', line: 2171
Expression 'PaAlsaStream_Initialize( stream, alsaHostApi, inputParameters, outputParameters, sampleRate, framesPerBuffer, callback, streamFlags, userData )' failed in 'src/hostapi/alsa/pa_linux_alsa.c', line: 2839
Expression 'ret' failed in 'src/hostapi/alsa/pa_linux_alsa.c', line: 1736
Expression 'AlsaOpen( &alsaApi->baseHostApiRep, params, streamDir, &self->pcm )' failed in 'src/hostapi/alsa/pa_linux_alsa.c', line: 1904
Expression 'PaAlsaStreamComponent_Initialize( &self->capture, alsaApi, inParams, StreamDirection_In, NULL != callback )' failed in 'src/hostapi/alsa/pa_linux_alsa.c', line: 2171
Expression 'PaAlsaStream_Initialize( stream, alsaHostApi, inputParameters, outputParameters, sampleRate, framesPerBuffer, callback, streamFlags, userData )' failed in 'src/hostapi/alsa/pa_linux_alsa.c', line: 2839
Expression 'ret' failed in 'src/hostapi/alsa/pa_linux_alsa.c', line: 1736
Expression 'AlsaOpen( &alsaApi->baseHostApiRep, params, streamDir, &self->pcm )' failed in 'src/hostapi/alsa/pa_linux_alsa.c', line: 1904
Expression 'PaAlsaStreamComponent_Initialize( &self->capture, alsaApi, inParams, StreamDirection_In, NULL != callback )' failed in 'src/hostapi/alsa/pa_linux_alsa.c', line: 2171
Expression 'PaAlsaStream_Initialize( stream, alsaHostApi, inputParameters, outputParameters, sampleRate, framesPerBuffer, callback, streamFlags, userData )' failed in 'src/hostapi/alsa/pa_linux_alsa.c', line: 2839
Expression 'ret' failed in 'src/hostapi/alsa/pa_linux_alsa.c', line: 1736
Expression 'AlsaOpen( &alsaApi->baseHostApiRep, params, streamDir, &self->pcm )' failed in 'src/hostapi/alsa/pa_linux_alsa.c', line: 1904
Expression 'PaAlsaStreamComponent_Initialize( &self->capture, alsaApi, inParams, StreamDirection_In, NULL != callback )' failed in 'src/hostapi/alsa/pa_linux_alsa.c', line: 2171
Expression 'PaAlsaStream_Initialize( stream, alsaHostApi, inputParameters, outputParameters, sampleRate, framesPerBuffer, callback, streamFlags, userData )' failed in 'src/hostapi/alsa/pa_linux_alsa.c', line: 2839
Expression 'ret' failed in 'src/hostapi/alsa/pa_linux_alsa.c', line: 1736
Expression 'AlsaOpen( &alsaApi->baseHostApiRep, params, streamDir, &self->pcm )' failed in 'src/hostapi/alsa/pa_linux_alsa.c', line: 1904
Expression 'PaAlsaStreamComponent_Initialize( &self->capture, alsaApi, inParams, StreamDirection_In, NULL != callback )' failed in 'src/hostapi/alsa/pa_linux_alsa.c', line: 2171
Expression 'PaAlsaStream_Initialize( stream, alsaHostApi, inputParameters, outputParameters, sampleRate, framesPerBuffer, callback, streamFlags, userData )' failed in 'src/hostapi/alsa/pa_linux_alsa.c', line: 2839
Expression 'ret' failed in 'src/hostapi/alsa/pa_linux_alsa.c', line: 1736
Expression 'AlsaOpen( &alsaApi->baseHostApiRep, params, streamDir, &self->pcm )' failed in 'src/hostapi/alsa/pa_linux_alsa.c', line: 1904
Expression 'PaAlsaStreamComponent_Initialize( &self->capture, alsaApi, inParams, StreamDirection_In, NULL != callback )' failed in 'src/hostapi/alsa/pa_linux_alsa.c', line: 2171
Expression 'PaAlsaStream_Initialize( stream, alsaHostApi, inputParameters, outputParameters, sampleRate, framesPerBuffer, callback, streamFlags, userData )' failed in 'src/hostapi/alsa/pa_linux_alsa.c', line: 2839
Expression 'ret' failed in 'src/hostapi/alsa/pa_linux_alsa.c', line: 1736
Expression 'AlsaOpen( &alsaApi->baseHostApiRep, params, streamDir, &self->pcm )' failed in 'src/hostapi/alsa/pa_linux_alsa.c', line: 1904
Expression 'PaAlsaStreamComponent_Initialize( &self->capture, alsaApi, inParams, StreamDirection_In, NULL != callback )' failed in 'src/hostapi/alsa/pa_linux_alsa.c', line: 2171
Expression 'PaAlsaStream_Initialize( stream, alsaHostApi, inputParameters, outputParameters, sampleRate, framesPerBuffer, callback, streamFlags, userData )' failed in 'src/hostapi/alsa/pa_linux_alsa.c', line: 2839
Expression 'ret' failed in 'src/hostapi/alsa/pa_linux_alsa.c', line: 1736
Expression 'AlsaOpen( &alsaApi->baseHostApiRep, params, streamDir, &self->pcm )' failed in 'src/hostapi/alsa/pa_linux_alsa.c', line: 1904
Expression 'PaAlsaStreamComponent_Initialize( &self->capture, alsaApi, inParams, StreamDirection_In, NULL != callback )' failed in 'src/hostapi/alsa/pa_linux_alsa.c', line: 2171
Expression 'PaAlsaStream_Initialize( stream, alsaHostApi, inputParameters, outputParameters, sampleRate, framesPerBuffer, callback, streamFlags, userData )' failed in 'src/hostapi/alsa/pa_linux_alsa.c', line: 2839
Expression 'ret' failed in 'src/hostapi/alsa/pa_linux_alsa.c', line: 1736
Expression 'AlsaOpen( &alsaApi->baseHostApiRep, params, streamDir, &self->pcm )' failed in 'src/hostapi/alsa/pa_linux_alsa.c', line: 1904
Expression 'PaAlsaStreamComponent_Initialize( &self->capture, alsaApi, inParams, StreamDirection_In, NULL != callback )' failed in 'src/hostapi/alsa/pa_linux_alsa.c', line: 2171
Expression 'PaAlsaStream_Initialize( stream, alsaHostApi, inputParameters, outputParameters, sampleRate, framesPerBuffer, callback, streamFlags, userData )' failed in 'src/hostapi/alsa/pa_linux_alsa.c', line: 2839
Expression 'ret' failed in 'src/hostapi/alsa/pa_linux_alsa.c', line: 1736
Expression 'AlsaOpen( &alsaApi->baseHostApiRep, params, streamDir, &self->pcm )' failed in 'src/hostapi/alsa/pa_linux_alsa.c', line: 1904
Expression 'PaAlsaStreamComponent_Initialize( &self->capture, alsaApi, inParams, StreamDirection_In, NULL != callback )' failed in 'src/hostapi/alsa/pa_linux_alsa.c', line: 2171
Expression 'PaAlsaStream_Initialize( stream, alsaHostApi, inputParameters, outputParameters, sampleRate, framesPerBuffer, callback, streamFlags, userData )' failed in 'src/hostapi/alsa/pa_linux_alsa.c', line: 2839
Expression 'ret' failed in 'src/hostapi/alsa/pa_linux_alsa.c', line: 1736
Expression 'AlsaOpen( &alsaApi->baseHostApiRep, params, streamDir, &self->pcm )' failed in 'src/hostapi/alsa/pa_linux_alsa.c', line: 1904
Expression 'PaAlsaStreamComponent_Initialize( &self->capture, alsaApi, inParams, StreamDirection_In, NULL != callback )' failed in 'src/hostapi/alsa/pa_linux_alsa.c', line: 2171
Expression 'PaAlsaStream_Initialize( stream, alsaHostApi, inputParameters, outputParameters, sampleRate, framesPerBuffer, callback, streamFlags, userData )' failed in 'src/hostapi/alsa/pa_linux_alsa.c', line: 2839
Expression 'ret' failed in 'src/hostapi/alsa/pa_linux_alsa.c', line: 1736
Expression 'AlsaOpen( &alsaApi->baseHostApiRep, params, streamDir, &self->pcm )' failed in 'src/hostapi/alsa/pa_linux_alsa.c', line: 1904
Expression 'PaAlsaStreamComponent_Initialize( &self->capture, alsaApi, inParams, StreamDirection_In, NULL != callback )' failed in 'src/hostapi/alsa/pa_linux_alsa.c', line: 2171
Expression 'PaAlsaStream_Initialize( stream, alsaHostApi, inputParameters, outputParameters, sampleRate, framesPerBuffer, callback, streamFlags, userData )' failed in 'src/hostapi/alsa/pa_linux_alsa.c', line: 2839
Expression 'ret' failed in 'src/hostapi/alsa/pa_linux_alsa.c', line: 1736
Expression 'AlsaOpen( &alsaApi->baseHostApiRep, params, streamDir, &self->pcm )' failed in 'src/hostapi/alsa/pa_linux_alsa.c', line: 1904
Expression 'PaAlsaStreamComponent_Initialize( &self->capture, alsaApi, inParams, StreamDirection_In, NULL != callback )' failed in 'src/hostapi/alsa/pa_linux_alsa.c', line: 2171
Expression 'PaAlsaStream_Initialize( stream, alsaHostApi, inputParameters, outputParameters, sampleRate, framesPerBuffer, callback, streamFlags, userData )' failed in 'src/hostapi/alsa/pa_linux_alsa.c', line: 2839
Expression 'ret' failed in 'src/hostapi/alsa/pa_linux_alsa.c', line: 1736
Expression 'AlsaOpen( &alsaApi->baseHostApiRep, params, streamDir, &self->pcm )' failed in 'src/hostapi/alsa/pa_linux_alsa.c', line: 1904
Expression 'PaAlsaStreamComponent_Initialize( &self->capture, alsaApi, inParams, StreamDirection_In, NULL != callback )' failed in 'src/hostapi/alsa/pa_linux_alsa.c', line: 2171
Expression 'PaAlsaStream_Initialize( stream, alsaHostApi, inputParameters, outputParameters, sampleRate, framesPerBuffer, callback, streamFlags, userData )' failed in 'src/hostapi/alsa/pa_linux_alsa.c', line: 2839
Expression 'ret' failed in 'src/hostapi/alsa/pa_linux_alsa.c', line: 1736
Expression 'AlsaOpen( &alsaApi->baseHostApiRep, params, streamDir, &self->pcm )' failed in 'src/hostapi/alsa/pa_linux_alsa.c', line: 1904
Expression 'PaAlsaStreamComponent_Initialize( &self->capture, alsaApi, inParams, StreamDirection_In, NULL != callback )' failed in 'src/hostapi/alsa/pa_linux_alsa.c', line: 2171
Expression 'PaAlsaStream_Initialize( stream, alsaHostApi, inputParameters, outputParameters, sampleRate, framesPerBuffer, callback, streamFlags, userData )' failed in 'src/hostapi/alsa/pa_linux_alsa.c', line: 2839
Expression 'ret' failed in 'src/hostapi/alsa/pa_linux_alsa.c', line: 1736
Expression 'AlsaOpen( &alsaApi->baseHostApiRep, params, streamDir, &self->pcm )' failed in 'src/hostapi/alsa/pa_linux_alsa.c', line: 1904
Expression 'PaAlsaStreamComponent_Initialize( &self->capture, alsaApi, inParams, StreamDirection_In, NULL != callback )' failed in 'src/hostapi/alsa/pa_linux_alsa.c', line: 2171
Expression 'PaAlsaStream_Initialize( stream, alsaHostApi, inputParameters, outputParameters, sampleRate, framesPerBuffer, callback, streamFlags, userData )' failed in 'src/hostapi/alsa/pa_linux_alsa.c', line: 2839
Expression 'ret' failed in 'src/hostapi/alsa/pa_linux_alsa.c', line: 1736
Expression 'AlsaOpen( &alsaApi->baseHostApiRep, params, streamDir, &self->pcm )' failed in 'src/hostapi/alsa/pa_linux_alsa.c', line: 1904
Expression 'PaAlsaStreamComponent_Initialize( &self->capture, alsaApi, inParams, StreamDirection_In, NULL != callback )' failed in 'src/hostapi/alsa/pa_linux_alsa.c', line: 2171
Expression 'PaAlsaStream_Initialize( stream, alsaHostApi, inputParameters, outputParameters, sampleRate, framesPerBuffer, callback, streamFlags, userData )' failed in 'src/hostapi/alsa/pa_linux_alsa.c', line: 2839
Expression 'ret' failed in 'src/hostapi/alsa/pa_linux_alsa.c', line: 1736
Expression 'AlsaOpen( &alsaApi->baseHostApiRep, params, streamDir, &self->pcm )' failed in 'src/hostapi/alsa/pa_linux_alsa.c', line: 1904
Expression 'PaAlsaStreamComponent_Initialize( &self->capture, alsaApi, inParams, StreamDirection_In, NULL != callback )' failed in 'src/hostapi/alsa/pa_linux_alsa.c', line: 2171
Expression 'PaAlsaStream_Initialize( stream, alsaHostApi, inputParameters, outputParameters, sampleRate, framesPerBuffer, callback, streamFlags, userData )' failed in 'src/hostapi/alsa/pa_linux_alsa.c', line: 2839
Expression 'ret' failed in 'src/hostapi/alsa/pa_linux_alsa.c', line: 1736
Expression 'AlsaOpen( &alsaApi->baseHostApiRep, params, streamDir, &self->pcm )' failed in 'src/hostapi/alsa/pa_linux_alsa.c', line: 1904
Expression 'PaAlsaStreamComponent_Initialize( &self->capture, alsaApi, inParams, StreamDirection_In, NULL != callback )' failed in 'src/hostapi/alsa/pa_linux_alsa.c', line: 2171
Expression 'PaAlsaStream_Initialize( stream, alsaHostApi, inputParameters, outputParameters, sampleRate, framesPerBuffer, callback, streamFlags, userData )' failed in 'src/hostapi/alsa/pa_linux_alsa.c', line: 2839
Expression 'ret' failed in 'src/hostapi/alsa/pa_linux_alsa.c', line: 1736
Expression 'AlsaOpen( &alsaApi->baseHostApiRep, params, streamDir, &self->pcm )' failed in 'src/hostapi/alsa/pa_linux_alsa.c', line: 1904
Expression 'PaAlsaStreamComponent_Initialize( &self->capture, alsaApi, inParams, StreamDirection_In, NULL != callback )' failed in 'src/hostapi/alsa/pa_linux_alsa.c', line: 2171
Expression 'PaAlsaStream_Initialize( stream, alsaHostApi, inputParameters, outputParameters, sampleRate, framesPerBuffer, callback, streamFlags, userData )' failed in 'src/hostapi/alsa/pa_linux_alsa.c', line: 2839
Expression 'ret' failed in 'src/hostapi/alsa/pa_linux_alsa.c', line: 1736
Expression 'AlsaOpen( &alsaApi->baseHostApiRep, params, streamDir, &self->pcm )' failed in 'src/hostapi/alsa/pa_linux_alsa.c', line: 1904
Expression 'PaAlsaStreamComponent_Initialize( &self->capture, alsaApi, inParams, StreamDirection_In, NULL != callback )' failed in 'src/hostapi/alsa/pa_linux_alsa.c', line: 2171
Expression 'PaAlsaStream_Initialize( stream, alsaHostApi, inputParameters, outputParameters, sampleRate, framesPerBuffer, callback, streamFlags, userData )' failed in 'src/hostapi/alsa/pa_linux_alsa.c', line: 2839
Expression 'ret' failed in 'src/hostapi/alsa/pa_linux_alsa.c', line: 1736
Expression 'AlsaOpen( &alsaApi->baseHostApiRep, params, streamDir, &self->pcm )' failed in 'src/hostapi/alsa/pa_linux_alsa.c', line: 1904
Expression 'PaAlsaStreamComponent_Initialize( &self->capture, alsaApi, inParams, StreamDirection_In, NULL != callback )' failed in 'src/hostapi/alsa/pa_linux_alsa.c', line: 2171
Expression 'PaAlsaStream_Initialize( stream, alsaHostApi, inputParameters, outputParameters, sampleRate, framesPerBuffer, callback, streamFlags, userData )' failed in 'src/hostapi/alsa/pa_linux_alsa.c', line: 2839
Expression 'ret' failed in 'src/hostapi/alsa/pa_linux_alsa.c', line: 1736
Expression 'AlsaOpen( &alsaApi->baseHostApiRep, params, streamDir, &self->pcm )' failed in 'src/hostapi/alsa/pa_linux_alsa.c', line: 1904
Expression 'PaAlsaStreamComponent_Initialize( &self->capture, alsaApi, inParams, StreamDirection_In, NULL != callback )' failed in 'src/hostapi/alsa/pa_linux_alsa.c', line: 2171
Expression 'PaAlsaStream_Initialize( stream, alsaHostApi, inputParameters, outputParameters, sampleRate, framesPerBuffer, callback, streamFlags, userData )' failed in 'src/hostapi/alsa/pa_linux_alsa.c', line: 2839
Expression 'ret' failed in 'src/hostapi/alsa/pa_linux_alsa.c', line: 1736
Expression 'AlsaOpen( &alsaApi->baseHostApiRep, params, streamDir, &self->pcm )' failed in 'src/hostapi/alsa/pa_linux_alsa.c', line: 1904
Expression 'PaAlsaStreamComponent_Initialize( &self->capture, alsaApi, inParams, StreamDirection_In, NULL != callback )' failed in 'src/hostapi/alsa/pa_linux_alsa.c', line: 2171
Expression 'PaAlsaStream_Initialize( stream, alsaHostApi, inputParameters, outputParameters, sampleRate, framesPerBuffer, callback, streamFlags, userData )' failed in 'src/hostapi/alsa/pa_linux_alsa.c', line: 2839
Expression 'ret' failed in 'src/hostapi/alsa/pa_linux_alsa.c', line: 1736
Expression 'AlsaOpen( &alsaApi->baseHostApiRep, params, streamDir, &self->pcm )' failed in 'src/hostapi/alsa/pa_linux_alsa.c', line: 1904
Expression 'PaAlsaStreamComponent_Initialize( &self->capture, alsaApi, inParams, StreamDirection_In, NULL != callback )' failed in 'src/hostapi/alsa/pa_linux_alsa.c', line: 2171
Expression 'PaAlsaStream_Initialize( stream, alsaHostApi, inputParameters, outputParameters, sampleRate, framesPerBuffer, callback, streamFlags, userData )' failed in 'src/hostapi/alsa/pa_linux_alsa.c', line: 2839
Expression 'ret' failed in 'src/hostapi/alsa/pa_linux_alsa.c', line: 1736
Expression 'AlsaOpen( &alsaApi->baseHostApiRep, params, streamDir, &self->pcm )' failed in 'src/hostapi/alsa/pa_linux_alsa.c', line: 1904
Expression 'PaAlsaStreamComponent_Initialize( &self->capture, alsaApi, inParams, StreamDirection_In, NULL != callback )' failed in 'src/hostapi/alsa/pa_linux_alsa.c', line: 2171
Expression 'PaAlsaStream_Initialize( stream, alsaHostApi, inputParameters, outputParameters, sampleRate, framesPerBuffer, callback, streamFlags, userData )' failed in 'src/hostapi/alsa/pa_linux_alsa.c', line: 2839
Expression 'ret' failed in 'src/hostapi/alsa/pa_linux_alsa.c', line: 1736
Expression 'AlsaOpen( &alsaApi->baseHostApiRep, params, streamDir, &self->pcm )' failed in 'src/hostapi/alsa/pa_linux_alsa.c', line: 1904
Expression 'PaAlsaStreamComponent_Initialize( &self->capture, alsaApi, inParams, StreamDirection_In, NULL != callback )' failed in 'src/hostapi/alsa/pa_linux_alsa.c', line: 2171
Expression 'PaAlsaStream_Initialize( stream, alsaHostApi, inputParameters, outputParameters, sampleRate, framesPerBuffer, callback, streamFlags, userData )' failed in 'src/hostapi/alsa/pa_linux_alsa.c', line: 2839
Expression 'ret' failed in 'src/hostapi/alsa/pa_linux_alsa.c', line: 1736
Expression 'AlsaOpen( &alsaApi->baseHostApiRep, params, streamDir, &self->pcm )' failed in 'src/hostapi/alsa/pa_linux_alsa.c', line: 1904
Expression 'PaAlsaStreamComponent_Initialize( &self->capture, alsaApi, inParams, StreamDirection_In, NULL != callback )' failed in 'src/hostapi/alsa/pa_linux_alsa.c', line: 2171
Expression 'PaAlsaStream_Initialize( stream, alsaHostApi, inputParameters, outputParameters, sampleRate, framesPerBuffer, callback, streamFlags, userData )' failed in 'src/hostapi/alsa/pa_linux_alsa.c', line: 2839
Expression 'ret' failed in 'src/hostapi/alsa/pa_linux_alsa.c', line: 1736
Expression 'AlsaOpen( &alsaApi->baseHostApiRep, params, streamDir, &self->pcm )' failed in 'src/hostapi/alsa/pa_linux_alsa.c', line: 1904
Expression 'PaAlsaStreamComponent_Initialize( &self->capture, alsaApi, inParams, StreamDirection_In, NULL != callback )' failed in 'src/hostapi/alsa/pa_linux_alsa.c', line: 2171
Expression 'PaAlsaStream_Initialize( stream, alsaHostApi, inputParameters, outputParameters, sampleRate, framesPerBuffer, callback, streamFlags, userData )' failed in 'src/hostapi/alsa/pa_linux_alsa.c', line: 2839
Expression 'ret' failed in 'src/hostapi/alsa/pa_linux_alsa.c', line: 1736
Expression 'AlsaOpen( &alsaApi->baseHostApiRep, params, streamDir, &self->pcm )' failed in 'src/hostapi/alsa/pa_linux_alsa.c', line: 1904
Expression 'PaAlsaStreamComponent_Initialize( &self->capture, alsaApi, inParams, StreamDirection_In, NULL != callback )' failed in 'src/hostapi/alsa/pa_linux_alsa.c', line: 2171
Expression 'PaAlsaStream_Initialize( stream, alsaHostApi, inputParameters, outputParameters, sampleRate, framesPerBuffer, callback, streamFlags, userData )' failed in 'src/hostapi/alsa/pa_linux_alsa.c', line: 2839
Expression 'ret' failed in 'src/hostapi/alsa/pa_linux_alsa.c', line: 1736
Expression 'AlsaOpen( &alsaApi->baseHostApiRep, params, streamDir, &self->pcm )' failed in 'src/hostapi/alsa/pa_linux_alsa.c', line: 1904
Expression 'PaAlsaStreamComponent_Initialize( &self->capture, alsaApi, inParams, StreamDirection_In, NULL != callback )' failed in 'src/hostapi/alsa/pa_linux_alsa.c', line: 2171
Expression 'PaAlsaStream_Initialize( stream, alsaHostApi, inputParameters, outputParameters, sampleRate, framesPerBuffer, callback, streamFlags, userData )' failed in 'src/hostapi/alsa/pa_linux_alsa.c', line: 2839
Expression 'ret' failed in 'src/hostapi/alsa/pa_linux_alsa.c', line: 1736
Expression 'AlsaOpen( &alsaApi->baseHostApiRep, params, streamDir, &self->pcm )' failed in 'src/hostapi/alsa/pa_linux_alsa.c', line: 1904
Expression 'PaAlsaStreamComponent_Initialize( &self->capture, alsaApi, inParams, StreamDirection_In, NULL != callback )' failed in 'src/hostapi/alsa/pa_linux_alsa.c', line: 2171
Expression 'PaAlsaStream_Initialize( stream, alsaHostApi, inputParameters, outputParameters, sampleRate, framesPerBuffer, callback, streamFlags, userData )' failed in 'src/hostapi/alsa/pa_linux_alsa.c', line: 2839
Expression 'ret' failed in 'src/hostapi/alsa/pa_linux_alsa.c', line: 1736
Expression 'AlsaOpen( &alsaApi->baseHostApiRep, params, streamDir, &self->pcm )' failed in 'src/hostapi/alsa/pa_linux_alsa.c', line: 1904
Expression 'PaAlsaStreamComponent_Initialize( &self->capture, alsaApi, inParams, StreamDirection_In, NULL != callback )' failed in 'src/hostapi/alsa/pa_linux_alsa.c', line: 2171
Expression 'PaAlsaStream_Initialize( stream, alsaHostApi, inputParameters, outputParameters, sampleRate, framesPerBuffer, callback, streamFlags, userData )' failed in 'src/hostapi/alsa/pa_linux_alsa.c', line: 2839
Expression 'ret' failed in 'src/hostapi/alsa/pa_linux_alsa.c', line: 1736
Expression 'AlsaOpen( &alsaApi->baseHostApiRep, params, streamDir, &self->pcm )' failed in 'src/hostapi/alsa/pa_linux_alsa.c', line: 1904
Expression 'PaAlsaStreamComponent_Initialize( &self->capture, alsaApi, inParams, StreamDirection_In, NULL != callback )' failed in 'src/hostapi/alsa/pa_linux_alsa.c', line: 2171
Expression 'PaAlsaStream_Initialize( stream, alsaHostApi, inputParameters, outputParameters, sampleRate, framesPerBuffer, callback, streamFlags, userData )' failed in 'src/hostapi/alsa/pa_linux_alsa.c', line: 2839
Expression 'ret' failed in 'src/hostapi/alsa/pa_linux_alsa.c', line: 1736
Expression 'AlsaOpen( &alsaApi->baseHostApiRep, params, streamDir, &self->pcm )' failed in 'src/hostapi/alsa/pa_linux_alsa.c', line: 1904
Expression 'PaAlsaStreamComponent_Initialize( &self->capture, alsaApi, inParams, StreamDirection_In, NULL != callback )' failed in 'src/hostapi/alsa/pa_linux_alsa.c', line: 2171
Expression 'PaAlsaStream_Initialize( stream, alsaHostApi, inputParameters, outputParameters, sampleRate, framesPerBuffer, callback, streamFlags, userData )' failed in 'src/hostapi/alsa/pa_linux_alsa.c', line: 2839
Expression 'ret' failed in 'src/hostapi/alsa/pa_linux_alsa.c', line: 1736
Expression 'AlsaOpen( &alsaApi->baseHostApiRep, params, streamDir, &self->pcm )' failed in 'src/hostapi/alsa/pa_linux_alsa.c', line: 1904
Expression 'PaAlsaStreamComponent_Initialize( &self->capture, alsaApi, inParams, StreamDirection_In, NULL != callback )' failed in 'src/hostapi/alsa/pa_linux_alsa.c', line: 2171
Expression 'PaAlsaStream_Initialize( stream, alsaHostApi, inputParameters, outputParameters, sampleRate, framesPerBuffer, callback, streamFlags, userData )' failed in 'src/hostapi/alsa/pa_linux_alsa.c', line: 2839
Expression 'ret' failed in 'src/hostapi/alsa/pa_linux_alsa.c', line: 1736
Expression 'AlsaOpen( &alsaApi->baseHostApiRep, params, streamDir, &self->pcm )' failed in 'src/hostapi/alsa/pa_linux_alsa.c', line: 1904
Expression 'PaAlsaStreamComponent_Initialize( &self->capture, alsaApi, inParams, StreamDirection_In, NULL != callback )' failed in 'src/hostapi/alsa/pa_linux_alsa.c', line: 2171
Expression 'PaAlsaStream_Initialize( stream, alsaHostApi, inputParameters, outputParameters, sampleRate, framesPerBuffer, callback, streamFlags, userData )' failed in 'src/hostapi/alsa/pa_linux_alsa.c', line: 2839
Expression 'ret' failed in 'src/hostapi/alsa/pa_linux_alsa.c', line: 1736
Expression 'AlsaOpen( &alsaApi->baseHostApiRep, params, streamDir, &self->pcm )' failed in 'src/hostapi/alsa/pa_linux_alsa.c', line: 1904
Expression 'PaAlsaStreamComponent_Initialize( &self->capture, alsaApi, inParams, StreamDirection_In, NULL != callback )' failed in 'src/hostapi/alsa/pa_linux_alsa.c', line: 2171
Expression 'PaAlsaStream_Initialize( stream, alsaHostApi, inputParameters, outputParameters, sampleRate, framesPerBuffer, callback, streamFlags, userData )' failed in 'src/hostapi/alsa/pa_linux_alsa.c', line: 2839
Expression 'ret' failed in 'src/hostapi/alsa/pa_linux_alsa.c', line: 1736
Expression 'AlsaOpen( &alsaApi->baseHostApiRep, params, streamDir, &self->pcm )' failed in 'src/hostapi/alsa/pa_linux_alsa.c', line: 1904
Expression 'PaAlsaStreamComponent_Initialize( &self->capture, alsaApi, inParams, StreamDirection_In, NULL != callback )' failed in 'src/hostapi/alsa/pa_linux_alsa.c', line: 2171
Expression 'PaAlsaStream_Initialize( stream, alsaHostApi, inputParameters, outputParameters, sampleRate, framesPerBuffer, callback, streamFlags, userData )' failed in 'src/hostapi/alsa/pa_linux_alsa.c', line: 2839
Expression 'ret' failed in 'src/hostapi/alsa/pa_linux_alsa.c', line: 1736
Expression 'AlsaOpen( &alsaApi->baseHostApiRep, params, streamDir, &self->pcm )' failed in 'src/hostapi/alsa/pa_linux_alsa.c', line: 1904
Expression 'PaAlsaStreamComponent_Initialize( &self->capture, alsaApi, inParams, StreamDirection_In, NULL != callback )' failed in 'src/hostapi/alsa/pa_linux_alsa.c', line: 2171
Expression 'PaAlsaStream_Initialize( stream, alsaHostApi, inputParameters, outputParameters, sampleRate, framesPerBuffer, callback, streamFlags, userData )' failed in 'src/hostapi/alsa/pa_linux_alsa.c', line: 2839
Expression 'ret' failed in 'src/hostapi/alsa/pa_linux_alsa.c', line: 1736
Expression 'AlsaOpen( &alsaApi->baseHostApiRep, params, streamDir, &self->pcm )' failed in 'src/hostapi/alsa/pa_linux_alsa.c', line: 1904
Expression 'PaAlsaStreamComponent_Initialize( &self->capture, alsaApi, inParams, StreamDirection_In, NULL != callback )' failed in 'src/hostapi/alsa/pa_linux_alsa.c', line: 2171
Expression 'PaAlsaStream_Initialize( stream, alsaHostApi, inputParameters, outputParameters, sampleRate, framesPerBuffer, callback, streamFlags, userData )' failed in 'src/hostapi/alsa/pa_linux_alsa.c', line: 2839
Expression 'ret' failed in 'src/hostapi/alsa/pa_linux_alsa.c', line: 1736
Expression 'AlsaOpen( &alsaApi->baseHostApiRep, params, streamDir, &self->pcm )' failed in 'src/hostapi/alsa/pa_linux_alsa.c', line: 1904
Expression 'PaAlsaStreamComponent_Initialize( &self->capture, alsaApi, inParams, StreamDirection_In, NULL != callback )' failed in 'src/hostapi/alsa/pa_linux_alsa.c', line: 2171
Expression 'PaAlsaStream_Initialize( stream, alsaHostApi, inputParameters, outputParameters, sampleRate, framesPerBuffer, callback, streamFlags, userData )' failed in 'src/hostapi/alsa/pa_linux_alsa.c', line: 2839
Expression 'ret' failed in 'src/hostapi/alsa/pa_linux_alsa.c', line: 1736
Expression 'AlsaOpen( &alsaApi->baseHostApiRep, params, streamDir, &self->pcm )' failed in 'src/hostapi/alsa/pa_linux_alsa.c', line: 1904
Expression 'PaAlsaStreamComponent_Initialize( &self->capture, alsaApi, inParams, StreamDirection_In, NULL != callback )' failed in 'src/hostapi/alsa/pa_linux_alsa.c', line: 2171
Expression 'PaAlsaStream_Initialize( stream, alsaHostApi, inputParameters, outputParameters, sampleRate, framesPerBuffer, callback, streamFlags, userData )' failed in 'src/hostapi/alsa/pa_linux_alsa.c', line: 2839
Expression 'ret' failed in 'src/hostapi/alsa/pa_linux_alsa.c', line: 1736
Expression 'AlsaOpen( &alsaApi->baseHostApiRep, params, streamDir, &self->pcm )' failed in 'src/hostapi/alsa/pa_linux_alsa.c', line: 1904
Expression 'PaAlsaStreamComponent_Initialize( &self->capture, alsaApi, inParams, StreamDirection_In, NULL != callback )' failed in 'src/hostapi/alsa/pa_linux_alsa.c', line: 2171
Expression 'PaAlsaStream_Initialize( stream, alsaHostApi, inputParameters, outputParameters, sampleRate, framesPerBuffer, callback, streamFlags, userData )' failed in 'src/hostapi/alsa/pa_linux_alsa.c', line: 2839
Expression 'ret' failed in 'src/hostapi/alsa/pa_linux_alsa.c', line: 1736
Expression 'AlsaOpen( &alsaApi->baseHostApiRep, params, streamDir, &self->pcm )' failed in 'src/hostapi/alsa/pa_linux_alsa.c', line: 1904
Expression 'PaAlsaStreamComponent_Initialize( &self->capture, alsaApi, inParams, StreamDirection_In, NULL != callback )' failed in 'src/hostapi/alsa/pa_linux_alsa.c', line: 2171
Expression 'PaAlsaStream_Initialize( stream, alsaHostApi, inputParameters, outputParameters, sampleRate, framesPerBuffer, callback, streamFlags, userData )' failed in 'src/hostapi/alsa/pa_linux_alsa.c', line: 2839
Expression 'ret' failed in 'src/hostapi/alsa/pa_linux_alsa.c', line: 1736
Expression 'AlsaOpen( &alsaApi->baseHostApiRep, params, streamDir, &self->pcm )' failed in 'src/hostapi/alsa/pa_linux_alsa.c', line: 1904
Expression 'PaAlsaStreamComponent_Initialize( &self->capture, alsaApi, inParams, StreamDirection_In, NULL != callback )' failed in 'src/hostapi/alsa/pa_linux_alsa.c', line: 2171
Expression 'PaAlsaStream_Initialize( stream, alsaHostApi, inputParameters, outputParameters, sampleRate, framesPerBuffer, callback, streamFlags, userData )' failed in 'src/hostapi/alsa/pa_linux_alsa.c', line: 2839
Expression 'ret' failed in 'src/hostapi/alsa/pa_linux_alsa.c', line: 1736
Expression 'AlsaOpen( &alsaApi->baseHostApiRep, params, streamDir, &self->pcm )' failed in 'src/hostapi/alsa/pa_linux_alsa.c', line: 1904
Expression 'PaAlsaStreamComponent_Initialize( &self->capture, alsaApi, inParams, StreamDirection_In, NULL != callback )' failed in 'src/hostapi/alsa/pa_linux_alsa.c', line: 2171
Expression 'PaAlsaStream_Initialize( stream, alsaHostApi, inputParameters, outputParameters, sampleRate, framesPerBuffer, callback, streamFlags, userData )' failed in 'src/hostapi/alsa/pa_linux_alsa.c', line: 2839
Expression 'ret' failed in 'src/hostapi/alsa/pa_linux_alsa.c', line: 1736
Expression 'AlsaOpen( &alsaApi->baseHostApiRep, params, streamDir, &self->pcm )' failed in 'src/hostapi/alsa/pa_linux_alsa.c', line: 1904
Expression 'PaAlsaStreamComponent_Initialize( &self->capture, alsaApi, inParams, StreamDirection_In, NULL != callback )' failed in 'src/hostapi/alsa/pa_linux_alsa.c', line: 2171
Expression 'PaAlsaStream_Initialize( stream, alsaHostApi, inputParameters, outputParameters, sampleRate, framesPerBuffer, callback, streamFlags, userData )' failed in 'src/hostapi/alsa/pa_linux_alsa.c', line: 2839
Expression 'ret' failed in 'src/hostapi/alsa/pa_linux_alsa.c', line: 1736
Expression 'AlsaOpen( &alsaApi->baseHostApiRep, params, streamDir, &self->pcm )' failed in 'src/hostapi/alsa/pa_linux_alsa.c', line: 1904
Expression 'PaAlsaStreamComponent_Initialize( &self->capture, alsaApi, inParams, StreamDirection_In, NULL != callback )' failed in 'src/hostapi/alsa/pa_linux_alsa.c', line: 2171
Expression 'PaAlsaStream_Initialize( stream, alsaHostApi, inputParameters, outputParameters, sampleRate, framesPerBuffer, callback, streamFlags, userData )' failed in 'src/hostapi/alsa/pa_linux_alsa.c', line: 2839
Expression 'ret' failed in 'src/hostapi/alsa/pa_linux_alsa.c', line: 1736
Expression 'AlsaOpen( &alsaApi->baseHostApiRep, params, streamDir, &self->pcm )' failed in 'src/hostapi/alsa/pa_linux_alsa.c', line: 1904
Expression 'PaAlsaStreamComponent_Initialize( &self->capture, alsaApi, inParams, StreamDirection_In, NULL != callback )' failed in 'src/hostapi/alsa/pa_linux_alsa.c', line: 2171
Expression 'PaAlsaStream_Initialize( stream, alsaHostApi, inputParameters, outputParameters, sampleRate, framesPerBuffer, callback, streamFlags, userData )' failed in 'src/hostapi/alsa/pa_linux_alsa.c', line: 2839
Expression 'ret' failed in 'src/hostapi/alsa/pa_linux_alsa.c', line: 1736
Expression 'AlsaOpen( &alsaApi->baseHostApiRep, params, streamDir, &self->pcm )' failed in 'src/hostapi/alsa/pa_linux_alsa.c', line: 1904
Expression 'PaAlsaStreamComponent_Initialize( &self->capture, alsaApi, inParams, StreamDirection_In, NULL != callback )' failed in 'src/hostapi/alsa/pa_linux_alsa.c', line: 2171
Expression 'PaAlsaStream_Initialize( stream, alsaHostApi, inputParameters, outputParameters, sampleRate, framesPerBuffer, callback, streamFlags, userData )' failed in 'src/hostapi/alsa/pa_linux_alsa.c', line: 2839
Expression 'ret' failed in 'src/hostapi/alsa/pa_linux_alsa.c', line: 1736
Expression 'AlsaOpen( &alsaApi->baseHostApiRep, params, streamDir, &self->pcm )' failed in 'src/hostapi/alsa/pa_linux_alsa.c', line: 1904
Expression 'PaAlsaStreamComponent_Initialize( &self->capture, alsaApi, inParams, StreamDirection_In, NULL != callback )' failed in 'src/hostapi/alsa/pa_linux_alsa.c', line: 2171
Expression 'PaAlsaStream_Initialize( stream, alsaHostApi, inputParameters, outputParameters, sampleRate, framesPerBuffer, callback, streamFlags, userData )' failed in 'src/hostapi/alsa/pa_linux_alsa.c', line: 2839
Expression 'ret' failed in 'src/hostapi/alsa/pa_linux_alsa.c', line: 1736
Expression 'AlsaOpen( &alsaApi->baseHostApiRep, params, streamDir, &self->pcm )' failed in 'src/hostapi/alsa/pa_linux_alsa.c', line: 1904
Expression 'PaAlsaStreamComponent_Initialize( &self->capture, alsaApi, inParams, StreamDirection_In, NULL != callback )' failed in 'src/hostapi/alsa/pa_linux_alsa.c', line: 2171
Expression 'PaAlsaStream_Initialize( stream, alsaHostApi, inputParameters, outputParameters, sampleRate, framesPerBuffer, callback, streamFlags, userData )' failed in 'src/hostapi/alsa/pa_linux_alsa.c', line: 2839
Expression 'ret' failed in 'src/hostapi/alsa/pa_linux_alsa.c', line: 1736
Expression 'AlsaOpen( &alsaApi->baseHostApiRep, params, streamDir, &self->pcm )' failed in 'src/hostapi/alsa/pa_linux_alsa.c', line: 1904
Expression 'PaAlsaStreamComponent_Initialize( &self->capture, alsaApi, inParams, StreamDirection_In, NULL != callback )' failed in 'src/hostapi/alsa/pa_linux_alsa.c', line: 2171
Expression 'PaAlsaStream_Initialize( stream, alsaHostApi, inputParameters, outputParameters, sampleRate, framesPerBuffer, callback, streamFlags, userData )' failed in 'src/hostapi/alsa/pa_linux_alsa.c', line: 2839
Expression 'ret' failed in 'src/hostapi/alsa/pa_linux_alsa.c', line: 1736
Expression 'AlsaOpen( &alsaApi->baseHostApiRep, params, streamDir, &self->pcm )' failed in 'src/hostapi/alsa/pa_linux_alsa.c', line: 1904
Expression 'PaAlsaStreamComponent_Initialize( &self->capture, alsaApi, inParams, StreamDirection_In, NULL != callback )' failed in 'src/hostapi/alsa/pa_linux_alsa.c', line: 2171
Expression 'PaAlsaStream_Initialize( stream, alsaHostApi, inputParameters, outputParameters, sampleRate, framesPerBuffer, callback, streamFlags, userData )' failed in 'src/hostapi/alsa/pa_linux_alsa.c', line: 2839
Expression 'ret' failed in 'src/hostapi/alsa/pa_linux_alsa.c', line: 1736
Expression 'AlsaOpen( &alsaApi->baseHostApiRep, params, streamDir, &self->pcm )' failed in 'src/hostapi/alsa/pa_linux_alsa.c', line: 1904
Expression 'PaAlsaStreamComponent_Initialize( &self->capture, alsaApi, inParams, StreamDirection_In, NULL != callback )' failed in 'src/hostapi/alsa/pa_linux_alsa.c', line: 2171
Expression 'PaAlsaStream_Initialize( stream, alsaHostApi, inputParameters, outputParameters, sampleRate, framesPerBuffer, callback, streamFlags, userData )' failed in 'src/hostapi/alsa/pa_linux_alsa.c', line: 2839
Expression 'ret' failed in 'src/hostapi/alsa/pa_linux_alsa.c', line: 1736
Expression 'AlsaOpen( &alsaApi->baseHostApiRep, params, streamDir, &self->pcm )' failed in 'src/hostapi/alsa/pa_linux_alsa.c', line: 1904
Expression 'PaAlsaStreamComponent_Initialize( &self->capture, alsaApi, inParams, StreamDirection_In, NULL != callback )' failed in 'src/hostapi/alsa/pa_linux_alsa.c', line: 2171
Expression 'PaAlsaStream_Initialize( stream, alsaHostApi, inputParameters, outputParameters, sampleRate, framesPerBuffer, callback, streamFlags, userData )' failed in 'src/hostapi/alsa/pa_linux_alsa.c', line: 2839
Expression 'ret' failed in 'src/hostapi/alsa/pa_linux_alsa.c', line: 1736
Expression 'AlsaOpen( &alsaApi->baseHostApiRep, params, streamDir, &self->pcm )' failed in 'src/hostapi/alsa/pa_linux_alsa.c', line: 1904
Expression 'PaAlsaStreamComponent_Initialize( &self->capture, alsaApi, inParams, StreamDirection_In, NULL != callback )' failed in 'src/hostapi/alsa/pa_linux_alsa.c', line: 2171
Expression 'PaAlsaStream_Initialize( stream, alsaHostApi, inputParameters, outputParameters, sampleRate, framesPerBuffer, callback, streamFlags, userData )' failed in 'src/hostapi/alsa/pa_linux_alsa.c', line: 2839
Expression 'ret' failed in 'src/hostapi/alsa/pa_linux_alsa.c', line: 1736
Expression 'AlsaOpen( &alsaApi->baseHostApiRep, params, streamDir, &self->pcm )' failed in 'src/hostapi/alsa/pa_linux_alsa.c', line: 1904
Expression 'PaAlsaStreamComponent_Initialize( &self->capture, alsaApi, inParams, StreamDirection_In, NULL != callback )' failed in 'src/hostapi/alsa/pa_linux_alsa.c', line: 2171
Expression 'PaAlsaStream_Initialize( stream, alsaHostApi, inputParameters, outputParameters, sampleRate, framesPerBuffer, callback, streamFlags, userData )' failed in 'src/hostapi/alsa/pa_linux_alsa.c', line: 2839
Expression 'ret' failed in 'src/hostapi/alsa/pa_linux_alsa.c', line: 1736
Expression 'AlsaOpen( &alsaApi->baseHostApiRep, params, streamDir, &self->pcm )' failed in 'src/hostapi/alsa/pa_linux_alsa.c', line: 1904
Expression 'PaAlsaStreamComponent_Initialize( &self->capture, alsaApi, inParams, StreamDirection_In, NULL != callback )' failed in 'src/hostapi/alsa/pa_linux_alsa.c', line: 2171
Expression 'PaAlsaStream_Initialize( stream, alsaHostApi, inputParameters, outputParameters, sampleRate, framesPerBuffer, callback, streamFlags, userData )' failed in 'src/hostapi/alsa/pa_linux_alsa.c', line: 2839
Expression 'ret' failed in 'src/hostapi/alsa/pa_linux_alsa.c', line: 1736
Expression 'AlsaOpen( &alsaApi->baseHostApiRep, params, streamDir, &self->pcm )' failed in 'src/hostapi/alsa/pa_linux_alsa.c', line: 1904
Expression 'PaAlsaStreamComponent_Initialize( &self->capture, alsaApi, inParams, StreamDirection_In, NULL != callback )' failed in 'src/hostapi/alsa/pa_linux_alsa.c', line: 2171
Expression 'PaAlsaStream_Initialize( stream, alsaHostApi, inputParameters, outputParameters, sampleRate, framesPerBuffer, callback, streamFlags, userData )' failed in 'src/hostapi/alsa/pa_linux_alsa.c', line: 2839
Expression 'ret' failed in 'src/hostapi/alsa/pa_linux_alsa.c', line: 1736
Expression 'AlsaOpen( &alsaApi->baseHostApiRep, params, streamDir, &self->pcm )' failed in 'src/hostapi/alsa/pa_linux_alsa.c', line: 1904
Expression 'PaAlsaStreamComponent_Initialize( &self->capture, alsaApi, inParams, StreamDirection_In, NULL != callback )' failed in 'src/hostapi/alsa/pa_linux_alsa.c', line: 2171
Expression 'PaAlsaStream_Initialize( stream, alsaHostApi, inputParameters, outputParameters, sampleRate, framesPerBuffer, callback, streamFlags, userData )' failed in 'src/hostapi/alsa/pa_linux_alsa.c', line: 2839
Expression 'ret' failed in 'src/hostapi/alsa/pa_linux_alsa.c', line: 1736
Expression 'AlsaOpen( &alsaApi->baseHostApiRep, params, streamDir, &self->pcm )' failed in 'src/hostapi/alsa/pa_linux_alsa.c', line: 1904
Expression 'PaAlsaStreamComponent_Initialize( &self->capture, alsaApi, inParams, StreamDirection_In, NULL != callback )' failed in 'src/hostapi/alsa/pa_linux_alsa.c', line: 2171
Expression 'PaAlsaStream_Initialize( stream, alsaHostApi, inputParameters, outputParameters, sampleRate, framesPerBuffer, callback, streamFlags, userData )' failed in 'src/hostapi/alsa/pa_linux_alsa.c', line: 2839
Expression 'ret' failed in 'src/hostapi/alsa/pa_linux_alsa.c', line: 1736
Expression 'AlsaOpen( &alsaApi->baseHostApiRep, params, streamDir, &self->pcm )' failed in 'src/hostapi/alsa/pa_linux_alsa.c', line: 1904
Expression 'PaAlsaStreamComponent_Initialize( &self->capture, alsaApi, inParams, StreamDirection_In, NULL != callback )' failed in 'src/hostapi/alsa/pa_linux_alsa.c', line: 2171
Expression 'PaAlsaStream_Initialize( stream, alsaHostApi, inputParameters, outputParameters, sampleRate, framesPerBuffer, callback, streamFlags, userData )' failed in 'src/hostapi/alsa/pa_linux_alsa.c', line: 2839
Expression 'ret' failed in 'src/hostapi/alsa/pa_linux_alsa.c', line: 1736
Expression 'AlsaOpen( &alsaApi->baseHostApiRep, params, streamDir, &self->pcm )' failed in 'src/hostapi/alsa/pa_linux_alsa.c', line: 1904
Expression 'PaAlsaStreamComponent_Initialize( &self->capture, alsaApi, inParams, StreamDirection_In, NULL != callback )' failed in 'src/hostapi/alsa/pa_linux_alsa.c', line: 2171
Expression 'PaAlsaStream_Initialize( stream, alsaHostApi, inputParameters, outputParameters, sampleRate, framesPerBuffer, callback, streamFlags, userData )' failed in 'src/hostapi/alsa/pa_linux_alsa.c', line: 2839
Expression 'ret' failed in 'src/hostapi/alsa/pa_linux_alsa.c', line: 1736
Expression 'AlsaOpen( &alsaApi->baseHostApiRep, params, streamDir, &self->pcm )' failed in 'src/hostapi/alsa/pa_linux_alsa.c', line: 1904
Expression 'PaAlsaStreamComponent_Initialize( &self->capture, alsaApi, inParams, StreamDirection_In, NULL != callback )' failed in 'src/hostapi/alsa/pa_linux_alsa.c', line: 2171
Expression 'PaAlsaStream_Initialize( stream, alsaHostApi, inputParameters, outputParameters, sampleRate, framesPerBuffer, callback, streamFlags, userData )' failed in 'src/hostapi/alsa/pa_linux_alsa.c', line: 2839
Expression 'ret' failed in 'src/hostapi/alsa/pa_linux_alsa.c', line: 1736
Expression 'AlsaOpen( &alsaApi->baseHostApiRep, params, streamDir, &self->pcm )' failed in 'src/hostapi/alsa/pa_linux_alsa.c', line: 1904
Expression 'PaAlsaStreamComponent_Initialize( &self->capture, alsaApi, inParams, StreamDirection_In, NULL != callback )' failed in 'src/hostapi/alsa/pa_linux_alsa.c', line: 2171
Expression 'PaAlsaStream_Initialize( stream, alsaHostApi, inputParameters, outputParameters, sampleRate, framesPerBuffer, callback, streamFlags, userData )' failed in 'src/hostapi/alsa/pa_linux_alsa.c', line: 2839
pygame 2.6.1 (SDL 2.28.4, Python 3.10.12)
Hello from the pygame community. https://www.pygame.org/contribute.html
🎙️ Using ReSpeaker input: ReSpeaker 4 Mic Array (UAC1.0): USB Audio (hw:2,0)
🎭 Avatar started. Say 'voice bella/sky/heart' (Kokoro) or 'voice amy/kathleen/ljspeech' (Piper). ESC to quit.
❌ Mic open error: [Errno -9985] Device unavailable
❌ Mic open error: [Errno -9985] Device unavailable
❌ Mic open error: [Errno -9985] Device unavailable
🎙️ Voice detected (RMS~0.021)
📝 Transcribing audio…
🗣️ You said: I'm looking for an avatar on my screen.
🤖 Generating AI response…
🧠 AI: Already here to help you!
🔊 Playing audio…
🎚️ Played via default
❌ Mic open error: [Errno -9985] Device unavailable
❌ Mic open error: [Errno -9985] Device unavailable
❌ Mic open error: [Errno -9985] Device unavailable
❌ Mic open error: [Errno -9985] Device unavailable
❌ Mic open error: [Errno -9985] Device unavailable
❌ Mic open error: [Errno -9985] Device unavailable
❌ Mic open error: [Errno -9985] Device unavailable
❌ Mic open error: [Errno -9985] Device unavailable
❌ Mic open error: [Errno -9985] Device unavailable
❌ Mic open error: [Errno -9985] Device unavailable
❌ Mic open error: [Errno -9985] Device unavailable
❌ Mic open error: [Errno -9985] Device unavailable
❌ Mic open error: [Errno -9985] Device unavailable
❌ Mic open error: [Errno -9985] Device unavailable
❌ Mic open error: [Errno -9985] Device unavailable
❌ Mic open error: [Errno -9985] Device unavailable
🎙️ Voice detected (RMS~0.053)
📝 Transcribing audio…
🗣️ You said: Can you hear me?
🤖 Generating AI response…
🧠 AI: Yes, I can.
🔊 Playing audio…
🎚️ Played via default
❌ Mic open error: [Errno -9985] Device unavailable
❌ Mic open error: [Errno -9985] Device unavailable
❌ Mic open error: [Errno -9985] Device unavailable
❌ Mic open error: [Errno -9985] Device unavailable
🎙️ Voice detected (RMS~0.020)
📝 Transcribing audio…
🗣️ You said: 1 tbps
1 tbps
🤖 Generating AI response…
🧠 AI: That's a fast speed!
🔊 Playing audio…
🎚️ Played via default
❌ Mic open error: [Errno -9985] Device unavailable
❌ Mic open error: [Errno -9985] Device unavailable
❌ Mic open error: [Errno -9985] Device unavailable
❌ Mic open error: [Errno -9985] Device unavailable
❌ Mic open error: [Errno -9985] Device unavailable
❌ Mic open error: [Errno -9985] Device unavailable
❌ Mic open error: [Errno -9985] Device unavailable
❌ Mic open error: [Errno -9985] Device unavailable
❌ Mic open error: [Errno -9985] Device unavailable
❌ Mic open error: [Errno -9985] Device unavailable
❌ Mic open error: [Errno -9985] Device unavailable
❌ Mic open error: [Errno -9985] Device unavailable
❌ Mic open error: [Errno -9985] Device unavailable
❌ Mic open error: [Errno -9985] Device unavailable
❌ Mic open error: [Errno -9985] Device unavailable
🎙️ Voice detected (RMS~0.015)
📝 Transcribing audio…
❌ Mic open error: [Errno -9985] Device unavailable
🎙️ Voice detected (RMS~0.029)
📝 Transcribing audio…
❌ Mic open error: [Errno -9985] Device unavailable
🎙️ Voice detected (RMS~0.014)
📝 Transcribing audio…
🗣️ You said: 1kg
🤖 Generating AI response…
🧠 AI: One kilogram.
🔊 Playing audio…
🎚️ Played via default
🎙️ Voice detected (RMS~0.013)
📝 Transcribing audio…
❌ Mic open error: [Errno -9985] Device unavailable
❌ Mic open error: [Errno -9985] Device unavailable
❌ Mic open error: [Errno -9985] Device unavailable
❌ Mic open error: [Errno -9985] Device unavailable
❌ Mic open error: [Errno -9985] Device unavailable
❌ Mic open error: [Errno -9985] Device unavailable
❌ Mic open error: [Errno -9985] Device unavailable
❌ Mic open error: [Errno -9985] Device unavailable
❌ Mic open error: [Errno -9985] Device unavailable
❌ Mic open error: [Errno -9985] Device unavailable
❌ Mic open error: [Errno -9985] Device unavailable
❌ Mic open error: [Errno -9985] Device unavailable
❌ Mic open error: [Errno -9985] Device unavailable
🎙️ Voice detected (RMS~0.020)
📝 Transcribing audio…
❌ Mic open error: [Errno -9985] Device unavailable
❌ Mic open error: [Errno -9985] Device unavailable
❌ Mic open error: [Errno -9985] Device unavailable
❌ Mic open error: [Errno -9985] Device unavailable
❌ Mic open error: [Errno -9985] Device unavailable
❌ Mic open error: [Errno -9985] Device unavailable
❌ Mic open error: [Errno -9985] Device unavailable
❌ Mic open error: [Errno -9985] Device unavailable
❌ Mic open error: [Errno -9985] Device unavailable
❌ Mic open error: [Errno -9985] Device unavailable
❌ Mic open error: [Errno -9985] Device unavailable
❌ Mic open error: [Errno -9985] Device unavailable
❌ Mic open error: [Errno -9985] Device unavailable
❌ Mic open error: [Errno -9985] Device unavailable
❌ Mic open error: [Errno -9985] Device unavailable
❌ Mic open error: [Errno -9985] Device unavailable
❌ Mic open error: [Errno -9985] Device unavailable
❌ Mic open error: [Errno -9985] Device unavailable
❌ Mic open error: [Errno -9985] Device unavailable
❌ Mic open error: [Errno -9985] Device unavailable
❌ Mic open error: [Errno -9985] Device unavailable
❌ Mic open error: [Errno -9985] Device unavailable
❌ Mic open error: [Errno -9985] Device unavailable
❌ Mic open error: [Errno -9985] Device unavailable
❌ Mic open error: [Errno -9985] Device unavailable
❌ Mic open error: [Errno -9985] Device unavailable
❌ Mic open error: [Errno -9985] Device unavailable
❌ Mic open error: [Errno -9985] Device unavailable
❌ Mic open error: [Errno -9985] Device unavailable
❌ Mic open error: [Errno -9985] Device unavailable
❌ Mic open error: [Errno -9985] Device unavailable
❌ Mic open error: [Errno -9985] Device unavailable
❌ Mic open error: [Errno -9985] Device unavailable
❌ Mic open error: [Errno -9985] Device unavailable
❌ Mic open error: [Errno -9985] Device unavailable
❌ Mic open error: [Errno -9985] Device unavailable
❌ Mic open error: [Errno -9985] Device unavailable
❌ Mic open error: [Errno -9985] Device unavailable
❌ Mic open error: [Errno -9985] Device unavailable
❌ Mic open error: [Errno -9985] Device unavailable
❌ Mic open error: [Errno -9985] Device unavailable
❌ Mic open error: [Errno -9985] Device unavailable
❌ Mic open error: [Errno -9985] Device unavailable
❌ Mic open error: [Errno -9985] Device unavailable
❌ Mic open error: [Errno -9985] Device unavailable
❌ Mic open error: [Errno -9985] Device unavailable
❌ Mic open error: [Errno -9985] Device unavailable
❌ Mic open error: [Errno -9985] Device unavailable
❌ Mic open error: [Errno -9985] Device unavailable
❌ Mic open error: [Errno -9985] Device unavailable
❌ Mic open error: [Errno -9985] Device unavailable
❌ Mic open error: [Errno -9985] Device unavailable
❌ Mic open error: [Errno -9985] Device unavailable
❌ Mic open error: [Errno -9985] Device unavailable
❌ Mic open error: [Errno -9985] Device unavailable
❌ Mic open error: [Errno -9985] Device unavailable
❌ Mic open error: [Errno -9985] Device unavailable
❌ Mic open error: [Errno -9985] Device unavailable
❌ Mic open error: [Errno -9985] Device unavailable
❌ Mic open error: [Errno -9985] Device unavailable
❌ Mic open error: [Errno -9985] Device unavailable
❌ Mic open error: [Errno -9985] Device unavailable
❌ Mic open error: [Errno -9985] Device unavailable
❌ Mic open error: [Errno -9985] Device unavailable
❌ Mic open error: [Errno -9985] Device unavailable
❌ Mic open error: [Errno -9985] Device unavailable
❌ Mic open error: [Errno -9985] Device unavailable
❌ Mic open error: [Errno -9985] Device unavailable
❌ Mic open error: [Errno -9985] Device unavailable
❌ Mic open error: [Errno -9985] Device unavailable
❌ Mic open error: [Errno -9985] Device unavailable
❌ Mic open error: [Errno -9985] Device unavailable
❌ Mic open error: [Errno -9985] Device unavailable
❌ Mic open error: [Errno -9985] Device unavailable
❌ Mic open error: [Errno -9985] Device unavailable
❌ Mic open error: Expression 'ret' failed in 'src/hostapi/alsa/pa_linux_alsa.c', line: 1736
Expression 'AlsaOpen( &alsaApi->baseHostApiRep, params, streamDir, &self->pcm )' failed in 'src/hostapi/alsa/pa_linux_alsa.c', line: 1904
Expression 'PaAlsaStreamComponent_Initialize( &self->capture, alsaApi, inParams, StreamDirection_In, NULL != callback )' failed in 'src/hostapi/alsa/pa_linux_alsa.c', line: 2171
Expression 'PaAlsaStream_Initialize( stream, alsaHostApi, inputParameters, outputParameters, sampleRate, framesPerBuffer, callback, streamFlags, userData )' failed in 'src/hostapi/alsa/pa_linux_alsa.c', line: 2839
Expression 'ret' failed in 'src/hostapi/alsa/pa_linux_alsa.c', line: 1736
Expression 'AlsaOpen( &alsaApi->baseHostApiRep, params, streamDir, &self->pcm )' failed in 'src/hostapi/alsa/pa_linux_alsa.c', line: 1904
Expression 'PaAlsaStreamComponent_Initialize( &self->capture, alsaApi, inParams, StreamDirection_In, NULL != callback )' failed in 'src/hostapi/alsa/pa_linux_alsa.c', line: 2171
Expression 'PaAlsaStream_Initialize( stream, alsaHostApi, inputParameters, outputParameters, sampleRate, framesPerBuffer, callback, streamFlags, userData )' failed in 'src/hostapi/alsa/pa_linux_alsa.c', line: 2839
Expression 'ret' failed in 'src/hostapi/alsa/pa_linux_alsa.c', line: 1736
Expression 'AlsaOpen( &alsaApi->baseHostApiRep, params, streamDir, &self->pcm )' failed in 'src/hostapi/alsa/pa_linux_alsa.c', line: 1904
Expression 'PaAlsaStreamComponent_Initialize( &self->capture, alsaApi, inParams, StreamDirection_In, NULL != callback )' failed in 'src/hostapi/alsa/pa_linux_alsa.c', line: 2171
Expression 'PaAlsaStream_Initialize( stream, alsaHostApi, inputParameters, outputParameters, sampleRate, framesPerBuffer, callback, streamFlags, userData )' failed in 'src/hostapi/alsa/pa_linux_alsa.c', line: 2839
Expression 'ret' failed in 'src/hostapi/alsa/pa_linux_alsa.c', line: 1736
Expression 'AlsaOpen( &alsaApi->baseHostApiRep, params, streamDir, &self->pcm )' failed in 'src/hostapi/alsa/pa_linux_alsa.c', line: 1904
Expression 'PaAlsaStreamComponent_Initialize( &self->capture, alsaApi, inParams, StreamDirection_In, NULL != callback )' failed in 'src/hostapi/alsa/pa_linux_alsa.c', line: 2171
Expression 'PaAlsaStream_Initialize( stream, alsaHostApi, inputParameters, outputParameters, sampleRate, framesPerBuffer, callback, streamFlags, userData )' failed in 'src/hostapi/alsa/pa_linux_alsa.c', line: 2839
Expression 'ret' failed in 'src/hostapi/alsa/pa_linux_alsa.c', line: 1736
Expression 'AlsaOpen( &alsaApi->baseHostApiRep, params, streamDir, &self->pcm )' failed in 'src/hostapi/alsa/pa_linux_alsa.c', line: 1904
Expression 'PaAlsaStreamComponent_Initialize( &self->capture, alsaApi, inParams, StreamDirection_In, NULL != callback )' failed in 'src/hostapi/alsa/pa_linux_alsa.c', line: 2171
Expression 'PaAlsaStream_Initialize( stream, alsaHostApi, inputParameters, outputParameters, sampleRate, framesPerBuffer, callback, streamFlags, userData )' failed in 'src/hostapi/alsa/pa_linux_alsa.c', line: 2839
Expression 'ret' failed in 'src/hostapi/alsa/pa_linux_alsa.c', line: 1736
Expression 'AlsaOpen( &alsaApi->baseHostApiRep, params, streamDir, &self->pcm )' failed in 'src/hostapi/alsa/pa_linux_alsa.c', line: 1904
Expression 'PaAlsaStreamComponent_Initialize( &self->capture, alsaApi, inParams, StreamDirection_In, NULL != callback )' failed in 'src/hostapi/alsa/pa_linux_alsa.c', line: 2171
Expression 'PaAlsaStream_Initialize( stream, alsaHostApi, inputParameters, outputParameters, sampleRate, framesPerBuffer, callback, streamFlags, userData )' failed in 'src/hostapi/alsa/pa_linux_alsa.c', line: 2839
Expression 'ret' failed in 'src/hostapi/alsa/pa_linux_alsa.c', line: 1736
Expression 'AlsaOpen( &alsaApi->baseHostApiRep, params, streamDir, &self->pcm )' failed in 'src/hostapi/alsa/pa_linux_alsa.c', line: 1904
Expression 'PaAlsaStreamComponent_Initialize( &self->capture, alsaApi, inParams, StreamDirection_In, NULL != callback )' failed in 'src/hostapi/alsa/pa_linux_alsa.c', line: 2171
Expression 'PaAlsaStream_Initialize( stream, alsaHostApi, inputParameters, outputParameters, sampleRate, framesPerBuffer, callback, streamFlags, userData )' failed in 'src/hostapi/alsa/pa_linux_alsa.c', line: 2839
Expression 'ret' failed in 'src/hostapi/alsa/pa_linux_alsa.c', line: 1736
Expression 'AlsaOpen( &alsaApi->baseHostApiRep, params, streamDir, &self->pcm )' failed in 'src/hostapi/alsa/pa_linux_alsa.c', line: 1904
Expression 'PaAlsaStreamComponent_Initialize( &self->capture, alsaApi, inParams, StreamDirection_In, NULL != callback )' failed in 'src/hostapi/alsa/pa_linux_alsa.c', line: 2171
Expression 'PaAlsaStream_Initialize( stream, alsaHostApi, inputParameters, outputParameters, sampleRate, framesPerBuffer, callback, streamFlags, userData )' failed in 'src/hostapi/alsa/pa_linux_alsa.c', line: 2839
Expression 'ret' failed in 'src/hostapi/alsa/pa_linux_alsa.c', line: 1736
Expression 'AlsaOpen( &alsaApi->baseHostApiRep, params, streamDir, &self->pcm )' failed in 'src/hostapi/alsa/pa_linux_alsa.c', line: 1904
Expression 'PaAlsaStreamComponent_Initialize( &self->capture, alsaApi, inParams, StreamDirection_In, NULL != callback )' failed in 'src/hostapi/alsa/pa_linux_alsa.c', line: 2171
Expression 'PaAlsaStream_Initialize( stream, alsaHostApi, inputParameters, outputParameters, sampleRate, framesPerBuffer, callback, streamFlags, userData )' failed in 'src/hostapi/alsa/pa_linux_alsa.c', line: 2839
Expression 'ret' failed in 'src/hostapi/alsa/pa_linux_alsa.c', line: 1736
Expression 'AlsaOpen( &alsaApi->baseHostApiRep, params, streamDir, &self->pcm )' failed in 'src/hostapi/alsa/pa_linux_alsa.c', line: 1904
Expression 'PaAlsaStreamComponent_Initialize( &self->capture, alsaApi, inParams, StreamDirection_In, NULL != callback )' failed in 'src/hostapi/alsa/pa_linux_alsa.c', line: 2171
Expression 'PaAlsaStream_Initialize( stream, alsaHostApi, inputParameters, outputParameters, sampleRate, framesPerBuffer, callback, streamFlags, userData )' failed in 'src/hostapi/alsa/pa_linux_alsa.c', line: 2839
Expression 'ret' failed in 'src/hostapi/alsa/pa_linux_alsa.c', line: 1736
Expression 'AlsaOpen( &alsaApi->baseHostApiRep, params, streamDir, &self->pcm )' failed in 'src/hostapi/alsa/pa_linux_alsa.c', line: 1904
Expression 'PaAlsaStreamComponent_Initialize( &self->capture, alsaApi, inParams, StreamDirection_In, NULL != callback )' failed in 'src/hostapi/alsa/pa_linux_alsa.c', line: 2171
Expression 'PaAlsaStream_Initialize( stream, alsaHostApi, inputParameters, outputParameters, sampleRate, framesPerBuffer, callback, streamFlags, userData )' failed in 'src/hostapi/alsa/pa_linux_alsa.c', line: 2839
Expression 'ret' failed in 'src/hostapi/alsa/pa_linux_alsa.c', line: 1736
Expression 'AlsaOpen( &alsaApi->baseHostApiRep, params, streamDir, &self->pcm )' failed in 'src/hostapi/alsa/pa_linux_alsa.c', line: 1904
Expression 'PaAlsaStreamComponent_Initialize( &self->capture, alsaApi, inParams, StreamDirection_In, NULL != callback )' failed in 'src/hostapi/alsa/pa_linux_alsa.c', line: 2171
Expression 'PaAlsaStream_Initialize( stream, alsaHostApi, inputParameters, outputParameters, sampleRate, framesPerBuffer, callback, streamFlags, userData )' failed in 'src/hostapi/alsa/pa_linux_alsa.c', line: 2839
Expression 'ret' failed in 'src/hostapi/alsa/pa_linux_alsa.c', line: 1736
Expression 'AlsaOpen( &alsaApi->baseHostApiRep, params, streamDir, &self->pcm )' failed in 'src/hostapi/alsa/pa_linux_alsa.c', line: 1904
Expression 'PaAlsaStreamComponent_Initialize( &self->capture, alsaApi, inParams, StreamDirection_In, NULL != callback )' failed in 'src/hostapi/alsa/pa_linux_alsa.c', line: 2171
Expression 'PaAlsaStream_Initialize( stream, alsaHostApi, inputParameters, outputParameters, sampleRate, framesPerBuffer, callback, streamFlags, userData )' failed in 'src/hostapi/alsa/pa_linux_alsa.c', line: 2839
Expression 'ret' failed in 'src/hostapi/alsa/pa_linux_alsa.c', line: 1736
Expression 'AlsaOpen( &alsaApi->baseHostApiRep, params, streamDir, &self->pcm )' failed in 'src/hostapi/alsa/pa_linux_alsa.c', line: 1904
Expression 'PaAlsaStreamComponent_Initialize( &self->capture, alsaApi, inParams, StreamDirection_In, NULL != callback )' failed in 'src/hostapi/alsa/pa_linux_alsa.c', line: 2171
Expression 'PaAlsaStream_Initialize( stream, alsaHostApi, inputParameters, outputParameters, sampleRate, framesPerBuffer, callback, streamFlags, userData )' failed in 'src/hostapi/alsa/pa_linux_alsa.c', line: 2839
Expression 'ret' failed in 'src/hostapi/alsa/pa_linux_alsa.c', line: 1736
Expression 'AlsaOpen( &alsaApi->baseHostApiRep, params, streamDir, &self->pcm )' failed in 'src/hostapi/alsa/pa_linux_alsa.c', line: 1904
Expression 'PaAlsaStreamComponent_Initialize( &self->capture, alsaApi, inParams, StreamDirection_In, NULL != callback )' failed in 'src/hostapi/alsa/pa_linux_alsa.c', line: 2171
Expression 'PaAlsaStream_Initialize( stream, alsaHostApi, inputParameters, outputParameters, sampleRate, framesPerBuffer, callback, streamFlags, userData )' failed in 'src/hostapi/alsa/pa_linux_alsa.c', line: 2839
Expression 'ret' failed in 'src/hostapi/alsa/pa_linux_alsa.c', line: 1736
Expression 'AlsaOpen( &alsaApi->baseHostApiRep, params, streamDir, &self->pcm )' failed in 'src/hostapi/alsa/pa_linux_alsa.c', line: 1904
Expression 'PaAlsaStreamComponent_Initialize( &self->capture, alsaApi, inParams, StreamDirection_In, NULL != callback )' failed in 'src/hostapi/alsa/pa_linux_alsa.c', line: 2171
Expression 'PaAlsaStream_Initialize( stream, alsaHostApi, inputParameters, outputParameters, sampleRate, framesPerBuffer, callback, streamFlags, userData )' failed in 'src/hostapi/alsa/pa_linux_alsa.c', line: 2839
Expression 'ret' failed in 'src/hostapi/alsa/pa_linux_alsa.c', line: 1736
Expression 'AlsaOpen( &alsaApi->baseHostApiRep, params, streamDir, &self->pcm )' failed in 'src/hostapi/alsa/pa_linux_alsa.c', line: 1904
Expression 'PaAlsaStreamComponent_Initialize( &self->capture, alsaApi, inParams, StreamDirection_In, NULL != callback )' failed in 'src/hostapi/alsa/pa_linux_alsa.c', line: 2171
Expression 'PaAlsaStream_Initialize( stream, alsaHostApi, inputParameters, outputParameters, sampleRate, framesPerBuffer, callback, streamFlags, userData )' failed in 'src/hostapi/alsa/pa_linux_alsa.c', line: 2839
Expression 'ret' failed in 'src/hostapi/alsa/pa_linux_alsa.c', line: 1736
Expression 'AlsaOpen( &alsaApi->baseHostApiRep, params, streamDir, &self->pcm )' failed in 'src/hostapi/alsa/pa_linux_alsa.c', line: 1904
Expression 'PaAlsaStreamComponent_Initialize( &self->capture, alsaApi, inParams, StreamDirection_In, NULL != callback )' failed in 'src/hostapi/alsa/pa_linux_alsa.c', line: 2171
Expression 'PaAlsaStream_Initialize( stream, alsaHostApi, inputParameters, outputParameters, sampleRate, framesPerBuffer, callback, streamFlags, userData )' failed in 'src/hostapi/alsa/pa_linux_alsa.c', line: 2839
Expression 'ret' failed in 'src/hostapi/alsa/pa_linux_alsa.c', line: 1736
Expression 'AlsaOpen( &alsaApi->baseHostApiRep, params, streamDir, &self->pcm )' failed in 'src/hostapi/alsa/pa_linux_alsa.c', line: 1904
Expression 'PaAlsaStreamComponent_Initialize( &self->capture, alsaApi, inParams, StreamDirection_In, NULL != callback )' failed in 'src/hostapi/alsa/pa_linux_alsa.c', line: 2171
Expression 'PaAlsaStream_Initialize( stream, alsaHostApi, inputParameters, outputParameters, sampleRate, framesPerBuffer, callback, streamFlags, userData )' failed in 'src/hostapi/alsa/pa_linux_alsa.c', line: 2839
Expression 'ret' failed in 'src/hostapi/alsa/pa_linux_alsa.c', line: 1736
Expression 'AlsaOpen( &alsaApi->baseHostApiRep, params, streamDir, &self->pcm )' failed in 'src/hostapi/alsa/pa_linux_alsa.c', line: 1904
Expression 'PaAlsaStreamComponent_Initialize( &self->capture, alsaApi, inParams, StreamDirection_In, NULL != callback )' failed in 'src/hostapi/alsa/pa_linux_alsa.c', line: 2171
Expression 'PaAlsaStream_Initialize( stream, alsaHostApi, inputParameters, outputParameters, sampleRate, framesPerBuffer, callback, streamFlags, userData )' failed in 'src/hostapi/alsa/pa_linux_alsa.c', line: 2839
Expression 'ret' failed in 'src/hostapi/alsa/pa_linux_alsa.c', line: 1736
Expression 'AlsaOpen( &alsaApi->baseHostApiRep, params, streamDir, &self->pcm )' failed in 'src/hostapi/alsa/pa_linux_alsa.c', line: 1904
Expression 'PaAlsaStreamComponent_Initialize( &self->capture, alsaApi, inParams, StreamDirection_In, NULL != callback )' failed in 'src/hostapi/alsa/pa_linux_alsa.c', line: 2171
Expression 'PaAlsaStream_Initialize( stream, alsaHostApi, inputParameters, outputParameters, sampleRate, framesPerBuffer, callback, streamFlags, userData )' failed in 'src/hostapi/alsa/pa_linux_alsa.c', line: 2839
Expression 'ret' failed in 'src/hostapi/alsa/pa_linux_alsa.c', line: 1736
Expression 'AlsaOpen( &alsaApi->baseHostApiRep, params, streamDir, &self->pcm )' failed in 'src/hostapi/alsa/pa_linux_alsa.c', line: 1904
Expression 'PaAlsaStreamComponent_Initialize( &self->capture, alsaApi, inParams, StreamDirection_In, NULL != callback )' failed in 'src/hostapi/alsa/pa_linux_alsa.c', line: 2171
Expression 'PaAlsaStream_Initialize( stream, alsaHostApi, inputParameters, outputParameters, sampleRate, framesPerBuffer, callback, streamFlags, userData )' failed in 'src/hostapi/alsa/pa_linux_alsa.c', line: 2839
Expression 'ret' failed in 'src/hostapi/alsa/pa_linux_alsa.c', line: 1736
Expression 'AlsaOpen( &alsaApi->baseHostApiRep, params, streamDir, &self->pcm )' failed in 'src/hostapi/alsa/pa_linux_alsa.c', line: 1904
Expression 'PaAlsaStreamComponent_Initialize( &self->capture, alsaApi, inParams, StreamDirection_In, NULL != callback )' failed in 'src/hostapi/alsa/pa_linux_alsa.c', line: 2171
Expression 'PaAlsaStream_Initialize( stream, alsaHostApi, inputParameters, outputParameters, sampleRate, framesPerBuffer, callback, streamFlags, userData )' failed in 'src/hostapi/alsa/pa_linux_alsa.c', line: 2839
Expression 'ret' failed in 'src/hostapi/alsa/pa_linux_alsa.c', line: 1736
Expression 'AlsaOpen( &alsaApi->baseHostApiRep, params, streamDir, &self->pcm )' failed in 'src/hostapi/alsa/pa_linux_alsa.c', line: 1904
Expression 'PaAlsaStreamComponent_Initialize( &self->capture, alsaApi, inParams, StreamDirection_In, NULL != callback )' failed in 'src/hostapi/alsa/pa_linux_alsa.c', line: 2171
Expression 'PaAlsaStream_Initialize( stream, alsaHostApi, inputParameters, outputParameters, sampleRate, framesPerBuffer, callback, streamFlags, userData )' failed in 'src/hostapi/alsa/pa_linux_alsa.c', line: 2839
Expression 'ret' failed in 'src/hostapi/alsa/pa_linux_alsa.c', line: 1736
Expression 'AlsaOpen( &alsaApi->baseHostApiRep, params, streamDir, &self->pcm )' failed in 'src/hostapi/alsa/pa_linux_alsa.c', line: 1904
Expression 'PaAlsaStreamComponent_Initialize( &self->capture, alsaApi, inParams, StreamDirection_In, NULL != callback )' failed in 'src/hostapi/alsa/pa_linux_alsa.c', line: 2171
Expression 'PaAlsaStream_Initialize( stream, alsaHostApi, inputParameters, outputParameters, sampleRate, framesPerBuffer, callback, streamFlags, userData )' failed in 'src/hostapi/alsa/pa_linux_alsa.c', line: 2839
Expression 'ret' failed in 'src/hostapi/alsa/pa_linux_alsa.c', line: 1736
Expression 'AlsaOpen( &alsaApi->baseHostApiRep, params, streamDir, &self->pcm )' failed in 'src/hostapi/alsa/pa_linux_alsa.c', line: 1904
Expression 'PaAlsaStreamComponent_Initialize( &self->capture, alsaApi, inParams, StreamDirection_In, NULL != callback )' failed in 'src/hostapi/alsa/pa_linux_alsa.c', line: 2171
Expression 'PaAlsaStream_Initialize( stream, alsaHostApi, inputParameters, outputParameters, sampleRate, framesPerBuffer, callback, streamFlags, userData )' failed in 'src/hostapi/alsa/pa_linux_alsa.c', line: 2839
Expression 'ret' failed in 'src/hostapi/alsa/pa_linux_alsa.c', line: 1736
Expression 'AlsaOpen( &alsaApi->baseHostApiRep, params, streamDir, &self->pcm )' failed in 'src/hostapi/alsa/pa_linux_alsa.c', line: 1904
Expression 'PaAlsaStreamComponent_Initialize( &self->capture, alsaApi, inParams, StreamDirection_In, NULL != callback )' failed in 'src/hostapi/alsa/pa_linux_alsa.c', line: 2171
Expression 'PaAlsaStream_Initialize( stream, alsaHostApi, inputParameters, outputParameters, sampleRate, framesPerBuffer, callback, streamFlags, userData )' failed in 'src/hostapi/alsa/pa_linux_alsa.c', line: 2839
Expression 'ret' failed in 'src/hostapi/alsa/pa_linux_alsa.c', line: 1736
Expression 'AlsaOpen( &alsaApi->baseHostApiRep, params, streamDir, &self->pcm )' failed in 'src/hostapi/alsa/pa_linux_alsa.c', line: 1904
Expression 'PaAlsaStreamComponent_Initialize( &self->capture, alsaApi, inParams, StreamDirection_In, NULL != callback )' failed in 'src/hostapi/alsa/pa_linux_alsa.c', line: 2171
Expression 'PaAlsaStream_Initialize( stream, alsaHostApi, inputParameters, outputParameters, sampleRate, framesPerBuffer, callback, streamFlags, userData )' failed in 'src/hostapi/alsa/pa_linux_alsa.c', line: 2839
Expression 'ret' failed in 'src/hostapi/alsa/pa_linux_alsa.c', line: 1736
Expression 'AlsaOpen( &alsaApi->baseHostApiRep, params, streamDir, &self->pcm )' failed in 'src/hostapi/alsa/pa_linux_alsa.c', line: 1904
Expression 'PaAlsaStreamComponent_Initialize( &self->capture, alsaApi, inParams, StreamDirection_In, NULL != callback )' failed in 'src/hostapi/alsa/pa_linux_alsa.c', line: 2171
Expression 'PaAlsaStream_Initialize( stream, alsaHostApi, inputParameters, outputParameters, sampleRate, framesPerBuffer, callback, streamFlags, userData )' failed in 'src/hostapi/alsa/pa_linux_alsa.c', line: 2839
Expression 'ret' failed in 'src/hostapi/alsa/pa_linux_alsa.c', line: 1736
Expression 'AlsaOpen( &alsaApi->baseHostApiRep, params, streamDir, &self->pcm )' failed in 'src/hostapi/alsa/pa_linux_alsa.c', line: 1904
Expression 'PaAlsaStreamComponent_Initialize( &self->capture, alsaApi, inParams, StreamDirection_In, NULL != callback )' failed in 'src/hostapi/alsa/pa_linux_alsa.c', line: 2171
Expression 'PaAlsaStream_Initialize( stream, alsaHostApi, inputParameters, outputParameters, sampleRate, framesPerBuffer, callback, streamFlags, userData )' failed in 'src/hostapi/alsa/pa_linux_alsa.c', line: 2839
Expression 'ret' failed in 'src/hostapi/alsa/pa_linux_alsa.c', line: 1736
Expression 'AlsaOpen( &alsaApi->baseHostApiRep, params, streamDir, &self->pcm )' failed in 'src/hostapi/alsa/pa_linux_alsa.c', line: 1904
Expression 'PaAlsaStreamComponent_Initialize( &self->capture, alsaApi, inParams, StreamDirection_In, NULL != callback )' failed in 'src/hostapi/alsa/pa_linux_alsa.c', line: 2171
Expression 'PaAlsaStream_Initialize( stream, alsaHostApi, inputParameters, outputParameters, sampleRate, framesPerBuffer, callback, streamFlags, userData )' failed in 'src/hostapi/alsa/pa_linux_alsa.c', line: 2839
Expression 'ret' failed in 'src/hostapi/alsa/pa_linux_alsa.c', line: 1736
Expression 'AlsaOpen( &alsaApi->baseHostApiRep, params, streamDir, &self->pcm )' failed in 'src/hostapi/alsa/pa_linux_alsa.c', line: 1904
Expression 'PaAlsaStreamComponent_Initialize( &self->capture, alsaApi, inParams, StreamDirection_In, NULL != callback )' failed in 'src/hostapi/alsa/pa_linux_alsa.c', line: 2171
Expression 'PaAlsaStream_Initialize( stream, alsaHostApi, inputParameters, outputParameters, sampleRate, framesPerBuffer, callback, streamFlags, userData )' failed in 'src/hostapi/alsa/pa_linux_alsa.c', line: 2839
Expression 'ret' failed in 'src/hostapi/alsa/pa_linux_alsa.c', line: 1736
Expression 'AlsaOpen( &alsaApi->baseHostApiRep, params, streamDir, &self->pcm )' failed in 'src/hostapi/alsa/pa_linux_alsa.c', line: 1904
Expression 'PaAlsaStreamComponent_Initialize( &self->capture, alsaApi, inParams, StreamDirection_In, NULL != callback )' failed in 'src/hostapi/alsa/pa_linux_alsa.c', line: 2171
Expression 'PaAlsaStream_Initialize( stream, alsaHostApi, inputParameters, outputParameters, sampleRate, framesPerBuffer, callback, streamFlags, userData )' failed in 'src/hostapi/alsa/pa_linux_alsa.c', line: 2839
Expression 'ret' failed in 'src/hostapi/alsa/pa_linux_alsa.c', line: 1736
Expression 'AlsaOpen( &alsaApi->baseHostApiRep, params, streamDir, &self->pcm )' failed in 'src/hostapi/alsa/pa_linux_alsa.c', line: 1904
Expression 'PaAlsaStreamComponent_Initialize( &self->capture, alsaApi, inParams, StreamDirection_In, NULL != callback )' failed in 'src/hostapi/alsa/pa_linux_alsa.c', line: 2171
Expression 'PaAlsaStream_Initialize( stream, alsaHostApi, inputParameters, outputParameters, sampleRate, framesPerBuffer, callback, streamFlags, userData )' failed in 'src/hostapi/alsa/pa_linux_alsa.c', line: 2839
Expression 'ret' failed in 'src/hostapi/alsa/pa_linux_alsa.c', line: 1736
Expression 'AlsaOpen( &alsaApi->baseHostApiRep, params, streamDir, &self->pcm )' failed in 'src/hostapi/alsa/pa_linux_alsa.c', line: 1904
Expression 'PaAlsaStreamComponent_Initialize( &self->capture, alsaApi, inParams, StreamDirection_In, NULL != callback )' failed in 'src/hostapi/alsa/pa_linux_alsa.c', line: 2171
Expression 'PaAlsaStream_Initialize( stream, alsaHostApi, inputParameters, outputParameters, sampleRate, framesPerBuffer, callback, streamFlags, userData )' failed in 'src/hostapi/alsa/pa_linux_alsa.c', line: 2839
Expression 'ret' failed in 'src/hostapi/alsa/pa_linux_alsa.c', line: 1736
Expression 'AlsaOpen( &alsaApi->baseHostApiRep, params, streamDir, &self->pcm )' failed in 'src/hostapi/alsa/pa_linux_alsa.c', line: 1904
Expression 'PaAlsaStreamComponent_Initialize( &self->capture, alsaApi, inParams, StreamDirection_In, NULL != callback )' failed in 'src/hostapi/alsa/pa_linux_alsa.c', line: 2171
Expression 'PaAlsaStream_Initialize( stream, alsaHostApi, inputParameters, outputParameters, sampleRate, framesPerBuffer, callback, streamFlags, userData )' failed in 'src/hostapi/alsa/pa_linux_alsa.c', line: 2839
Expression 'ret' failed in 'src/hostapi/alsa/pa_linux_alsa.c', line: 1736
Expression 'AlsaOpen( &alsaApi->baseHostApiRep, params, streamDir, &self->pcm )' failed in 'src/hostapi/alsa/pa_linux_alsa.c', line: 1904
Expression 'PaAlsaStreamComponent_Initialize( &self->capture, alsaApi, inParams, StreamDirection_In, NULL != callback )' failed in 'src/hostapi/alsa/pa_linux_alsa.c', line: 2171
Expression 'PaAlsaStream_Initialize( stream, alsaHostApi, inputParameters, outputParameters, sampleRate, framesPerBuffer, callback, streamFlags, userData )' failed in 'src/hostapi/alsa/pa_linux_alsa.c', line: 2839
Expression 'ret' failed in 'src/hostapi/alsa/pa_linux_alsa.c', line: 1736
Expression 'AlsaOpen( &alsaApi->baseHostApiRep, params, streamDir, &self->pcm )' failed in 'src/hostapi/alsa/pa_linux_alsa.c', line: 1904
Expression 'PaAlsaStreamComponent_Initialize( &self->capture, alsaApi, inParams, StreamDirection_In, NULL != callback )' failed in 'src/hostapi/alsa/pa_linux_alsa.c', line: 2171
Expression 'PaAlsaStream_Initialize( stream, alsaHostApi, inputParameters, outputParameters, sampleRate, framesPerBuffer, callback, streamFlags, userData )' failed in 'src/hostapi/alsa/pa_linux_alsa.c', line: 2839
Expression 'ret' failed in 'src/hostapi/alsa/pa_linux_alsa.c', line: 1736
Expression 'AlsaOpen( &alsaApi->baseHostApiRep, params, streamDir, &self->pcm )' failed in 'src/hostapi/alsa/pa_linux_alsa.c', line: 1904
Expression 'PaAlsaStreamComponent_Initialize( &self->capture, alsaApi, inParams, StreamDirection_In, NULL != callback )' failed in 'src/hostapi/alsa/pa_linux_alsa.c', line: 2171
Expression 'PaAlsaStream_Initialize( stream, alsaHostApi, inputParameters, outputParameters, sampleRate, framesPerBuffer, callback, streamFlags, userData )' failed in 'src/hostapi/alsa/pa_linux_alsa.c', line: 2839
Expression 'ret' failed in 'src/hostapi/alsa/pa_linux_alsa.c', line: 1736
Expression 'AlsaOpen( &alsaApi->baseHostApiRep, params, streamDir, &self->pcm )' failed in 'src/hostapi/alsa/pa_linux_alsa.c', line: 1904
Expression 'PaAlsaStreamComponent_Initialize( &self->capture, alsaApi, inParams, StreamDirection_In, NULL != callback )' failed in 'src/hostapi/alsa/pa_linux_alsa.c', line: 2171
Expression 'PaAlsaStream_Initialize( stream, alsaHostApi, inputParameters, outputParameters, sampleRate, framesPerBuffer, callback, streamFlags, userData )' failed in 'src/hostapi/alsa/pa_linux_alsa.c', line: 2839
Expression 'ret' failed in 'src/hostapi/alsa/pa_linux_alsa.c', line: 1736
Expression 'AlsaOpen( &alsaApi->baseHostApiRep, params, streamDir, &self->pcm )' failed in 'src/hostapi/alsa/pa_linux_alsa.c', line: 1904
Expression 'PaAlsaStreamComponent_Initialize( &self->capture, alsaApi, inParams, StreamDirection_In, NULL != callback )' failed in 'src/hostapi/alsa/pa_linux_alsa.c', line: 2171
Expression 'PaAlsaStream_Initialize( stream, alsaHostApi, inputParameters, outputParameters, sampleRate, framesPerBuffer, callback, streamFlags, userData )' failed in 'src/hostapi/alsa/pa_linux_alsa.c', line: 2839
Expression 'ret' failed in 'src/hostapi/alsa/pa_linux_alsa.c', line: 1736
Expression 'AlsaOpen( &alsaApi->baseHostApiRep, params, streamDir, &self->pcm )' failed in 'src/hostapi/alsa/pa_linux_alsa.c', line: 1904
Expression 'PaAlsaStreamComponent_Initialize( &self->capture, alsaApi, inParams, StreamDirection_In, NULL != callback )' failed in 'src/hostapi/alsa/pa_linux_alsa.c', line: 2171
Expression 'PaAlsaStream_Initialize( stream, alsaHostApi, inputParameters, outputParameters, sampleRate, framesPerBuffer, callback, streamFlags, userData )' failed in 'src/hostapi/alsa/pa_linux_alsa.c', line: 2839
Expression 'ret' failed in 'src/hostapi/alsa/pa_linux_alsa.c', line: 1736
Expression 'AlsaOpen( &alsaApi->baseHostApiRep, params, streamDir, &self->pcm )' failed in 'src/hostapi/alsa/pa_linux_alsa.c', line: 1904
Expression 'PaAlsaStreamComponent_Initialize( &self->capture, alsaApi, inParams, StreamDirection_In, NULL != callback )' failed in 'src/hostapi/alsa/pa_linux_alsa.c', line: 2171
Expression 'PaAlsaStream_Initialize( stream, alsaHostApi, inputParameters, outputParameters, sampleRate, framesPerBuffer, callback, streamFlags, userData )' failed in 'src/hostapi/alsa/pa_linux_alsa.c', line: 2839
Expression 'ret' failed in 'src/hostapi/alsa/pa_linux_alsa.c', line: 1736
Expression 'AlsaOpen( &alsaApi->baseHostApiRep, params, streamDir, &self->pcm )' failed in 'src/hostapi/alsa/pa_linux_alsa.c', line: 1904
Expression 'PaAlsaStreamComponent_Initialize( &self->capture, alsaApi, inParams, StreamDirection_In, NULL != callback )' failed in 'src/hostapi/alsa/pa_linux_alsa.c', line: 2171
Expression 'PaAlsaStream_Initialize( stream, alsaHostApi, inputParameters, outputParameters, sampleRate, framesPerBuffer, callback, streamFlags, userData )' failed in 'src/hostapi/alsa/pa_linux_alsa.c', line: 2839
Expression 'ret' failed in 'src/hostapi/alsa/pa_linux_alsa.c', line: 1736
Expression 'AlsaOpen( &alsaApi->baseHostApiRep, params, streamDir, &self->pcm )' failed in 'src/hostapi/alsa/pa_linux_alsa.c', line: 1904
Expression 'PaAlsaStreamComponent_Initialize( &self->capture, alsaApi, inParams, StreamDirection_In, NULL != callback )' failed in 'src/hostapi/alsa/pa_linux_alsa.c', line: 2171
Expression 'PaAlsaStream_Initialize( stream, alsaHostApi, inputParameters, outputParameters, sampleRate, framesPerBuffer, callback, streamFlags, userData )' failed in 'src/hostapi/alsa/pa_linux_alsa.c', line: 2839
Expression 'ret' failed in 'src/hostapi/alsa/pa_linux_alsa.c', line: 1736
Expression 'AlsaOpen( &alsaApi->baseHostApiRep, params, streamDir, &self->pcm )' failed in 'src/hostapi/alsa/pa_linux_alsa.c', line: 1904
Expression 'PaAlsaStreamComponent_Initialize( &self->capture, alsaApi, inParams, StreamDirection_In, NULL != callback )' failed in 'src/hostapi/alsa/pa_linux_alsa.c', line: 2171
Expression 'PaAlsaStream_Initialize( stream, alsaHostApi, inputParameters, outputParameters, sampleRate, framesPerBuffer, callback, streamFlags, userData )' failed in 'src/hostapi/alsa/pa_linux_alsa.c', line: 2839
Expression 'ret' failed in 'src/hostapi/alsa/pa_linux_alsa.c', line: 1736
Expression 'AlsaOpen( &alsaApi->baseHostApiRep, params, streamDir, &self->pcm )' failed in 'src/hostapi/alsa/pa_linux_alsa.c', line: 1904
Expression 'PaAlsaStreamComponent_Initialize( &self->capture, alsaApi, inParams, StreamDirection_In, NULL != callback )' failed in 'src/hostapi/alsa/pa_linux_alsa.c', line: 2171
Expression 'PaAlsaStream_Initialize( stream, alsaHostApi, inputParameters, outputParameters, sampleRate, framesPerBuffer, callback, streamFlags, userData )' failed in 'src/hostapi/alsa/pa_linux_alsa.c', line: 2839
Expression 'ret' failed in 'src/hostapi/alsa/pa_linux_alsa.c', line: 1736
Expression 'AlsaOpen( &alsaApi->baseHostApiRep, params, streamDir, &self->pcm )' failed in 'src/hostapi/alsa/pa_linux_alsa.c', line: 1904
Expression 'PaAlsaStreamComponent_Initialize( &self->capture, alsaApi, inParams, StreamDirection_In, NULL != callback )' failed in 'src/hostapi/alsa/pa_linux_alsa.c', line: 2171
Expression 'PaAlsaStream_Initialize( stream, alsaHostApi, inputParameters, outputParameters, sampleRate, framesPerBuffer, callback, streamFlags, userData )' failed in 'src/hostapi/alsa/pa_linux_alsa.c', line: 2839
Expression 'ret' failed in 'src/hostapi/alsa/pa_linux_alsa.c', line: 1736
Expression 'AlsaOpen( &alsaApi->baseHostApiRep, params, streamDir, &self->pcm )' failed in 'src/hostapi/alsa/pa_linux_alsa.c', line: 1904
Expression 'PaAlsaStreamComponent_Initialize( &self->capture, alsaApi, inParams, StreamDirection_In, NULL != callback )' failed in 'src/hostapi/alsa/pa_linux_alsa.c', line: 2171
Expression 'PaAlsaStream_Initialize( stream, alsaHostApi, inputParameters, outputParameters, sampleRate, framesPerBuffer, callback, streamFlags, userData )' failed in 'src/hostapi/alsa/pa_linux_alsa.c', line: 2839
Expression 'ret' failed in 'src/hostapi/alsa/pa_linux_alsa.c', line: 1736
Expression 'AlsaOpen( &alsaApi->baseHostApiRep, params, streamDir, &self->pcm )' failed in 'src/hostapi/alsa/pa_linux_alsa.c', line: 1904
Expression 'PaAlsaStreamComponent_Initialize( &self->capture, alsaApi, inParams, StreamDirection_In, NULL != callback )' failed in 'src/hostapi/alsa/pa_linux_alsa.c', line: 2171
Expression 'PaAlsaStream_Initialize( stream, alsaHostApi, inputParameters, outputParameters, sampleRate, framesPerBuffer, callback, streamFlags, userData )' failed in 'src/hostapi/alsa/pa_linux_alsa.c', line: 2839
Expression 'ret' failed in 'src/hostapi/alsa/pa_linux_alsa.c', line: 1736
Expression 'AlsaOpen( &alsaApi->baseHostApiRep, params, streamDir, &self->pcm )' failed in 'src/hostapi/alsa/pa_linux_alsa.c', line: 1904
Expression 'PaAlsaStreamComponent_Initialize( &self->capture, alsaApi, inParams, StreamDirection_In, NULL != callback )' failed in 'src/hostapi/alsa/pa_linux_alsa.c', line: 2171
Expression 'PaAlsaStream_Initialize( stream, alsaHostApi, inputParameters, outputParameters, sampleRate, framesPerBuffer, callback, streamFlags, userData )' failed in 'src/hostapi/alsa/pa_linux_alsa.c', line: 2839
Expression 'ret' failed in 'src/hostapi/alsa/pa_linux_alsa.c', line: 1736
Expression 'AlsaOpen( &alsaApi->baseHostApiRep, params, streamDir, &self->pcm )' failed in 'src/hostapi/alsa/pa_linux_alsa.c', line: 1904
Expression 'PaAlsaStreamComponent_Initialize( &self->capture, alsaApi, inParams, StreamDirection_In, NULL != callback )' failed in 'src/hostapi/alsa/pa_linux_alsa.c', line: 2171
Expression 'PaAlsaStream_Initialize( stream, alsaHostApi, inputParameters, outputParameters, sampleRate, framesPerBuffer, callback, streamFlags, userData )' failed in 'src/hostapi/alsa/pa_linux_alsa.c', line: 2839
Expression 'ret' failed in 'src/hostapi/alsa/pa_linux_alsa.c', line: 1736
Expression 'AlsaOpen( &alsaApi->baseHostApiRep, params, streamDir, &self->pcm )' failed in 'src/hostapi/alsa/pa_linux_alsa.c', line: 1904
Expression 'PaAlsaStreamComponent_Initialize( &self->capture, alsaApi, inParams, StreamDirection_In, NULL != callback )' failed in 'src/hostapi/alsa/pa_linux_alsa.c', line: 2171
Expression 'PaAlsaStream_Initialize( stream, alsaHostApi, inputParameters, outputParameters, sampleRate, framesPerBuffer, callback, streamFlags, userData )' failed in 'src/hostapi/alsa/pa_linux_alsa.c', line: 2839
Expression 'ret' failed in 'src/hostapi/alsa/pa_linux_alsa.c', line: 1736
Expression 'AlsaOpen( &alsaApi->baseHostApiRep, params, streamDir, &self->pcm )' failed in 'src/hostapi/alsa/pa_linux_alsa.c', line: 1904
Expression 'PaAlsaStreamComponent_Initialize( &self->capture, alsaApi, inParams, StreamDirection_In, NULL != callback )' failed in 'src/hostapi/alsa/pa_linux_alsa.c', line: 2171
Expression 'PaAlsaStream_Initialize( stream, alsaHostApi, inputParameters, outputParameters, sampleRate, framesPerBuffer, callback, streamFlags, userData )' failed in 'src/hostapi/alsa/pa_linux_alsa.c', line: 2839
Expression 'ret' failed in 'src/hostapi/alsa/pa_linux_alsa.c', line: 1736
Expression 'AlsaOpen( &alsaApi->baseHostApiRep, params, streamDir, &self->pcm )' failed in 'src/hostapi/alsa/pa_linux_alsa.c', line: 1904
Expression 'PaAlsaStreamComponent_Initialize( &self->capture, alsaApi, inParams, StreamDirection_In, NULL != callback )' failed in 'src/hostapi/alsa/pa_linux_alsa.c', line: 2171
Expression 'PaAlsaStream_Initialize( stream, alsaHostApi, inputParameters, outputParameters, sampleRate, framesPerBuffer, callback, streamFlags, userData )' failed in 'src/hostapi/alsa/pa_linux_alsa.c', line: 2839
Expression 'ret' failed in 'src/hostapi/alsa/pa_linux_alsa.c', line: 1736
Expression 'AlsaOpen( &alsaApi->baseHostApiRep, params, streamDir, &self->pcm )' failed in 'src/hostapi/alsa/pa_linux_alsa.c', line: 1904
Expression 'PaAlsaStreamComponent_Initialize( &self->capture, alsaApi, inParams, StreamDirection_In, NULL != callback )' failed in 'src/hostapi/alsa/pa_linux_alsa.c', line: 2171
Expression 'PaAlsaStream_Initialize( stream, alsaHostApi, inputParameters, outputParameters, sampleRate, framesPerBuffer, callback, streamFlags, userData )' failed in 'src/hostapi/alsa/pa_linux_alsa.c', line: 2839
Expression 'ret' failed in 'src/hostapi/alsa/pa_linux_alsa.c', line: 1736
Expression 'AlsaOpen( &alsaApi->baseHostApiRep, params, streamDir, &self->pcm )' failed in 'src/hostapi/alsa/pa_linux_alsa.c', line: 1904
Expression 'PaAlsaStreamComponent_Initialize( &self->capture, alsaApi, inParams, StreamDirection_In, NULL != callback )' failed in 'src/hostapi/alsa/pa_linux_alsa.c', line: 2171
Expression 'PaAlsaStream_Initialize( stream, alsaHostApi, inputParameters, outputParameters, sampleRate, framesPerBuffer, callback, streamFlags, userData )' failed in 'src/hostapi/alsa/pa_linux_alsa.c', line: 2839
Expression 'ret' failed in 'src/hostapi/alsa/pa_linux_alsa.c', line: 1736
Expression 'AlsaOpen( &alsaApi->baseHostApiRep, params, streamDir, &self->pcm )' failed in 'src/hostapi/alsa/pa_linux_alsa.c', line: 1904
Expression 'PaAlsaStreamComponent_Initialize( &self->capture, alsaApi, inParams, StreamDirection_In, NULL != callback )' failed in 'src/hostapi/alsa/pa_linux_alsa.c', line: 2171
Expression 'PaAlsaStream_Initialize( stream, alsaHostApi, inputParameters, outputParameters, sampleRate, framesPerBuffer, callback, streamFlags, userData )' failed in 'src/hostapi/alsa/pa_linux_alsa.c', line: 2839
Expression 'ret' failed in 'src/hostapi/alsa/pa_linux_alsa.c', line: 1736
Expression 'AlsaOpen( &alsaApi->baseHostApiRep, params, streamDir, &self->pcm )' failed in 'src/hostapi/alsa/pa_linux_alsa.c', line: 1904
Expression 'PaAlsaStreamComponent_Initialize( &self->capture, alsaApi, inParams, StreamDirection_In, NULL != callback )' failed in 'src/hostapi/alsa/pa_linux_alsa.c', line: 2171
Expression 'PaAlsaStream_Initialize( stream, alsaHostApi, inputParameters, outputParameters, sampleRate, framesPerBuffer, callback, streamFlags, userData )' failed in 'src/hostapi/alsa/pa_linux_alsa.c', line: 2839
Expression 'ret' failed in 'src/hostapi/alsa/pa_linux_alsa.c', line: 1736
Expression 'AlsaOpen( &alsaApi->baseHostApiRep, params, streamDir, &self->pcm )' failed in 'src/hostapi/alsa/pa_linux_alsa.c', line: 1904
Expression 'PaAlsaStreamComponent_Initialize( &self->capture, alsaApi, inParams, StreamDirection_In, NULL != callback )' failed in 'src/hostapi/alsa/pa_linux_alsa.c', line: 2171
Expression 'PaAlsaStream_Initialize( stream, alsaHostApi, inputParameters, outputParameters, sampleRate, framesPerBuffer, callback, streamFlags, userData )' failed in 'src/hostapi/alsa/pa_linux_alsa.c', line: 2839
Expression 'ret' failed in 'src/hostapi/alsa/pa_linux_alsa.c', line: 1736
Expression 'AlsaOpen( &alsaApi->baseHostApiRep, params, streamDir, &self->pcm )' failed in 'src/hostapi/alsa/pa_linux_alsa.c', line: 1904
Expression 'PaAlsaStreamComponent_Initialize( &self->capture, alsaApi, inParams, StreamDirection_In, NULL != callback )' failed in 'src/hostapi/alsa/pa_linux_alsa.c', line: 2171
Expression 'PaAlsaStream_Initialize( stream, alsaHostApi, inputParameters, outputParameters, sampleRate, framesPerBuffer, callback, streamFlags, userData )' failed in 'src/hostapi/alsa/pa_linux_alsa.c', line: 2839
Expression 'ret' failed in 'src/hostapi/alsa/pa_linux_alsa.c', line: 1736
Expression 'AlsaOpen( &alsaApi->baseHostApiRep, params, streamDir, &self->pcm )' failed in 'src/hostapi/alsa/pa_linux_alsa.c', line: 1904
Expression 'PaAlsaStreamComponent_Initialize( &self->capture, alsaApi, inParams, StreamDirection_In, NULL != callback )' failed in 'src/hostapi/alsa/pa_linux_alsa.c', line: 2171
Expression 'PaAlsaStream_Initialize( stream, alsaHostApi, inputParameters, outputParameters, sampleRate, framesPerBuffer, callback, streamFlags, userData )' failed in 'src/hostapi/alsa/pa_linux_alsa.c', line: 2839
Expression 'ret' failed in 'src/hostapi/alsa/pa_linux_alsa.c', line: 1736
Expression 'AlsaOpen( &alsaApi->baseHostApiRep, params, streamDir, &self->pcm )' failed in 'src/hostapi/alsa/pa_linux_alsa.c', line: 1904
Expression 'PaAlsaStreamComponent_Initialize( &self->capture, alsaApi, inParams, StreamDirection_In, NULL != callback )' failed in 'src/hostapi/alsa/pa_linux_alsa.c', line: 2171
Expression 'PaAlsaStream_Initialize( stream, alsaHostApi, inputParameters, outputParameters, sampleRate, framesPerBuffer, callback, streamFlags, userData )' failed in 'src/hostapi/alsa/pa_linux_alsa.c', line: 2839
Expression 'ret' failed in 'src/hostapi/alsa/pa_linux_alsa.c', line: 1736
Expression 'AlsaOpen( &alsaApi->baseHostApiRep, params, streamDir, &self->pcm )' failed in 'src/hostapi/alsa/pa_linux_alsa.c', line: 1904
Expression 'PaAlsaStreamComponent_Initialize( &self->capture, alsaApi, inParams, StreamDirection_In, NULL != callback )' failed in 'src/hostapi/alsa/pa_linux_alsa.c', line: 2171
Expression 'PaAlsaStream_Initialize( stream, alsaHostApi, inputParameters, outputParameters, sampleRate, framesPerBuffer, callback, streamFlags, userData )' failed in 'src/hostapi/alsa/pa_linux_alsa.c', line: 2839
Expression 'ret' failed in 'src/hostapi/alsa/pa_linux_alsa.c', line: 1736
Expression 'AlsaOpen( &alsaApi->baseHostApiRep, params, streamDir, &self->pcm )' failed in 'src/hostapi/alsa/pa_linux_alsa.c', line: 1904
Expression 'PaAlsaStreamComponent_Initialize( &self->capture, alsaApi, inParams, StreamDirection_In, NULL != callback )' failed in 'src/hostapi/alsa/pa_linux_alsa.c', line: 2171
Expression 'PaAlsaStream_Initialize( stream, alsaHostApi, inputParameters, outputParameters, sampleRate, framesPerBuffer, callback, streamFlags, userData )' failed in 'src/hostapi/alsa/pa_linux_alsa.c', line: 2839
Expression 'ret' failed in 'src/hostapi/alsa/pa_linux_alsa.c', line: 1736
Expression 'AlsaOpen( &alsaApi->baseHostApiRep, params, streamDir, &self->pcm )' failed in 'src/hostapi/alsa/pa_linux_alsa.c', line: 1904
Expression 'PaAlsaStreamComponent_Initialize( &self->capture, alsaApi, inParams, StreamDirection_In, NULL != callback )' failed in 'src/hostapi/alsa/pa_linux_alsa.c', line: 2171
Expression 'PaAlsaStream_Initialize( stream, alsaHostApi, inputParameters, outputParameters, sampleRate, framesPerBuffer, callback, streamFlags, userData )' failed in 'src/hostapi/alsa/pa_linux_alsa.c', line: 2839
Expression 'ret' failed in 'src/hostapi/alsa/pa_linux_alsa.c', line: 1736
Expression 'AlsaOpen( &alsaApi->baseHostApiRep, params, streamDir, &self->pcm )' failed in 'src/hostapi/alsa/pa_linux_alsa.c', line: 1904
Expression 'PaAlsaStreamComponent_Initialize( &self->capture, alsaApi, inParams, StreamDirection_In, NULL != callback )' failed in 'src/hostapi/alsa/pa_linux_alsa.c', line: 2171
Expression 'PaAlsaStream_Initialize( stream, alsaHostApi, inputParameters, outputParameters, sampleRate, framesPerBuffer, callback, streamFlags, userData )' failed in 'src/hostapi/alsa/pa_linux_alsa.c', line: 2839
Expression 'ret' failed in 'src/hostapi/alsa/pa_linux_alsa.c', line: 1736
Expression 'AlsaOpen( &alsaApi->baseHostApiRep, params, streamDir, &self->pcm )' failed in 'src/hostapi/alsa/pa_linux_alsa.c', line: 1904
Expression 'PaAlsaStreamComponent_Initialize( &self->capture, alsaApi, inParams, StreamDirection_In, NULL != callback )' failed in 'src/hostapi/alsa/pa_linux_alsa.c', line: 2171
Expression 'PaAlsaStream_Initialize( stream, alsaHostApi, inputParameters, outputParameters, sampleRate, framesPerBuffer, callback, streamFlags, userData )' failed in 'src/hostapi/alsa/pa_linux_alsa.c', line: 2839
Expression 'ret' failed in 'src/hostapi/alsa/pa_linux_alsa.c', line: 1736
Expression 'AlsaOpen( &alsaApi->baseHostApiRep, params, streamDir, &self->pcm )' failed in 'src/hostapi/alsa/pa_linux_alsa.c', line: 1904
Expression 'PaAlsaStreamComponent_Initialize( &self->capture, alsaApi, inParams, StreamDirection_In, NULL != callback )' failed in 'src/hostapi/alsa/pa_linux_alsa.c', line: 2171
Expression 'PaAlsaStream_Initialize( stream, alsaHostApi, inputParameters, outputParameters, sampleRate, framesPerBuffer, callback, streamFlags, userData )' failed in 'src/hostapi/alsa/pa_linux_alsa.c', line: 2839
Expression 'ret' failed in 'src/hostapi/alsa/pa_linux_alsa.c', line: 1736
Expression 'AlsaOpen( &alsaApi->baseHostApiRep, params, streamDir, &self->pcm )' failed in 'src/hostapi/alsa/pa_linux_alsa.c', line: 1904
Expression 'PaAlsaStreamComponent_Initialize( &self->capture, alsaApi, inParams, StreamDirection_In, NULL != callback )' failed in 'src/hostapi/alsa/pa_linux_alsa.c', line: 2171
Expression 'PaAlsaStream_Initialize( stream, alsaHostApi, inputParameters, outputParameters, sampleRate, framesPerBuffer, callback, streamFlags, userData )' failed in 'src/hostapi/alsa/pa_linux_alsa.c', line: 2839
Expression 'ret' failed in 'src/hostapi/alsa/pa_linux_alsa.c', line: 1736
Expression 'AlsaOpen( &alsaApi->baseHostApiRep, params, streamDir, &self->pcm )' failed in 'src/hostapi/alsa/pa_linux_alsa.c', line: 1904
Expression 'PaAlsaStreamComponent_Initialize( &self->capture, alsaApi, inParams, StreamDirection_In, NULL != callback )' failed in 'src/hostapi/alsa/pa_linux_alsa.c', line: 2171
Expression 'PaAlsaStream_Initialize( stream, alsaHostApi, inputParameters, outputParameters, sampleRate, framesPerBuffer, callback, streamFlags, userData )' failed in 'src/hostapi/alsa/pa_linux_alsa.c', line: 2839
Expression 'ret' failed in 'src/hostapi/alsa/pa_linux_alsa.c', line: 1736
Expression 'AlsaOpen( &alsaApi->baseHostApiRep, params, streamDir, &self->pcm )' failed in 'src/hostapi/alsa/pa_linux_alsa.c', line: 1904
Expression 'PaAlsaStreamComponent_Initialize( &self->capture, alsaApi, inParams, StreamDirection_In, NULL != callback )' failed in 'src/hostapi/alsa/pa_linux_alsa.c', line: 2171
Expression 'PaAlsaStream_Initialize( stream, alsaHostApi, inputParameters, outputParameters, sampleRate, framesPerBuffer, callback, streamFlags, userData )' failed in 'src/hostapi/alsa/pa_linux_alsa.c', line: 2839
Expression 'ret' failed in 'src/hostapi/alsa/pa_linux_alsa.c', line: 1736
Expression 'AlsaOpen( &alsaApi->baseHostApiRep, params, streamDir, &self->pcm )' failed in 'src/hostapi/alsa/pa_linux_alsa.c', line: 1904
Expression 'PaAlsaStreamComponent_Initialize( &self->capture, alsaApi, inParams, StreamDirection_In, NULL != callback )' failed in 'src/hostapi/alsa/pa_linux_alsa.c', line: 2171
Expression 'PaAlsaStream_Initialize( stream, alsaHostApi, inputParameters, outputParameters, sampleRate, framesPerBuffer, callback, streamFlags, userData )' failed in 'src/hostapi/alsa/pa_linux_alsa.c', line: 2839
Expression 'ret' failed in 'src/hostapi/alsa/pa_linux_alsa.c', line: 1736
Expression 'AlsaOpen( &alsaApi->baseHostApiRep, params, streamDir, &self->pcm )' failed in 'src/hostapi/alsa/pa_linux_alsa.c', line: 1904
Expression 'PaAlsaStreamComponent_Initialize( &self->capture, alsaApi, inParams, StreamDirection_In, NULL != callback )' failed in 'src/hostapi/alsa/pa_linux_alsa.c', line: 2171
Expression 'PaAlsaStream_Initialize( stream, alsaHostApi, inputParameters, outputParameters, sampleRate, framesPerBuffer, callback, streamFlags, userData )' failed in 'src/hostapi/alsa/pa_linux_alsa.c', line: 2839
Expression 'ret' failed in 'src/hostapi/alsa/pa_linux_alsa.c', line: 1736
Expression 'AlsaOpen( &alsaApi->baseHostApiRep, params, streamDir, &self->pcm )' failed in 'src/hostapi/alsa/pa_linux_alsa.c', line: 1904
Expression 'PaAlsaStreamComponent_Initialize( &self->capture, alsaApi, inParams, StreamDirection_In, NULL != callback )' failed in 'src/hostapi/alsa/pa_linux_alsa.c', line: 2171
Expression 'PaAlsaStream_Initialize( stream, alsaHostApi, inputParameters, outputParameters, sampleRate, framesPerBuffer, callback, streamFlags, userData )' failed in 'src/hostapi/alsa/pa_linux_alsa.c', line: 2839
Expression 'ret' failed in 'src/hostapi/alsa/pa_linux_alsa.c', line: 1736
Expression 'AlsaOpen( &alsaApi->baseHostApiRep, params, streamDir, &self->pcm )' failed in 'src/hostapi/alsa/pa_linux_alsa.c', line: 1904
Expression 'PaAlsaStreamComponent_Initialize( &self->capture, alsaApi, inParams, StreamDirection_In, NULL != callback )' failed in 'src/hostapi/alsa/pa_linux_alsa.c', line: 2171
Expression 'PaAlsaStream_Initialize( stream, alsaHostApi, inputParameters, outputParameters, sampleRate, framesPerBuffer, callback, streamFlags, userData )' failed in 'src/hostapi/alsa/pa_linux_alsa.c', line: 2839
Expression 'ret' failed in 'src/hostapi/alsa/pa_linux_alsa.c', line: 1736
Expression 'AlsaOpen( &alsaApi->baseHostApiRep, params, streamDir, &self->pcm )' failed in 'src/hostapi/alsa/pa_linux_alsa.c', line: 1904
Expression 'PaAlsaStreamComponent_Initialize( &self->capture, alsaApi, inParams, StreamDirection_In, NULL != callback )' failed in 'src/hostapi/alsa/pa_linux_alsa.c', line: 2171
Expression 'PaAlsaStream_Initialize( stream, alsaHostApi, inputParameters, outputParameters, sampleRate, framesPerBuffer, callback, streamFlags, userData )' failed in 'src/hostapi/alsa/pa_linux_alsa.c', line: 2839
Expression 'ret' failed in 'src/hostapi/alsa/pa_linux_alsa.c', line: 1736
Expression 'AlsaOpen( &alsaApi->baseHostApiRep, params, streamDir, &self->pcm )' failed in 'src/hostapi/alsa/pa_linux_alsa.c', line: 1904
Expression 'PaAlsaStreamComponent_Initialize( &self->capture, alsaApi, inParams, StreamDirection_In, NULL != callback )' failed in 'src/hostapi/alsa/pa_linux_alsa.c', line: 2171
Expression 'PaAlsaStream_Initialize( stream, alsaHostApi, inputParameters, outputParameters, sampleRate, framesPerBuffer, callback, streamFlags, userData )' failed in 'src/hostapi/alsa/pa_linux_alsa.c', line: 2839
Expression 'ret' failed in 'src/hostapi/alsa/pa_linux_alsa.c', line: 1736
Expression 'AlsaOpen( &alsaApi->baseHostApiRep, params, streamDir, &self->pcm )' failed in 'src/hostapi/alsa/pa_linux_alsa.c', line: 1904
Expression 'PaAlsaStreamComponent_Initialize( &self->capture, alsaApi, inParams, StreamDirection_In, NULL != callback )' failed in 'src/hostapi/alsa/pa_linux_alsa.c', line: 2171
Expression 'PaAlsaStream_Initialize( stream, alsaHostApi, inputParameters, outputParameters, sampleRate, framesPerBuffer, callback, streamFlags, userData )' failed in 'src/hostapi/alsa/pa_linux_alsa.c', line: 2839
Expression 'ret' failed in 'src/hostapi/alsa/pa_linux_alsa.c', line: 1736
Expression 'AlsaOpen( &alsaApi->baseHostApiRep, params, streamDir, &self->pcm )' failed in 'src/hostapi/alsa/pa_linux_alsa.c', line: 1904
Expression 'PaAlsaStreamComponent_Initialize( &self->capture, alsaApi, inParams, StreamDirection_In, NULL != callback )' failed in 'src/hostapi/alsa/pa_linux_alsa.c', line: 2171
Expression 'PaAlsaStream_Initialize( stream, alsaHostApi, inputParameters, outputParameters, sampleRate, framesPerBuffer, callback, streamFlags, userData )' failed in 'src/hostapi/alsa/pa_linux_alsa.c', line: 2839
Expression 'ret' failed in 'src/hostapi/alsa/pa_linux_alsa.c', line: 1736
Expression 'AlsaOpen( &alsaApi->baseHostApiRep, params, streamDir, &self->pcm )' failed in 'src/hostapi/alsa/pa_linux_alsa.c', line: 1904
Expression 'PaAlsaStreamComponent_Initialize( &self->capture, alsaApi, inParams, StreamDirection_In, NULL != callback )' failed in 'src/hostapi/alsa/pa_linux_alsa.c', line: 2171
Expression 'PaAlsaStream_Initialize( stream, alsaHostApi, inputParameters, outputParameters, sampleRate, framesPerBuffer, callback, streamFlags, userData )' failed in 'src/hostapi/alsa/pa_linux_alsa.c', line: 2839
Expression 'ret' failed in 'src/hostapi/alsa/pa_linux_alsa.c', line: 1736
Expression 'AlsaOpen( &alsaApi->baseHostApiRep, params, streamDir, &self->pcm )' failed in 'src/hostapi/alsa/pa_linux_alsa.c', line: 1904
Expression 'PaAlsaStreamComponent_Initialize( &self->capture, alsaApi, inParams, StreamDirection_In, NULL != callback )' failed in 'src/hostapi/alsa/pa_linux_alsa.c', line: 2171
Expression 'PaAlsaStream_Initialize( stream, alsaHostApi, inputParameters, outputParameters, sampleRate, framesPerBuffer, callback, streamFlags, userData )' failed in 'src/hostapi/alsa/pa_linux_alsa.c', line: 2839
Expression 'ret' failed in 'src/hostapi/alsa/pa_linux_alsa.c', line: 1736
Expression 'AlsaOpen( &alsaApi->baseHostApiRep, params, streamDir, &self->pcm )' failed in 'src/hostapi/alsa/pa_linux_alsa.c', line: 1904
Expression 'PaAlsaStreamComponent_Initialize( &self->capture, alsaApi, inParams, StreamDirection_In, NULL != callback )' failed in 'src/hostapi/alsa/pa_linux_alsa.c', line: 2171
Expression 'PaAlsaStream_Initialize( stream, alsaHostApi, inputParameters, outputParameters, sampleRate, framesPerBuffer, callback, streamFlags, userData )' failed in 'src/hostapi/alsa/pa_linux_alsa.c', line: 2839
Expression 'ret' failed in 'src/hostapi/alsa/pa_linux_alsa.c', line: 1736
Expression 'AlsaOpen( &alsaApi->baseHostApiRep, params, streamDir, &self->pcm )' failed in 'src/hostapi/alsa/pa_linux_alsa.c', line: 1904
Expression 'PaAlsaStreamComponent_Initialize( &self->capture, alsaApi, inParams, StreamDirection_In, NULL != callback )' failed in 'src/hostapi/alsa/pa_linux_alsa.c', line: 2171
Expression 'PaAlsaStream_Initialize( stream, alsaHostApi, inputParameters, outputParameters, sampleRate, framesPerBuffer, callback, streamFlags, userData )' failed in 'src/hostapi/alsa/pa_linux_alsa.c', line: 2839
Expression 'ret' failed in 'src/hostapi/alsa/pa_linux_alsa.c', line: 1736
Expression 'AlsaOpen( &alsaApi->baseHostApiRep, params, streamDir, &self->pcm )' failed in 'src/hostapi/alsa/pa_linux_alsa.c', line: 1904
Expression 'PaAlsaStreamComponent_Initialize( &self->capture, alsaApi, inParams, StreamDirection_In, NULL != callback )' failed in 'src/hostapi/alsa/pa_linux_alsa.c', line: 2171
Expression 'PaAlsaStream_Initialize( stream, alsaHostApi, inputParameters, outputParameters, sampleRate, framesPerBuffer, callback, streamFlags, userData )' failed in 'src/hostapi/alsa/pa_linux_alsa.c', line: 2839
Expression 'ret' failed in 'src/hostapi/alsa/pa_linux_alsa.c', line: 1736
Expression 'AlsaOpen( &alsaApi->baseHostApiRep, params, streamDir, &self->pcm )' failed in 'src/hostapi/alsa/pa_linux_alsa.c', line: 1904
Expression 'PaAlsaStreamComponent_Initialize( &self->capture, alsaApi, inParams, StreamDirection_In, NULL != callback )' failed in 'src/hostapi/alsa/pa_linux_alsa.c', line: 2171
Expression 'PaAlsaStream_Initialize( stream, alsaHostApi, inputParameters, outputParameters, sampleRate, framesPerBuffer, callback, streamFlags, userData )' failed in 'src/hostapi/alsa/pa_linux_alsa.c', line: 2839
Expression 'ret' failed in 'src/hostapi/alsa/pa_linux_alsa.c', line: 1736
Expression 'AlsaOpen( &alsaApi->baseHostApiRep, params, streamDir, &self->pcm )' failed in 'src/hostapi/alsa/pa_linux_alsa.c', line: 1904
Expression 'PaAlsaStreamComponent_Initialize( &self->capture, alsaApi, inParams, StreamDirection_In, NULL != callback )' failed in 'src/hostapi/alsa/pa_linux_alsa.c', line: 2171
Expression 'PaAlsaStream_Initialize( stream, alsaHostApi, inputParameters, outputParameters, sampleRate, framesPerBuffer, callback, streamFlags, userData )' failed in 'src/hostapi/alsa/pa_linux_alsa.c', line: 2839
Expression 'ret' failed in 'src/hostapi/alsa/pa_linux_alsa.c', line: 1736
Expression 'AlsaOpen( &alsaApi->baseHostApiRep, params, streamDir, &self->pcm )' failed in 'src/hostapi/alsa/pa_linux_alsa.c', line: 1904
Expression 'PaAlsaStreamComponent_Initialize( &self->capture, alsaApi, inParams, StreamDirection_In, NULL != callback )' failed in 'src/hostapi/alsa/pa_linux_alsa.c', line: 2171
Expression 'PaAlsaStream_Initialize( stream, alsaHostApi, inputParameters, outputParameters, sampleRate, framesPerBuffer, callback, streamFlags, userData )' failed in 'src/hostapi/alsa/pa_linux_alsa.c', line: 2839
Expression 'ret' failed in 'src/hostapi/alsa/pa_linux_alsa.c', line: 1736
Expression 'AlsaOpen( &alsaApi->baseHostApiRep, params, streamDir, &self->pcm )' failed in 'src/hostapi/alsa/pa_linux_alsa.c', line: 1904
Expression 'PaAlsaStreamComponent_Initialize( &self->capture, alsaApi, inParams, StreamDirection_In, NULL != callback )' failed in 'src/hostapi/alsa/pa_linux_alsa.c', line: 2171
Expression 'PaAlsaStream_Initialize( stream, alsaHostApi, inputParameters, outputParameters, sampleRate, framesPerBuffer, callback, streamFlags, userData )' failed in 'src/hostapi/alsa/pa_linux_alsa.c', line: 2839
Expression 'ret' failed in 'src/hostapi/alsa/pa_linux_alsa.c', line: 1736
Expression 'AlsaOpen( &alsaApi->baseHostApiRep, params, streamDir, &self->pcm )' failed in 'src/hostapi/alsa/pa_linux_alsa.c', line: 1904
Expression 'PaAlsaStreamComponent_Initialize( &self->capture, alsaApi, inParams, StreamDirection_In, NULL != callback )' failed in 'src/hostapi/alsa/pa_linux_alsa.c', line: 2171
Expression 'PaAlsaStream_Initialize( stream, alsaHostApi, inputParameters, outputParameters, sampleRate, framesPerBuffer, callback, streamFlags, userData )' failed in 'src/hostapi/alsa/pa_linux_alsa.c', line: 2839
Expression 'ret' failed in 'src/hostapi/alsa/pa_linux_alsa.c', line: 1736
Expression 'AlsaOpen( &alsaApi->baseHostApiRep, params, streamDir, &self->pcm )' failed in 'src/hostapi/alsa/pa_linux_alsa.c', line: 1904
Expression 'PaAlsaStreamComponent_Initialize( &self->capture, alsaApi, inParams, StreamDirection_In, NULL != callback )' failed in 'src/hostapi/alsa/pa_linux_alsa.c', line: 2171
Expression 'PaAlsaStream_Initialize( stream, alsaHostApi, inputParameters, outputParameters, sampleRate, framesPerBuffer, callback, streamFlags, userData )' failed in 'src/hostapi/alsa/pa_linux_alsa.c', line: 2839
Expression 'ret' failed in 'src/hostapi/alsa/pa_linux_alsa.c', line: 1736
Expression 'AlsaOpen( &alsaApi->baseHostApiRep, params, streamDir, &self->pcm )' failed in 'src/hostapi/alsa/pa_linux_alsa.c', line: 1904
Expression 'PaAlsaStreamComponent_Initialize( &self->capture, alsaApi, inParams, StreamDirection_In, NULL != callback )' failed in 'src/hostapi/alsa/pa_linux_alsa.c', line: 2171
Expression 'PaAlsaStream_Initialize( stream, alsaHostApi, inputParameters, outputParameters, sampleRate, framesPerBuffer, callback, streamFlags, userData )' failed in 'src/hostapi/alsa/pa_linux_alsa.c', line: 2839
Expression 'ret' failed in 'src/hostapi/alsa/pa_linux_alsa.c', line: 1736
Expression 'AlsaOpen( &alsaApi->baseHostApiRep, params, streamDir, &self->pcm )' failed in 'src/hostapi/alsa/pa_linux_alsa.c', line: 1904
Expression 'PaAlsaStreamComponent_Initialize( &self->capture, alsaApi, inParams, StreamDirection_In, NULL != callback )' failed in 'src/hostapi/alsa/pa_linux_alsa.c', line: 2171
Expression 'PaAlsaStream_Initialize( stream, alsaHostApi, inputParameters, outputParameters, sampleRate, framesPerBuffer, callback, streamFlags, userData )' failed in 'src/hostapi/alsa/pa_linux_alsa.c', line: 2839
Expression 'ret' failed in 'src/hostapi/alsa/pa_linux_alsa.c', line: 1736
Expression 'AlsaOpen( &alsaApi->baseHostApiRep, params, streamDir, &self->pcm )' failed in 'src/hostapi/alsa/pa_linux_alsa.c', line: 1904
Expression 'PaAlsaStreamComponent_Initialize( &self->capture, alsaApi, inParams, StreamDirection_In, NULL != callback )' failed in 'src/hostapi/alsa/pa_linux_alsa.c', line: 2171
Expression 'PaAlsaStream_Initialize( stream, alsaHostApi, inputParameters, outputParameters, sampleRate, framesPerBuffer, callback, streamFlags, userData )' failed in 'src/hostapi/alsa/pa_linux_alsa.c', line: 2839
Expression 'ret' failed in 'src/hostapi/alsa/pa_linux_alsa.c', line: 1736
Expression 'AlsaOpen( &alsaApi->baseHostApiRep, params, streamDir, &self->pcm )' failed in 'src/hostapi/alsa/pa_linux_alsa.c', line: 1904
Expression 'PaAlsaStreamComponent_Initialize( &self->capture, alsaApi, inParams, StreamDirection_In, NULL != callback )' failed in 'src/hostapi/alsa/pa_linux_alsa.c', line: 2171
Expression 'PaAlsaStream_Initialize( stream, alsaHostApi, inputParameters, outputParameters, sampleRate, framesPerBuffer, callback, streamFlags, userData )' failed in 'src/hostapi/alsa/pa_linux_alsa.c', line: 2839
Expression 'ret' failed in 'src/hostapi/alsa/pa_linux_alsa.c', line: 1736
Expression 'AlsaOpen( &alsaApi->baseHostApiRep, params, streamDir, &self->pcm )' failed in 'src/hostapi/alsa/pa_linux_alsa.c', line: 1904
Expression 'PaAlsaStreamComponent_Initialize( &self->capture, alsaApi, inParams, StreamDirection_In, NULL != callback )' failed in 'src/hostapi/alsa/pa_linux_alsa.c', line: 2171
Expression 'PaAlsaStream_Initialize( stream, alsaHostApi, inputParameters, outputParameters, sampleRate, framesPerBuffer, callback, streamFlags, userData )' failed in 'src/hostapi/alsa/pa_linux_alsa.c', line: 2839
Expression 'ret' failed in 'src/hostapi/alsa/pa_linux_alsa.c', line: 1736
Expression 'AlsaOpen( &alsaApi->baseHostApiRep, params, streamDir, &self->pcm )' failed in 'src/hostapi/alsa/pa_linux_alsa.c', line: 1904
Expression 'PaAlsaStreamComponent_Initialize( &self->capture, alsaApi, inParams, StreamDirection_In, NULL != callback )' failed in 'src/hostapi/alsa/pa_linux_alsa.c', line: 2171
Expression 'PaAlsaStream_Initialize( stream, alsaHostApi, inputParameters, outputParameters, sampleRate, framesPerBuffer, callback, streamFlags, userData )' failed in 'src/hostapi/alsa/pa_linux_alsa.c', line: 2839
Expression 'ret' failed in 'src/hostapi/alsa/pa_linux_alsa.c', line: 1736
Expression 'AlsaOpen( &alsaApi->baseHostApiRep, params, streamDir, &self->pcm )' failed in 'src/hostapi/alsa/pa_linux_alsa.c', line: 1904
Expression 'PaAlsaStreamComponent_Initialize( &self->capture, alsaApi, inParams, StreamDirection_In, NULL != callback )' failed in 'src/hostapi/alsa/pa_linux_alsa.c', line: 2171
Expression 'PaAlsaStream_Initialize( stream, alsaHostApi, inputParameters, outputParameters, sampleRate, framesPerBuffer, callback, streamFlags, userData )' failed in 'src/hostapi/alsa/pa_linux_alsa.c', line: 2839
Expression 'ret' failed in 'src/hostapi/alsa/pa_linux_alsa.c', line: 1736
Expression 'AlsaOpen( &alsaApi->baseHostApiRep, params, streamDir, &self->pcm )' failed in 'src/hostapi/alsa/pa_linux_alsa.c', line: 1904
Expression 'PaAlsaStreamComponent_Initialize( &self->capture, alsaApi, inParams, StreamDirection_In, NULL != callback )' failed in 'src/hostapi/alsa/pa_linux_alsa.c', line: 2171
Expression 'PaAlsaStream_Initialize( stream, alsaHostApi, inputParameters, outputParameters, sampleRate, framesPerBuffer, callback, streamFlags, userData )' failed in 'src/hostapi/alsa/pa_linux_alsa.c', line: 2839
Expression 'ret' failed in 'src/hostapi/alsa/pa_linux_alsa.c', line: 1736
Expression 'AlsaOpen( &alsaApi->baseHostApiRep, params, streamDir, &self->pcm )' failed in 'src/hostapi/alsa/pa_linux_alsa.c', line: 1904
Expression 'PaAlsaStreamComponent_Initialize( &self->capture, alsaApi, inParams, StreamDirection_In, NULL != callback )' failed in 'src/hostapi/alsa/pa_linux_alsa.c', line: 2171
Expression 'PaAlsaStream_Initialize( stream, alsaHostApi, inputParameters, outputParameters, sampleRate, framesPerBuffer, callback, streamFlags, userData )' failed in 'src/hostapi/alsa/pa_linux_alsa.c', line: 2839
Expression 'ret' failed in 'src/hostapi/alsa/pa_linux_alsa.c', line: 1736
Expression 'AlsaOpen( &alsaApi->baseHostApiRep, params, streamDir, &self->pcm )' failed in 'src/hostapi/alsa/pa_linux_alsa.c', line: 1904
Expression 'PaAlsaStreamComponent_Initialize( &self->capture, alsaApi, inParams, StreamDirection_In, NULL != callback )' failed in 'src/hostapi/alsa/pa_linux_alsa.c', line: 2171
Expression 'PaAlsaStream_Initialize( stream, alsaHostApi, inputParameters, outputParameters, sampleRate, framesPerBuffer, callback, streamFlags, userData )' failed in 'src/hostapi/alsa/pa_linux_alsa.c', line: 2839
Expression 'ret' failed in 'src/hostapi/alsa/pa_linux_alsa.c', line: 1736
Expression 'AlsaOpen( &alsaApi->baseHostApiRep, params, streamDir, &self->pcm )' failed in 'src/hostapi/alsa/pa_linux_alsa.c', line: 1904
Expression 'PaAlsaStreamComponent_Initialize( &self->capture, alsaApi, inParams, StreamDirection_In, NULL != callback )' failed in 'src/hostapi/alsa/pa_linux_alsa.c', line: 2171
Expression 'PaAlsaStream_Initialize( stream, alsaHostApi, inputParameters, outputParameters, sampleRate, framesPerBuffer, callback, streamFlags, userData )' failed in 'src/hostapi/alsa/pa_linux_alsa.c', line: 2839
Expression 'ret' failed in 'src/hostapi/alsa/pa_linux_alsa.c', line: 1736
Expression 'AlsaOpen( &alsaApi->baseHostApiRep, params, streamDir, &self->pcm )' failed in 'src/hostapi/alsa/pa_linux_alsa.c', line: 1904
Expression 'PaAlsaStreamComponent_Initialize( &self->capture, alsaApi, inParams, StreamDirection_In, NULL != callback )' failed in 'src/hostapi/alsa/pa_linux_alsa.c', line: 2171
Expression 'PaAlsaStream_Initialize( stream, alsaHostApi, inputParameters, outputParameters, sampleRate, framesPerBuffer, callback, streamFlags, userData )' failed in 'src/hostapi/alsa/pa_linux_alsa.c', line: 2839
Expression 'ret' failed in 'src/hostapi/alsa/pa_linux_alsa.c', line: 1736
Expression 'AlsaOpen( &alsaApi->baseHostApiRep, params, streamDir, &self->pcm )' failed in 'src/hostapi/alsa/pa_linux_alsa.c', line: 1904
Expression 'PaAlsaStreamComponent_Initialize( &self->capture, alsaApi, inParams, StreamDirection_In, NULL != callback )' failed in 'src/hostapi/alsa/pa_linux_alsa.c', line: 2171
Expression 'PaAlsaStream_Initialize( stream, alsaHostApi, inputParameters, outputParameters, sampleRate, framesPerBuffer, callback, streamFlags, userData )' failed in 'src/hostapi/alsa/pa_linux_alsa.c', line: 2839
Expression 'ret' failed in 'src/hostapi/alsa/pa_linux_alsa.c', line: 1736
Expression 'AlsaOpen( &alsaApi->baseHostApiRep, params, streamDir, &self->pcm )' failed in 'src/hostapi/alsa/pa_linux_alsa.c', line: 1904
Expression 'PaAlsaStreamComponent_Initialize( &self->capture, alsaApi, inParams, StreamDirection_In, NULL != callback )' failed in 'src/hostapi/alsa/pa_linux_alsa.c', line: 2171
Expression 'PaAlsaStream_Initialize( stream, alsaHostApi, inputParameters, outputParameters, sampleRate, framesPerBuffer, callback, streamFlags, userData )' failed in 'src/hostapi/alsa/pa_linux_alsa.c', line: 2839
Expression 'ret' failed in 'src/hostapi/alsa/pa_linux_alsa.c', line: 1736
Expression 'AlsaOpen( &alsaApi->baseHostApiRep, params, streamDir, &self->pcm )' failed in 'src/hostapi/alsa/pa_linux_alsa.c', line: 1904
Expression 'PaAlsaStreamComponent_Initialize( &self->capture, alsaApi, inParams, StreamDirection_In, NULL != callback )' failed in 'src/hostapi/alsa/pa_linux_alsa.c', line: 2171
Expression 'PaAlsaStream_Initialize( stream, alsaHostApi, inputParameters, outputParameters, sampleRate, framesPerBuffer, callback, streamFlags, userData )' failed in 'src/hostapi/alsa/pa_linux_alsa.c', line: 2839
Expression 'ret' failed in 'src/hostapi/alsa/pa_linux_alsa.c', line: 1736
Expression 'AlsaOpen( &alsaApi->baseHostApiRep, params, streamDir, &self->pcm )' failed in 'src/hostapi/alsa/pa_linux_alsa.c', line: 1904
Expression 'PaAlsaStreamComponent_Initialize( &self->capture, alsaApi, inParams, StreamDirection_In, NULL != callback )' failed in 'src/hostapi/alsa/pa_linux_alsa.c', line: 2171
Expression 'PaAlsaStream_Initialize( stream, alsaHostApi, inputParameters, outputParameters, sampleRate, framesPerBuffer, callback, streamFlags, userData )' failed in 'src/hostapi/alsa/pa_linux_alsa.c', line: 2839
Expression 'ret' failed in 'src/hostapi/alsa/pa_linux_alsa.c', line: 1736
Expression 'AlsaOpen( &alsaApi->baseHostApiRep, params, streamDir, &self->pcm )' failed in 'src/hostapi/alsa/pa_linux_alsa.c', line: 1904
Expression 'PaAlsaStreamComponent_Initialize( &self->capture, alsaApi, inParams, StreamDirection_In, NULL != callback )' failed in 'src/hostapi/alsa/pa_linux_alsa.c', line: 2171
Expression 'PaAlsaStream_Initialize( stream, alsaHostApi, inputParameters, outputParameters, sampleRate, framesPerBuffer, callback, streamFlags, userData )' failed in 'src/hostapi/alsa/pa_linux_alsa.c', line: 2839
Expression 'ret' failed in 'src/hostapi/alsa/pa_linux_alsa.c', line: 1736
Expression 'AlsaOpen( &alsaApi->baseHostApiRep, params, streamDir, &self->pcm )' failed in 'src/hostapi/alsa/pa_linux_alsa.c', line: 1904
Expression 'PaAlsaStreamComponent_Initialize( &self->capture, alsaApi, inParams, StreamDirection_In, NULL != callback )' failed in 'src/hostapi/alsa/pa_linux_alsa.c', line: 2171
Expression 'PaAlsaStream_Initialize( stream, alsaHostApi, inputParameters, outputParameters, sampleRate, framesPerBuffer, callback, streamFlags, userData )' failed in 'src/hostapi/alsa/pa_linux_alsa.c', line: 2839
Expression 'ret' failed in 'src/hostapi/alsa/pa_linux_alsa.c', line: 1736
Expression 'AlsaOpen( &alsaApi->baseHostApiRep, params, streamDir, &self->pcm )' failed in 'src/hostapi/alsa/pa_linux_alsa.c', line: 1904
Expression 'PaAlsaStreamComponent_Initialize( &self->capture, alsaApi, inParams, StreamDirection_In, NULL != callback )' failed in 'src/hostapi/alsa/pa_linux_alsa.c', line: 2171
Expression 'PaAlsaStream_Initialize( stream, alsaHostApi, inputParameters, outputParameters, sampleRate, framesPerBuffer, callback, streamFlags, userData )' failed in 'src/hostapi/alsa/pa_linux_alsa.c', line: 2839
Expression 'ret' failed in 'src/hostapi/alsa/pa_linux_alsa.c', line: 1736
Expression 'AlsaOpen( &alsaApi->baseHostApiRep, params, streamDir, &self->pcm )' failed in 'src/hostapi/alsa/pa_linux_alsa.c', line: 1904
Expression 'PaAlsaStreamComponent_Initialize( &self->capture, alsaApi, inParams, StreamDirection_In, NULL != callback )' failed in 'src/hostapi/alsa/pa_linux_alsa.c', line: 2171
Expression 'PaAlsaStream_Initialize( stream, alsaHostApi, inputParameters, outputParameters, sampleRate, framesPerBuffer, callback, streamFlags, userData )' failed in 'src/hostapi/alsa/pa_linux_alsa.c', line: 2839
Expression 'ret' failed in 'src/hostapi/alsa/pa_linux_alsa.c', line: 1736
Expression 'AlsaOpen( &alsaApi->baseHostApiRep, params, streamDir, &self->pcm )' failed in 'src/hostapi/alsa/pa_linux_alsa.c', line: 1904
Expression 'PaAlsaStreamComponent_Initialize( &self->capture, alsaApi, inParams, StreamDirection_In, NULL != callback )' failed in 'src/hostapi/alsa/pa_linux_alsa.c', line: 2171
Expression 'PaAlsaStream_Initialize( stream, alsaHostApi, inputParameters, outputParameters, sampleRate, framesPerBuffer, callback, streamFlags, userData )' failed in 'src/hostapi/alsa/pa_linux_alsa.c', line: 2839
Expression 'ret' failed in 'src/hostapi/alsa/pa_linux_alsa.c', line: 1736
Expression 'AlsaOpen( &alsaApi->baseHostApiRep, params, streamDir, &self->pcm )' failed in 'src/hostapi/alsa/pa_linux_alsa.c', line: 1904
Expression 'PaAlsaStreamComponent_Initialize( &self->capture, alsaApi, inParams, StreamDirection_In, NULL != callback )' failed in 'src/hostapi/alsa/pa_linux_alsa.c', line: 2171
Expression 'PaAlsaStream_Initialize( stream, alsaHostApi, inputParameters, outputParameters, sampleRate, framesPerBuffer, callback, streamFlags, userData )' failed in 'src/hostapi/alsa/pa_linux_alsa.c', line: 2839
Expression 'ret' failed in 'src/hostapi/alsa/pa_linux_alsa.c', line: 1736
Expression 'AlsaOpen( &alsaApi->baseHostApiRep, params, streamDir, &self->pcm )' failed in 'src/hostapi/alsa/pa_linux_alsa.c', line: 1904
Expression 'PaAlsaStreamComponent_Initialize( &self->capture, alsaApi, inParams, StreamDirection_In, NULL != callback )' failed in 'src/hostapi/alsa/pa_linux_alsa.c', line: 2171
Expression 'PaAlsaStream_Initialize( stream, alsaHostApi, inputParameters, outputParameters, sampleRate, framesPerBuffer, callback, streamFlags, userData )' failed in 'src/hostapi/alsa/pa_linux_alsa.c', line: 2839
Expression 'ret' failed in 'src/hostapi/alsa/pa_linux_alsa.c', line: 1736
Expression 'AlsaOpen( &alsaApi->baseHostApiRep, params, streamDir, &self->pcm )' failed in 'src/hostapi/alsa/pa_linux_alsa.c', line: 1904
Expression 'PaAlsaStreamComponent_Initialize( &self->capture, alsaApi, inParams, StreamDirection_In, NULL != callback )' failed in 'src/hostapi/alsa/pa_linux_alsa.c', line: 2171
Expression 'PaAlsaStream_Initialize( stream, alsaHostApi, inputParameters, outputParameters, sampleRate, framesPerBuffer, callback, streamFlags, userData )' failed in 'src/hostapi/alsa/pa_linux_alsa.c', line: 2839
Expression 'ret' failed in 'src/hostapi/alsa/pa_linux_alsa.c', line: 1736
Expression 'AlsaOpen( &alsaApi->baseHostApiRep, params, streamDir, &self->pcm )' failed in 'src/hostapi/alsa/pa_linux_alsa.c', line: 1904
Expression 'PaAlsaStreamComponent_Initialize( &self->capture, alsaApi, inParams, StreamDirection_In, NULL != callback )' failed in 'src/hostapi/alsa/pa_linux_alsa.c', line: 2171
Expression 'PaAlsaStream_Initialize( stream, alsaHostApi, inputParameters, outputParameters, sampleRate, framesPerBuffer, callback, streamFlags, userData )' failed in 'src/hostapi/alsa/pa_linux_alsa.c', line: 2839
Expression 'ret' failed in 'src/hostapi/alsa/pa_linux_alsa.c', line: 1736
Expression 'AlsaOpen( &alsaApi->baseHostApiRep, params, streamDir, &self->pcm )' failed in 'src/hostapi/alsa/pa_linux_alsa.c', line: 1904
Expression 'PaAlsaStreamComponent_Initialize( &self->capture, alsaApi, inParams, StreamDirection_In, NULL != callback )' failed in 'src/hostapi/alsa/pa_linux_alsa.c', line: 2171
Expression 'PaAlsaStream_Initialize( stream, alsaHostApi, inputParameters, outputParameters, sampleRate, framesPerBuffer, callback, streamFlags, userData )' failed in 'src/hostapi/alsa/pa_linux_alsa.c', line: 2839
Expression 'ret' failed in 'src/hostapi/alsa/pa_linux_alsa.c', line: 1736
Expression 'AlsaOpen( &alsaApi->baseHostApiRep, params, streamDir, &self->pcm )' failed in 'src/hostapi/alsa/pa_linux_alsa.c', line: 1904
Expression 'PaAlsaStreamComponent_Initialize( &self->capture, alsaApi, inParams, StreamDirection_In, NULL != callback )' failed in 'src/hostapi/alsa/pa_linux_alsa.c', line: 2171
Expression 'PaAlsaStream_Initialize( stream, alsaHostApi, inputParameters, outputParameters, sampleRate, framesPerBuffer, callback, streamFlags, userData )' failed in 'src/hostapi/alsa/pa_linux_alsa.c', line: 2839
Expression 'ret' failed in 'src/hostapi/alsa/pa_linux_alsa.c', line: 1736
Expression 'AlsaOpen( &alsaApi->baseHostApiRep, params, streamDir, &self->pcm )' failed in 'src/hostapi/alsa/pa_linux_alsa.c', line: 1904
Expression 'PaAlsaStreamComponent_Initialize( &self->capture, alsaApi, inParams, StreamDirection_In, NULL != callback )' failed in 'src/hostapi/alsa/pa_linux_alsa.c', line: 2171
Expression 'PaAlsaStream_Initialize( stream, alsaHostApi, inputParameters, outputParameters, sampleRate, framesPerBuffer, callback, streamFlags, userData )' failed in 'src/hostapi/alsa/pa_linux_alsa.c', line: 2839
Expression 'ret' failed in 'src/hostapi/alsa/pa_linux_alsa.c', line: 1736
Expression 'AlsaOpen( &alsaApi->baseHostApiRep, params, streamDir, &self->pcm )' failed in 'src/hostapi/alsa/pa_linux_alsa.c', line: 1904
Expression 'PaAlsaStreamComponent_Initialize( &self->capture, alsaApi, inParams, StreamDirection_In, NULL != callback )' failed in 'src/hostapi/alsa/pa_linux_alsa.c', line: 2171
Expression 'PaAlsaStream_Initialize( stream, alsaHostApi, inputParameters, outputParameters, sampleRate, framesPerBuffer, callback, streamFlags, userData )' failed in 'src/hostapi/alsa/pa_linux_alsa.c', line: 2839
Expression 'ret' failed in 'src/hostapi/alsa/pa_linux_alsa.c', line: 1736
Expression 'AlsaOpen( &alsaApi->baseHostApiRep, params, streamDir, &self->pcm )' failed in 'src/hostapi/alsa/pa_linux_alsa.c', line: 1904
Expression 'PaAlsaStreamComponent_Initialize( &self->capture, alsaApi, inParams, StreamDirection_In, NULL != callback )' failed in 'src/hostapi/alsa/pa_linux_alsa.c', line: 2171
Expression 'PaAlsaStream_Initialize( stream, alsaHostApi, inputParameters, outputParameters, sampleRate, framesPerBuffer, callback, streamFlags, userData )' failed in 'src/hostapi/alsa/pa_linux_alsa.c', line: 2839
Expression 'ret' failed in 'src/hostapi/alsa/pa_linux_alsa.c', line: 1736
Expression 'AlsaOpen( &alsaApi->baseHostApiRep, params, streamDir, &self->pcm )' failed in 'src/hostapi/alsa/pa_linux_alsa.c', line: 1904
Expression 'PaAlsaStreamComponent_Initialize( &self->capture, alsaApi, inParams, StreamDirection_In, NULL != callback )' failed in 'src/hostapi/alsa/pa_linux_alsa.c', line: 2171
Expression 'PaAlsaStream_Initialize( stream, alsaHostApi, inputParameters, outputParameters, sampleRate, framesPerBuffer, callback, streamFlags, userData )' failed in 'src/hostapi/alsa/pa_linux_alsa.c', line: 2839
Expression 'ret' failed in 'src/hostapi/alsa/pa_linux_alsa.c', line: 1736
Expression 'AlsaOpen( &alsaApi->baseHostApiRep, params, streamDir, &self->pcm )' failed in 'src/hostapi/alsa/pa_linux_alsa.c', line: 1904
Expression 'PaAlsaStreamComponent_Initialize( &self->capture, alsaApi, inParams, StreamDirection_In, NULL != callback )' failed in 'src/hostapi/alsa/pa_linux_alsa.c', line: 2171
Expression 'PaAlsaStream_Initialize( stream, alsaHostApi, inputParameters, outputParameters, sampleRate, framesPerBuffer, callback, streamFlags, userData )' failed in 'src/hostapi/alsa/pa_linux_alsa.c', line: 2839
Expression 'ret' failed in 'src/hostapi/alsa/pa_linux_alsa.c', line: 1736
Expression 'AlsaOpen( &alsaApi->baseHostApiRep, params, streamDir, &self->pcm )' failed in 'src/hostapi/alsa/pa_linux_alsa.c', line: 1904
Expression 'PaAlsaStreamComponent_Initialize( &self->capture, alsaApi, inParams, StreamDirection_In, NULL != callback )' failed in 'src/hostapi/alsa/pa_linux_alsa.c', line: 2171
Expression 'PaAlsaStream_Initialize( stream, alsaHostApi, inputParameters, outputParameters, sampleRate, framesPerBuffer, callback, streamFlags, userData )' failed in 'src/hostapi/alsa/pa_linux_alsa.c', line: 2839
Expression 'ret' failed in 'src/hostapi/alsa/pa_linux_alsa.c', line: 1736
Expression 'AlsaOpen( &alsaApi->baseHostApiRep, params, streamDir, &self->pcm )' failed in 'src/hostapi/alsa/pa_linux_alsa.c', line: 1904
Expression 'PaAlsaStreamComponent_Initialize( &self->capture, alsaApi, inParams, StreamDirection_In, NULL != callback )' failed in 'src/hostapi/alsa/pa_linux_alsa.c', line: 2171
Expression 'PaAlsaStream_Initialize( stream, alsaHostApi, inputParameters, outputParameters, sampleRate, framesPerBuffer, callback, streamFlags, userData )' failed in 'src/hostapi/alsa/pa_linux_alsa.c', line: 2839
Expression 'ret' failed in 'src/hostapi/alsa/pa_linux_alsa.c', line: 1736
Expression 'AlsaOpen( &alsaApi->baseHostApiRep, params, streamDir, &self->pcm )' failed in 'src/hostapi/alsa/pa_linux_alsa.c', line: 1904
Expression 'PaAlsaStreamComponent_Initialize( &self->capture, alsaApi, inParams, StreamDirection_In, NULL != callback )' failed in 'src/hostapi/alsa/pa_linux_alsa.c', line: 2171
Expression 'PaAlsaStream_Initialize( stream, alsaHostApi, inputParameters, outputParameters, sampleRate, framesPerBuffer, callback, streamFlags, userData )' failed in 'src/hostapi/alsa/pa_linux_alsa.c', line: 2839
Expression 'ret' failed in 'src/hostapi/alsa/pa_linux_alsa.c', line: 1736
Expression 'AlsaOpen( &alsaApi->baseHostApiRep, params, streamDir, &self->pcm )' failed in 'src/hostapi/alsa/pa_linux_alsa.c', line: 1904
Expression 'PaAlsaStreamComponent_Initialize( &self->capture, alsaApi, inParams, StreamDirection_In, NULL != callback )' failed in 'src/hostapi/alsa/pa_linux_alsa.c', line: 2171
Expression 'PaAlsaStream_Initialize( stream, alsaHostApi, inputParameters, outputParameters, sampleRate, framesPerBuffer, callback, streamFlags, userData )' failed in 'src/hostapi/alsa/pa_linux_alsa.c', line: 2839
Expression 'ret' failed in 'src/hostapi/alsa/pa_linux_alsa.c', line: 1736
Expression 'AlsaOpen( &alsaApi->baseHostApiRep, params, streamDir, &self->pcm )' failed in 'src/hostapi/alsa/pa_linux_alsa.c', line: 1904
Expression 'PaAlsaStreamComponent_Initialize( &self->capture, alsaApi, inParams, StreamDirection_In, NULL != callback )' failed in 'src/hostapi/alsa/pa_linux_alsa.c', line: 2171
Expression 'PaAlsaStream_Initialize( stream, alsaHostApi, inputParameters, outputParameters, sampleRate, framesPerBuffer, callback, streamFlags, userData )' failed in 'src/hostapi/alsa/pa_linux_alsa.c', line: 2839
[Errno -9985] Device unavailable
❌ Mic open error: [Errno -9985] Device unavailable
❌ Mic open error: [Errno -9985] Device unavailable
❌ Mic open error: [Errno -9985] Device unavailable
❌ Mic open error: [Errno -9985] Device unavailable
❌ Mic open error: [Errno -9985] Device unavailable
❌ Mic open error: [Errno -9985] Device unavailable
❌ Mic open error: [Errno -9985] Device unavailable
❌ Mic open error: [Errno -9985] Device unavailable
❌ Mic open error: [Errno -9985] Device unavailable
❌ Mic open error: [Errno -9985] Device unavailable
❌ Mic open error: [Errno -9985] Device unavailable
❌ Mic open error: [Errno -9985] Device unavailable
❌ Mic open error: [Errno -9985] Device unavailable
❌ Mic open error: [Errno -9985] Device unavailable
❌ Mic open error: [Errno -9985] Device unavailable
❌ Mic open error: [Errno -9985] Device unavailable
❌ Mic open error: [Errno -9985] Device unavailable
❌ Mic open error: [Errno -9985] Device unavailable
❌ Mic open error: [Errno -9985] Device unavailable
❌ Mic open error: [Errno -9985] Device unavailable
❌ Mic open error: [Errno -9985] Device unavailable
❌ Mic open error: [Errno -9985] Device unavailable
❌ Mic open error: [Errno -9985] Device unavailable
❌ Mic open error: [Errno -9985] Device unavailable
❌ Mic open error: [Errno -9985] Device unavailable
❌ Mic open error: [Errno -9985] Device unavailable
❌ Mic open error: [Errno -9985] Device unavailable
❌ Mic open error: [Errno -9985] Device unavailable
❌ Mic open error: [Errno -9985] Device unavailable
❌ Mic open error: [Errno -9985] Device unavailable
❌ Mic open error: [Errno -9985] Device unavailable
❌ Mic open error: [Errno -9985] Device unavailable
❌ Mic open error: [Errno -9985] Device unavailable
❌ Mic open error: [Errno -9985] Device unavailable
❌ Mic open error: [Errno -9985] Device unavailable
❌ Mic open error: [Errno -9985] Device unavailable
❌ Mic open error: [Errno -9985] Device unavailable
❌ Mic open error: [Errno -9985] Device unavailable
❌ Mic open error: [Errno -9985] Device unavailable
❌ Mic open error: [Errno -9985] Device unavailable
❌ Mic open error: [Errno -9985] Device unavailable
❌ Mic open error: [Errno -9985] Device unavailable
❌ Mic open error: [Errno -9985] Device unavailable
❌ Mic open error: [Errno -9985] Device unavailable
❌ Mic open error: [Errno -9985] Device unavailable
❌ Mic open error: [Errno -9985] Device unavailable
❌ Mic open error: [Errno -9985] Device unavailable
❌ Mic open error: [Errno -9985] Device unavailable
🎙️ Voice detected (RMS~0.013)
📝 Transcribing audio…
❌ Mic open error: [Errno -9985] Device unavailable
❌ Mic open error: [Errno -9985] Device unavailable
❌ Mic open error: [Errno -9985] Device unavailable
❌ Mic open error: [Errno -9985] Device unavailable
❌ Mic open error: [Errno -9985] Device unavailable
❌ Mic open error: [Errno -9985] Device unavailable
❌ Mic open error: [Errno -9985] Device unavailable
❌ Mic open error: [Errno -9985] Device unavailable
❌ Mic open error: [Errno -9985] Device unavailable
❌ Mic open error: [Errno -9985] Device unavailable
❌ Mic open error: [Errno -9985] Device unavailable
❌ Mic open error: [Errno -9985] Device unavailable
❌ Mic open error: [Errno -9985] Device unavailable
❌ Mic open error: [Errno -9985] Device unavailable
❌ Mic open error: [Errno -9985] Device unavailable
❌ Mic open error: [Errno -9985] Device unavailable
❌ Mic open error: [Errno -9985] Device unavailable
❌ Mic open error: [Errno -9985] Device unavailable
❌ Mic open error: [Errno -9985] Device unavailable
❌ Mic open error: [Errno -9985] Device unavailable
❌ Mic open error: [Errno -9985] Device unavailable
❌ Mic open error: [Errno -9985] Device unavailable
❌ Mic open error: [Errno -9985] Device unavailable
❌ Mic open error: [Errno -9985] Device unavailable
❌ Mic open error: [Errno -9985] Device unavailable
❌ Mic open error: [Errno -9985] Device unavailable
❌ Mic open error: [Errno -9985] Device unavailable
❌ Mic open error: [Errno -9985] Device unavailable
❌ Mic open error: [Errno -9985] Device unavailable
❌ Mic open error: [Errno -9985] Device unavailable
❌ Mic open error: [Errno -9985] Device unavailable
❌ Mic open error: [Errno -9985] Device unavailable
❌ Mic open error: [Errno -9985] Device unavailable
❌ Mic open error: [Errno -9985] Device unavailable
❌ Mic open error: [Errno -9985] Device unavailable
❌ Mic open error: [Errno -9985] Device unavailable
❌ Mic open error: [Errno -9985] Device unavailable
❌ Mic open error: [Errno -9985] Device unavailable
❌ Mic open error: [Errno -9985] Device unavailable
❌ Mic open error: [Errno -9985] Device unavailable
❌ Mic open error: [Errno -9985] Device unavailable
❌ Mic open error: [Errno -9985] Device unavailable
❌ Mic open error: [Errno -9985] Device unavailable
❌ Mic open error: [Errno -9985] Device unavailable
❌ Mic open error: [Errno -9985] Device unavailable
❌ Mic open error: [Errno -9985] Device unavailable
❌ Mic open error: [Errno -9985] Device unavailable
❌ Mic open error: [Errno -9985] Device unavailable
❌ Mic open error: [Errno -9985] Device unavailable
❌ Mic open error: [Errno -9985] Device unavailable
❌ Mic open error: [Errno -9985] Device unavailable
❌ Mic open error: [Errno -9985] Device unavailable
❌ Mic open error: [Errno -9985] Device unavailable
❌ Mic open error: [Errno -9985] Device unavailable
❌ Mic open error: [Errno -9985] Device unavailable
❌ Mic open error: [Errno -9985] Device unavailable
❌ Mic open error: [Errno -9985] Device unavailable
❌ Mic open error: [Errno -9985] Device unavailable
❌ Mic open error: [Errno -9985] Device unavailable
❌ Mic open error: [Errno -9985] Device unavailable
❌ Mic open error: [Errno -9985] Device unavailable
❌ Mic open error: [Errno -9985] Device unavailable
❌ Mic open error: [Errno -9985] Device unavailable
❌ Mic open error: [Errno -9985] Device unavailable
❌ Mic open error: [Errno -9985] Device unavailable
❌ Mic open error: [Errno -9985] Device unavailable
❌ Mic open error: [Errno -9985] Device unavailable
❌ Mic open error: [Errno -9985] Device unavailable
❌ Mic open error: [Errno -9985] Device unavailable
❌ Mic open error: [Errno -9985] Device unavailable
❌ Mic open error: [Errno -9985] Device unavailable
❌ Mic open error: [Errno -9985] Device unavailable
❌ Mic open error: [Errno -9985] Device unavailable
❌ Mic open error: [Errno -9985] Device unavailable
❌ Mic open error: [Errno -9985] Device unavailable
❌ Mic open error: [Errno -9985] Device unavailable
❌ Mic open error: [Errno -9985] Device unavailable
❌ Mic open error: [Errno -9985] Device unavailable
❌ Mic open error: [Errno -9985] Device unavailable
❌ Mic open error: [Errno -9985] Device unavailable
❌ Mic open error: [Errno -9985] Device unavailable
❌ Mic open error: [Errno -9985] Device unavailable
❌ Mic open error: [Errno -9985] Device unavailable
❌ Mic open error: [Errno -9985] Device unavailable
❌ Mic open error: [Errno -9985] Device unavailable
❌ Mic open error: [Errno -9985] Device unavailable
❌ Mic open error: [Errno -9985] Device unavailable
❌ Mic open error: [Errno -9985] Device unavailable
❌ Mic open error: [Errno -9985] Device unavailable
❌ Mic open error: [Errno -9985] Device unavailable
❌ Mic open error: [Errno -9985] Device unavailable
❌ Mic open error: [Errno -9985] Device unavailable
❌ Mic open error: [Errno -9985] Device unavailable
❌ Mic open error: [Errno -9985] Device unavailable
❌ Mic open error: [Errno -9985] Device unavailable
❌ Mic open error: [Errno -9985] Device unavailable
❌ Mic open error: [Errno -9985] Device unavailable
❌ Mic open error: [Errno -9985] Device unavailable
❌ Mic open error: [Errno -9985] Device unavailable
❌ Mic open error: [Errno -9985] Device unavailable
❌ Mic open error: [Errno -9985] Device unavailable
❌ Mic open error: [Errno -9985] Device unavailable
❌ Mic open error: [Errno -9985] Device unavailable
❌ Mic open error: [Errno -9985] Device unavailable
❌ Mic open error: Expression 'ret' failed in 'src/hostapi/alsa/pa_linux_alsa.c', line: 1736
Expression 'AlsaOpen( &alsaApi->baseHostApiRep, params, streamDir, &self->pcm )' failed in 'src/hostapi/alsa/pa_linux_alsa.c', line: 1904
Expression 'PaAlsaStreamComponent_Initialize( &self->capture, alsaApi, inParams, StreamDirection_In, NULL != callback )' failed in 'src/hostapi/alsa/pa_linux_alsa.c', line: 2171
Expression 'PaAlsaStream_Initialize( stream, alsaHostApi, inputParameters, outputParameters, sampleRate, framesPerBuffer, callback, streamFlags, userData )' failed in 'src/hostapi/alsa/pa_linux_alsa.c', line: 2839
Expression 'ret' failed in 'src/hostapi/alsa/pa_linux_alsa.c', line: 1736
Expression 'AlsaOpen( &alsaApi->baseHostApiRep, params, streamDir, &self->pcm )' failed in 'src/hostapi/alsa/pa_linux_alsa.c', line: 1904
Expression 'PaAlsaStreamComponent_Initialize( &self->capture, alsaApi, inParams, StreamDirection_In, NULL != callback )' failed in 'src/hostapi/alsa/pa_linux_alsa.c', line: 2171
Expression 'PaAlsaStream_Initialize( stream, alsaHostApi, inputParameters, outputParameters, sampleRate, framesPerBuffer, callback, streamFlags, userData )' failed in 'src/hostapi/alsa/pa_linux_alsa.c', line: 2839
Expression 'ret' failed in 'src/hostapi/alsa/pa_linux_alsa.c', line: 1736
Expression 'AlsaOpen( &alsaApi->baseHostApiRep, params, streamDir, &self->pcm )' failed in 'src/hostapi/alsa/pa_linux_alsa.c', line: 1904
Expression 'PaAlsaStreamComponent_Initialize( &self->capture, alsaApi, inParams, StreamDirection_In, NULL != callback )' failed in 'src/hostapi/alsa/pa_linux_alsa.c', line: 2171
Expression 'PaAlsaStream_Initialize( stream, alsaHostApi, inputParameters, outputParameters, sampleRate, framesPerBuffer, callback, streamFlags, userData )' failed in 'src/hostapi/alsa/pa_linux_alsa.c', line: 2839
Expression 'ret' failed in 'src/hostapi/alsa/pa_linux_alsa.c', line: 1736
Expression 'AlsaOpen( &alsaApi->baseHostApiRep, params, streamDir, &self->pcm )' failed in 'src/hostapi/alsa/pa_linux_alsa.c', line: 1904
Expression 'PaAlsaStreamComponent_Initialize( &self->capture, alsaApi, inParams, StreamDirection_In, NULL != callback )' failed in 'src/hostapi/alsa/pa_linux_alsa.c', line: 2171
Expression 'PaAlsaStream_Initialize( stream, alsaHostApi, inputParameters, outputParameters, sampleRate, framesPerBuffer, callback, streamFlags, userData )' failed in 'src/hostapi/alsa/pa_linux_alsa.c', line: 2839
Expression 'ret' failed in 'src/hostapi/alsa/pa_linux_alsa.c', line: 1736
Expression 'AlsaOpen( &alsaApi->baseHostApiRep, params, streamDir, &self->pcm )' failed in 'src/hostapi/alsa/pa_linux_alsa.c', line: 1904
Expression 'PaAlsaStreamComponent_Initialize( &self->capture, alsaApi, inParams, StreamDirection_In, NULL != callback )' failed in 'src/hostapi/alsa/pa_linux_alsa.c', line: 2171
Expression 'PaAlsaStream_Initialize( stream, alsaHostApi, inputParameters, outputParameters, sampleRate, framesPerBuffer, callback, streamFlags, userData )' failed in 'src/hostapi/alsa/pa_linux_alsa.c', line: 2839
Expression 'ret' failed in 'src/hostapi/alsa/pa_linux_alsa.c', line: 1736
Expression 'AlsaOpen( &alsaApi->baseHostApiRep, params, streamDir, &self->pcm )' failed in 'src/hostapi/alsa/pa_linux_alsa.c', line: 1904
Expression 'PaAlsaStreamComponent_Initialize( &self->capture, alsaApi, inParams, StreamDirection_In, NULL != callback )' failed in 'src/hostapi/alsa/pa_linux_alsa.c', line: 2171
Expression 'PaAlsaStream_Initialize( stream, alsaHostApi, inputParameters, outputParameters, sampleRate, framesPerBuffer, callback, streamFlags, userData )' failed in 'src/hostapi/alsa/pa_linux_alsa.c', line: 2839
Expression 'ret' failed in 'src/hostapi/alsa/pa_linux_alsa.c', line: 1736
Expression 'AlsaOpen( &alsaApi->baseHostApiRep, params, streamDir, &self->pcm )' failed in 'src/hostapi/alsa/pa_linux_alsa.c', line: 1904
Expression 'PaAlsaStreamComponent_Initialize( &self->capture, alsaApi, inParams, StreamDirection_In, NULL != callback )' failed in 'src/hostapi/alsa/pa_linux_alsa.c', line: 2171
Expression 'PaAlsaStream_Initialize( stream, alsaHostApi, inputParameters, outputParameters, sampleRate, framesPerBuffer, callback, streamFlags, userData )' failed in 'src/hostapi/alsa/pa_linux_alsa.c', line: 2839
Expression 'ret' failed in 'src/hostapi/alsa/pa_linux_alsa.c', line: 1736
Expression 'AlsaOpen( &alsaApi->baseHostApiRep, params, streamDir, &self->pcm )' failed in 'src/hostapi/alsa/pa_linux_alsa.c', line: 1904
Expression 'PaAlsaStreamComponent_Initialize( &self->capture, alsaApi, inParams, StreamDirection_In, NULL != callback )' failed in 'src/hostapi/alsa/pa_linux_alsa.c', line: 2171
Expression 'PaAlsaStream_Initialize( stream, alsaHostApi, inputParameters, outputParameters, sampleRate, framesPerBuffer, callback, streamFlags, userData )' failed in 'src/hostapi/alsa/pa_linux_alsa.c', line: 2839
Expression 'ret' failed in 'src/hostapi/alsa/pa_linux_alsa.c', line: 1736
Expression 'AlsaOpen( &alsaApi->baseHostApiRep, params, streamDir, &self->pcm )' failed in 'src/hostapi/alsa/pa_linux_alsa.c', line: 1904
Expression 'PaAlsaStreamComponent_Initialize( &self->capture, alsaApi, inParams, StreamDirection_In, NULL != callback )' failed in 'src/hostapi/alsa/pa_linux_alsa.c', line: 2171
Expression 'PaAlsaStream_Initialize( stream, alsaHostApi, inputParameters, outputParameters, sampleRate, framesPerBuffer, callback, streamFlags, userData )' failed in 'src/hostapi/alsa/pa_linux_alsa.c', line: 2839
Expression 'ret' failed in 'src/hostapi/alsa/pa_linux_alsa.c', line: 1736
Expression 'AlsaOpen( &alsaApi->baseHostApiRep, params, streamDir, &self->pcm )' failed in 'src/hostapi/alsa/pa_linux_alsa.c', line: 1904
Expression 'PaAlsaStreamComponent_Initialize( &self->capture, alsaApi, inParams, StreamDirection_In, NULL != callback )' failed in 'src/hostapi/alsa/pa_linux_alsa.c', line: 2171
Expression 'PaAlsaStream_Initialize( stream, alsaHostApi, inputParameters, outputParameters, sampleRate, framesPerBuffer, callback, streamFlags, userData )' failed in 'src/hostapi/alsa/pa_linux_alsa.c', line: 2839
Expression 'ret' failed in 'src/hostapi/alsa/pa_linux_alsa.c', line: 1736
Expression 'AlsaOpen( &alsaApi->baseHostApiRep, params, streamDir, &self->pcm )' failed in 'src/hostapi/alsa/pa_linux_alsa.c', line: 1904
Expression 'PaAlsaStreamComponent_Initialize( &self->capture, alsaApi, inParams, StreamDirection_In, NULL != callback )' failed in 'src/hostapi/alsa/pa_linux_alsa.c', line: 2171
Expression 'PaAlsaStream_Initialize( stream, alsaHostApi, inputParameters, outputParameters, sampleRate, framesPerBuffer, callback, streamFlags, userData )' failed in 'src/hostapi/alsa/pa_linux_alsa.c', line: 2839
Expression 'ret' failed in 'src/hostapi/alsa/pa_linux_alsa.c', line: 1736
Expression 'AlsaOpen( &alsaApi->baseHostApiRep, params, streamDir, &self->pcm )' failed in 'src/hostapi/alsa/pa_linux_alsa.c', line: 1904
Expression 'PaAlsaStreamComponent_Initialize( &self->capture, alsaApi, inParams, StreamDirection_In, NULL != callback )' failed in 'src/hostapi/alsa/pa_linux_alsa.c', line: 2171
Expression 'PaAlsaStream_Initialize( stream, alsaHostApi, inputParameters, outputParameters, sampleRate, framesPerBuffer, callback, streamFlags, userData )' failed in 'src/hostapi/alsa/pa_linux_alsa.c', line: 2839
Expression 'ret' failed in 'src/hostapi/alsa/pa_linux_alsa.c', line: 1736
Expression 'AlsaOpen( &alsaApi->baseHostApiRep, params, streamDir, &self->pcm )' failed in 'src/hostapi/alsa/pa_linux_alsa.c', line: 1904
Expression 'PaAlsaStreamComponent_Initialize( &self->capture, alsaApi, inParams, StreamDirection_In, NULL != callback )' failed in 'src/hostapi/alsa/pa_linux_alsa.c', line: 2171
Expression 'PaAlsaStream_Initialize( stream, alsaHostApi, inputParameters, outputParameters, sampleRate, framesPerBuffer, callback, streamFlags, userData )' failed in 'src/hostapi/alsa/pa_linux_alsa.c', line: 2839
Expression 'ret' failed in 'src/hostapi/alsa/pa_linux_alsa.c', line: 1736
Expression 'AlsaOpen( &alsaApi->baseHostApiRep, params, streamDir, &self->pcm )' failed in 'src/hostapi/alsa/pa_linux_alsa.c', line: 1904
Expression 'PaAlsaStreamComponent_Initialize( &self->capture, alsaApi, inParams, StreamDirection_In, NULL != callback )' failed in 'src/hostapi/alsa/pa_linux_alsa.c', line: 2171
Expression 'PaAlsaStream_Initialize( stream, alsaHostApi, inputParameters, outputParameters, sampleRate, framesPerBuffer, callback, streamFlags, userData )' failed in 'src/hostapi/alsa/pa_linux_alsa.c', line: 2839
Expression 'ret' failed in 'src/hostapi/alsa/pa_linux_alsa.c', line: 1736
Expression 'AlsaOpen( &alsaApi->baseHostApiRep, params, streamDir, &self->pcm )' failed in 'src/hostapi/alsa/pa_linux_alsa.c', line: 1904
Expression 'PaAlsaStreamComponent_Initialize( &self->capture, alsaApi, inParams, StreamDirection_In, NULL != callback )' failed in 'src/hostapi/alsa/pa_linux_alsa.c', line: 2171
Expression 'PaAlsaStream_Initialize( stream, alsaHostApi, inputParameters, outputParameters, sampleRate, framesPerBuffer, callback, streamFlags, userData )' failed in 'src/hostapi/alsa/pa_linux_alsa.c', line: 2839
Expression 'ret' failed in 'src/hostapi/alsa/pa_linux_alsa.c', line: 1736
Expression 'AlsaOpen( &alsaApi->baseHostApiRep, params, streamDir, &self->pcm )' failed in 'src/hostapi/alsa/pa_linux_alsa.c', line: 1904
Expression 'PaAlsaStreamComponent_Initialize( &self->capture, alsaApi, inParams, StreamDirection_In, NULL != callback )' failed in 'src/hostapi/alsa/pa_linux_alsa.c', line: 2171
Expression 'PaAlsaStream_Initialize( stream, alsaHostApi, inputParameters, outputParameters, sampleRate, framesPerBuffer, callback, streamFlags, userData )' failed in 'src/hostapi/alsa/pa_linux_alsa.c', line: 2839
Expression 'ret' failed in 'src/hostapi/alsa/pa_linux_alsa.c', line: 1736
Expression 'AlsaOpen( &alsaApi->baseHostApiRep, params, streamDir, &self->pcm )' failed in 'src/hostapi/alsa/pa_linux_alsa.c', line: 1904
Expression 'PaAlsaStreamComponent_Initialize( &self->capture, alsaApi, inParams, StreamDirection_In, NULL != callback )' failed in 'src/hostapi/alsa/pa_linux_alsa.c', line: 2171
Expression 'PaAlsaStream_Initialize( stream, alsaHostApi, inputParameters, outputParameters, sampleRate, framesPerBuffer, callback, streamFlags, userData )' failed in 'src/hostapi/alsa/pa_linux_alsa.c', line: 2839
Expression 'ret' failed in 'src/hostapi/alsa/pa_linux_alsa.c', line: 1736
Expression 'AlsaOpen( &alsaApi->baseHostApiRep, params, streamDir, &self->pcm )' failed in 'src/hostapi/alsa/pa_linux_alsa.c', line: 1904
Expression 'PaAlsaStreamComponent_Initialize( &self->capture, alsaApi, inParams, StreamDirection_In, NULL != callback )' failed in 'src/hostapi/alsa/pa_linux_alsa.c', line: 2171
Expression 'PaAlsaStream_Initialize( stream, alsaHostApi, inputParameters, outputParameters, sampleRate, framesPerBuffer, callback, streamFlags, userData )' failed in 'src/hostapi/alsa/pa_linux_alsa.c', line: 2839
Expression 'ret' failed in 'src/hostapi/alsa/pa_linux_alsa.c', line: 1736
Expression 'AlsaOpen( &alsaApi->baseHostApiRep, params, streamDir, &self->pcm )' failed in 'src/hostapi/alsa/pa_linux_alsa.c', line: 1904
Expression 'PaAlsaStreamComponent_Initialize( &self->capture, alsaApi, inParams, StreamDirection_In, NULL != callback )' failed in 'src/hostapi/alsa/pa_linux_alsa.c', line: 2171
Expression 'PaAlsaStream_Initialize( stream, alsaHostApi, inputParameters, outputParameters, sampleRate, framesPerBuffer, callback, streamFlags, userData )' failed in 'src/hostapi/alsa/pa_linux_alsa.c', line: 2839
Expression 'ret' failed in 'src/hostapi/alsa/pa_linux_alsa.c', line: 1736
Expression 'AlsaOpen( &alsaApi->baseHostApiRep, params, streamDir, &self->pcm )' failed in 'src/hostapi/alsa/pa_linux_alsa.c', line: 1904
Expression 'PaAlsaStreamComponent_Initialize( &self->capture, alsaApi, inParams, StreamDirection_In, NULL != callback )' failed in 'src/hostapi/alsa/pa_linux_alsa.c', line: 2171
Expression 'PaAlsaStream_Initialize( stream, alsaHostApi, inputParameters, outputParameters, sampleRate, framesPerBuffer, callback, streamFlags, userData )' failed in 'src/hostapi/alsa/pa_linux_alsa.c', line: 2839
Expression 'ret' failed in 'src/hostapi/alsa/pa_linux_alsa.c', line: 1736
Expression 'AlsaOpen( &alsaApi->baseHostApiRep, params, streamDir, &self->pcm )' failed in 'src/hostapi/alsa/pa_linux_alsa.c', line: 1904
Expression 'PaAlsaStreamComponent_Initialize( &self->capture, alsaApi, inParams, StreamDirection_In, NULL != callback )' failed in 'src/hostapi/alsa/pa_linux_alsa.c', line: 2171
Expression 'PaAlsaStream_Initialize( stream, alsaHostApi, inputParameters, outputParameters, sampleRate, framesPerBuffer, callback, streamFlags, userData )' failed in 'src/hostapi/alsa/pa_linux_alsa.c', line: 2839
Expression 'ret' failed in 'src/hostapi/alsa/pa_linux_alsa.c', line: 1736
Expression 'AlsaOpen( &alsaApi->baseHostApiRep, params, streamDir, &self->pcm )' failed in 'src/hostapi/alsa/pa_linux_alsa.c', line: 1904
Expression 'PaAlsaStreamComponent_Initialize( &self->capture, alsaApi, inParams, StreamDirection_In, NULL != callback )' failed in 'src/hostapi/alsa/pa_linux_alsa.c', line: 2171
Expression 'PaAlsaStream_Initialize( stream, alsaHostApi, inputParameters, outputParameters, sampleRate, framesPerBuffer, callback, streamFlags, userData )' failed in 'src/hostapi/alsa/pa_linux_alsa.c', line: 2839
Expression 'ret' failed in 'src/hostapi/alsa/pa_linux_alsa.c', line: 1736
Expression 'AlsaOpen( &alsaApi->baseHostApiRep, params, streamDir, &self->pcm )' failed in 'src/hostapi/alsa/pa_linux_alsa.c', line: 1904
Expression 'PaAlsaStreamComponent_Initialize( &self->capture, alsaApi, inParams, StreamDirection_In, NULL != callback )' failed in 'src/hostapi/alsa/pa_linux_alsa.c', line: 2171
Expression 'PaAlsaStream_Initialize( stream, alsaHostApi, inputParameters, outputParameters, sampleRate, framesPerBuffer, callback, streamFlags, userData )' failed in 'src/hostapi/alsa/pa_linux_alsa.c', line: 2839
Expression 'ret' failed in 'src/hostapi/alsa/pa_linux_alsa.c', line: 1736
Expression 'AlsaOpen( &alsaApi->baseHostApiRep, params, streamDir, &self->pcm )' failed in 'src/hostapi/alsa/pa_linux_alsa.c', line: 1904
Expression 'PaAlsaStreamComponent_Initialize( &self->capture, alsaApi, inParams, StreamDirection_In, NULL != callback )' failed in 'src/hostapi/alsa/pa_linux_alsa.c', line: 2171
Expression 'PaAlsaStream_Initialize( stream, alsaHostApi, inputParameters, outputParameters, sampleRate, framesPerBuffer, callback, streamFlags, userData )' failed in 'src/hostapi/alsa/pa_linux_alsa.c', line: 2839
Expression 'ret' failed in 'src/hostapi/alsa/pa_linux_alsa.c', line: 1736
Expression 'AlsaOpen( &alsaApi->baseHostApiRep, params, streamDir, &self->pcm )' failed in 'src/hostapi/alsa/pa_linux_alsa.c', line: 1904
Expression 'PaAlsaStreamComponent_Initialize( &self->capture, alsaApi, inParams, StreamDirection_In, NULL != callback )' failed in 'src/hostapi/alsa/pa_linux_alsa.c', line: 2171
Expression 'PaAlsaStream_Initialize( stream, alsaHostApi, inputParameters, outputParameters, sampleRate, framesPerBuffer, callback, streamFlags, userData )' failed in 'src/hostapi/alsa/pa_linux_alsa.c', line: 2839
Expression 'ret' failed in 'src/hostapi/alsa/pa_linux_alsa.c', line: 1736
Expression 'AlsaOpen( &alsaApi->baseHostApiRep, params, streamDir, &self->pcm )' failed in 'src/hostapi/alsa/pa_linux_alsa.c', line: 1904
Expression 'PaAlsaStreamComponent_Initialize( &self->capture, alsaApi, inParams, StreamDirection_In, NULL != callback )' failed in 'src/hostapi/alsa/pa_linux_alsa.c', line: 2171
Expression 'PaAlsaStream_Initialize( stream, alsaHostApi, inputParameters, outputParameters, sampleRate, framesPerBuffer, callback, streamFlags, userData )' failed in 'src/hostapi/alsa/pa_linux_alsa.c', line: 2839
Expression 'ret' failed in 'src/hostapi/alsa/pa_linux_alsa.c', line: 1736
Expression 'AlsaOpen( &alsaApi->baseHostApiRep, params, streamDir, &self->pcm )' failed in 'src/hostapi/alsa/pa_linux_alsa.c', line: 1904
Expression 'PaAlsaStreamComponent_Initialize( &self->capture, alsaApi, inParams, StreamDirection_In, NULL != callback )' failed in 'src/hostapi/alsa/pa_linux_alsa.c', line: 2171
Expression 'PaAlsaStream_Initialize( stream, alsaHostApi, inputParameters, outputParameters, sampleRate, framesPerBuffer, callback, streamFlags, userData )' failed in 'src/hostapi/alsa/pa_linux_alsa.c', line: 2839
Expression 'ret' failed in 'src/hostapi/alsa/pa_linux_alsa.c', line: 1736
Expression 'AlsaOpen( &alsaApi->baseHostApiRep, params, streamDir, &self->pcm )' failed in 'src/hostapi/alsa/pa_linux_alsa.c', line: 1904
Expression 'PaAlsaStreamComponent_Initialize( &self->capture, alsaApi, inParams, StreamDirection_In, NULL != callback )' failed in 'src/hostapi/alsa/pa_linux_alsa.c', line: 2171
Expression 'PaAlsaStream_Initialize( stream, alsaHostApi, inputParameters, outputParameters, sampleRate, framesPerBuffer, callback, streamFlags, userData )' failed in 'src/hostapi/alsa/pa_linux_alsa.c', line: 2839
Expression 'ret' failed in 'src/hostapi/alsa/pa_linux_alsa.c', line: 1736
Expression 'AlsaOpen( &alsaApi->baseHostApiRep, params, streamDir, &self->pcm )' failed in 'src/hostapi/alsa/pa_linux_alsa.c', line: 1904
Expression 'PaAlsaStreamComponent_Initialize( &self->capture, alsaApi, inParams, StreamDirection_In, NULL != callback )' failed in 'src/hostapi/alsa/pa_linux_alsa.c', line: 2171
Expression 'PaAlsaStream_Initialize( stream, alsaHostApi, inputParameters, outputParameters, sampleRate, framesPerBuffer, callback, streamFlags, userData )' failed in 'src/hostapi/alsa/pa_linux_alsa.c', line: 2839
Expression 'ret' failed in 'src/hostapi/alsa/pa_linux_alsa.c', line: 1736
Expression 'AlsaOpen( &alsaApi->baseHostApiRep, params, streamDir, &self->pcm )' failed in 'src/hostapi/alsa/pa_linux_alsa.c', line: 1904
Expression 'PaAlsaStreamComponent_Initialize( &self->capture, alsaApi, inParams, StreamDirection_In, NULL != callback )' failed in 'src/hostapi/alsa/pa_linux_alsa.c', line: 2171
Expression 'PaAlsaStream_Initialize( stream, alsaHostApi, inputParameters, outputParameters, sampleRate, framesPerBuffer, callback, streamFlags, userData )' failed in 'src/hostapi/alsa/pa_linux_alsa.c', line: 2839
Expression 'ret' failed in 'src/hostapi/alsa/pa_linux_alsa.c', line: 1736
Expression 'AlsaOpen( &alsaApi->baseHostApiRep, params, streamDir, &self->pcm )' failed in 'src/hostapi/alsa/pa_linux_alsa.c', line: 1904
Expression 'PaAlsaStreamComponent_Initialize( &self->capture, alsaApi, inParams, StreamDirection_In, NULL != callback )' failed in 'src/hostapi/alsa/pa_linux_alsa.c', line: 2171
Expression 'PaAlsaStream_Initialize( stream, alsaHostApi, inputParameters, outputParameters, sampleRate, framesPerBuffer, callback, streamFlags, userData )' failed in 'src/hostapi/alsa/pa_linux_alsa.c', line: 2839
Expression 'ret' failed in 'src/hostapi/alsa/pa_linux_alsa.c', line: 1736
Expression 'AlsaOpen( &alsaApi->baseHostApiRep, params, streamDir, &self->pcm )' failed in 'src/hostapi/alsa/pa_linux_alsa.c', line: 1904
Expression 'PaAlsaStreamComponent_Initialize( &self->capture, alsaApi, inParams, StreamDirection_In, NULL != callback )' failed in 'src/hostapi/alsa/pa_linux_alsa.c', line: 2171
Expression 'PaAlsaStream_Initialize( stream, alsaHostApi, inputParameters, outputParameters, sampleRate, framesPerBuffer, callback, streamFlags, userData )' failed in 'src/hostapi/alsa/pa_linux_alsa.c', line: 2839
Expression 'ret' failed in 'src/hostapi/alsa/pa_linux_alsa.c', line: 1736
Expression 'AlsaOpen( &alsaApi->baseHostApiRep, params, streamDir, &self->pcm )' failed in 'src/hostapi/alsa/pa_linux_alsa.c', line: 1904
Expression 'PaAlsaStreamComponent_Initialize( &self->capture, alsaApi, inParams, StreamDirection_In, NULL != callback )' failed in 'src/hostapi/alsa/pa_linux_alsa.c', line: 2171
Expression 'PaAlsaStream_Initialize( stream, alsaHostApi, inputParameters, outputParameters, sampleRate, framesPerBuffer, callback, streamFlags, userData )' failed in 'src/hostapi/alsa/pa_linux_alsa.c', line: 2839
Expression 'ret' failed in 'src/hostapi/alsa/pa_linux_alsa.c', line: 1736
Expression 'AlsaOpen( &alsaApi->baseHostApiRep, params, streamDir, &self->pcm )' failed in 'src/hostapi/alsa/pa_linux_alsa.c', line: 1904
Expression 'PaAlsaStreamComponent_Initialize( &self->capture, alsaApi, inParams, StreamDirection_In, NULL != callback )' failed in 'src/hostapi/alsa/pa_linux_alsa.c', line: 2171
Expression 'PaAlsaStream_Initialize( stream, alsaHostApi, inputParameters, outputParameters, sampleRate, framesPerBuffer, callback, streamFlags, userData )' failed in 'src/hostapi/alsa/pa_linux_alsa.c', line: 2839
Expression 'ret' failed in 'src/hostapi/alsa/pa_linux_alsa.c', line: 1736
Expression 'AlsaOpen( &alsaApi->baseHostApiRep, params, streamDir, &self->pcm )' failed in 'src/hostapi/alsa/pa_linux_alsa.c', line: 1904
Expression 'PaAlsaStreamComponent_Initialize( &self->capture, alsaApi, inParams, StreamDirection_In, NULL != callback )' failed in 'src/hostapi/alsa/pa_linux_alsa.c', line: 2171
Expression 'PaAlsaStream_Initialize( stream, alsaHostApi, inputParameters, outputParameters, sampleRate, framesPerBuffer, callback, streamFlags, userData )' failed in 'src/hostapi/alsa/pa_linux_alsa.c', line: 2839
Expression 'ret' failed in 'src/hostapi/alsa/pa_linux_alsa.c', line: 1736
Expression 'AlsaOpen( &alsaApi->baseHostApiRep, params, streamDir, &self->pcm )' failed in 'src/hostapi/alsa/pa_linux_alsa.c', line: 1904
Expression 'PaAlsaStreamComponent_Initialize( &self->capture, alsaApi, inParams, StreamDirection_In, NULL != callback )' failed in 'src/hostapi/alsa/pa_linux_alsa.c', line: 2171
Expression 'PaAlsaStream_Initialize( stream, alsaHostApi, inputParameters, outputParameters, sampleRate, framesPerBuffer, callback, streamFlags, userData )' failed in 'src/hostapi/alsa/pa_linux_alsa.c', line: 2839
Expression 'ret' failed in 'src/hostapi/alsa/pa_linux_alsa.c', line: 1736
Expression 'AlsaOpen( &alsaApi->baseHostApiRep, params, streamDir, &self->pcm )' failed in 'src/hostapi/alsa/pa_linux_alsa.c', line: 1904
Expression 'PaAlsaStreamComponent_Initialize( &self->capture, alsaApi, inParams, StreamDirection_In, NULL != callback )' failed in 'src/hostapi/alsa/pa_linux_alsa.c', line: 2171
Expression 'PaAlsaStream_Initialize( stream, alsaHostApi, inputParameters, outputParameters, sampleRate, framesPerBuffer, callback, streamFlags, userData )' failed in 'src/hostapi/alsa/pa_linux_alsa.c', line: 2839
Expression 'ret' failed in 'src/hostapi/alsa/pa_linux_alsa.c', line: 1736
Expression 'AlsaOpen( &alsaApi->baseHostApiRep, params, streamDir, &self->pcm )' failed in 'src/hostapi/alsa/pa_linux_alsa.c', line: 1904
Expression 'PaAlsaStreamComponent_Initialize( &self->capture, alsaApi, inParams, StreamDirection_In, NULL != callback )' failed in 'src/hostapi/alsa/pa_linux_alsa.c', line: 2171
Expression 'PaAlsaStream_Initialize( stream, alsaHostApi, inputParameters, outputParameters, sampleRate, framesPerBuffer, callback, streamFlags, userData )' failed in 'src/hostapi/alsa/pa_linux_alsa.c', line: 2839
Expression 'ret' failed in 'src/hostapi/alsa/pa_linux_alsa.c', line: 1736
Expression 'AlsaOpen( &alsaApi->baseHostApiRep, params, streamDir, &self->pcm )' failed in 'src/hostapi/alsa/pa_linux_alsa.c', line: 1904
Expression 'PaAlsaStreamComponent_Initialize( &self->capture, alsaApi, inParams, StreamDirection_In, NULL != callback )' failed in 'src/hostapi/alsa/pa_linux_alsa.c', line: 2171
Expression 'PaAlsaStream_Initialize( stream, alsaHostApi, inputParameters, outputParameters, sampleRate, framesPerBuffer, callback, streamFlags, userData )' failed in 'src/hostapi/alsa/pa_linux_alsa.c', line: 2839
Expression 'ret' failed in 'src/hostapi/alsa/pa_linux_alsa.c', line: 1736
Expression 'AlsaOpen( &alsaApi->baseHostApiRep, params, streamDir, &self->pcm )' failed in 'src/hostapi/alsa/pa_linux_alsa.c', line: 1904
Expression 'PaAlsaStreamComponent_Initialize( &self->capture, alsaApi, inParams, StreamDirection_In, NULL != callback )' failed in 'src/hostapi/alsa/pa_linux_alsa.c', line: 2171
Expression 'PaAlsaStream_Initialize( stream, alsaHostApi, inputParameters, outputParameters, sampleRate, framesPerBuffer, callback, streamFlags, userData )' failed in 'src/hostapi/alsa/pa_linux_alsa.c', line: 2839
Expression 'ret' failed in 'src/hostapi/alsa/pa_linux_alsa.c', line: 1736
Expression 'AlsaOpen( &alsaApi->baseHostApiRep, params, streamDir, &self->pcm )' failed in 'src/hostapi/alsa/pa_linux_alsa.c', line: 1904
Expression 'PaAlsaStreamComponent_Initialize( &self->capture, alsaApi, inParams, StreamDirection_In, NULL != callback )' failed in 'src/hostapi/alsa/pa_linux_alsa.c', line: 2171
Expression 'PaAlsaStream_Initialize( stream, alsaHostApi, inputParameters, outputParameters, sampleRate, framesPerBuffer, callback, streamFlags, userData )' failed in 'src/hostapi/alsa/pa_linux_alsa.c', line: 2839
Expression 'ret' failed in 'src/hostapi/alsa/pa_linux_alsa.c', line: 1736
Expression 'AlsaOpen( &alsaApi->baseHostApiRep, params, streamDir, &self->pcm )' failed in 'src/hostapi/alsa/pa_linux_alsa.c', line: 1904
Expression 'PaAlsaStreamComponent_Initialize( &self->capture, alsaApi, inParams, StreamDirection_In, NULL != callback )' failed in 'src/hostapi/alsa/pa_linux_alsa.c', line: 2171
Expression 'PaAlsaStream_Initialize( stream, alsaHostApi, inputParameters, outputParameters, sampleRate, framesPerBuffer, callback, streamFlags, userData )' failed in 'src/hostapi/alsa/pa_linux_alsa.c', line: 2839
Expression 'ret' failed in 'src/hostapi/alsa/pa_linux_alsa.c', line: 1736
Expression 'AlsaOpen( &alsaApi->baseHostApiRep, params, streamDir, &self->pcm )' failed in 'src/hostapi/alsa/pa_linux_alsa.c', line: 1904
Expression 'PaAlsaStreamComponent_Initialize( &self->capture, alsaApi, inParams, StreamDirection_In, NULL != callback )' failed in 'src/hostapi/alsa/pa_linux_alsa.c', line: 2171
Expression 'PaAlsaStream_Initialize( stream, alsaHostApi, inputParameters, outputParameters, sampleRate, framesPerBuffer, callback, streamFlags, userData )' failed in 'src/hostapi/alsa/pa_linux_alsa.c', line: 2839
Expression 'ret' failed in 'src/hostapi/alsa/pa_linux_alsa.c', line: 1736
Expression 'AlsaOpen( &alsaApi->baseHostApiRep, params, streamDir, &self->pcm )' failed in 'src/hostapi/alsa/pa_linux_alsa.c', line: 1904
Expression 'PaAlsaStreamComponent_Initialize( &self->capture, alsaApi, inParams, StreamDirection_In, NULL != callback )' failed in 'src/hostapi/alsa/pa_linux_alsa.c', line: 2171
Expression 'PaAlsaStream_Initialize( stream, alsaHostApi, inputParameters, outputParameters, sampleRate, framesPerBuffer, callback, streamFlags, userData )' failed in 'src/hostapi/alsa/pa_linux_alsa.c', line: 2839
Expression 'ret' failed in 'src/hostapi/alsa/pa_linux_alsa.c', line: 1736
Expression 'AlsaOpen( &alsaApi->baseHostApiRep, params, streamDir, &self->pcm )' failed in 'src/hostapi/alsa/pa_linux_alsa.c', line: 1904
Expression 'PaAlsaStreamComponent_Initialize( &self->capture, alsaApi, inParams, StreamDirection_In, NULL != callback )' failed in 'src/hostapi/alsa/pa_linux_alsa.c', line: 2171
Expression 'PaAlsaStream_Initialize( stream, alsaHostApi, inputParameters, outputParameters, sampleRate, framesPerBuffer, callback, streamFlags, userData )' failed in 'src/hostapi/alsa/pa_linux_alsa.c', line: 2839
Expression 'ret' failed in 'src/hostapi/alsa/pa_linux_alsa.c', line: 1736
Expression 'AlsaOpen( &alsaApi->baseHostApiRep, params, streamDir, &self->pcm )' failed in 'src/hostapi/alsa/pa_linux_alsa.c', line: 1904
Expression 'PaAlsaStreamComponent_Initialize( &self->capture, alsaApi, inParams, StreamDirection_In, NULL != callback )' failed in 'src/hostapi/alsa/pa_linux_alsa.c', line: 2171
Expression 'PaAlsaStream_Initialize( stream, alsaHostApi, inputParameters, outputParameters, sampleRate, framesPerBuffer, callback, streamFlags, userData )' failed in 'src/hostapi/alsa/pa_linux_alsa.c', line: 2839
Expression 'ret' failed in 'src/hostapi/alsa/pa_linux_alsa.c', line: 1736
Expression 'AlsaOpen( &alsaApi->baseHostApiRep, params, streamDir, &self->pcm )' failed in 'src/hostapi/alsa/pa_linux_alsa.c', line: 1904
Expression 'PaAlsaStreamComponent_Initialize( &self->capture, alsaApi, inParams, StreamDirection_In, NULL != callback )' failed in 'src/hostapi/alsa/pa_linux_alsa.c', line: 2171
Expression 'PaAlsaStream_Initialize( stream, alsaHostApi, inputParameters, outputParameters, sampleRate, framesPerBuffer, callback, streamFlags, userData )' failed in 'src/hostapi/alsa/pa_linux_alsa.c', line: 2839
Expression 'ret' failed in 'src/hostapi/alsa/pa_linux_alsa.c', line: 1736
Expression 'AlsaOpen( &alsaApi->baseHostApiRep, params, streamDir, &self->pcm )' failed in 'src/hostapi/alsa/pa_linux_alsa.c', line: 1904
Expression 'PaAlsaStreamComponent_Initialize( &self->capture, alsaApi, inParams, StreamDirection_In, NULL != callback )' failed in 'src/hostapi/alsa/pa_linux_alsa.c', line: 2171
Expression 'PaAlsaStream_Initialize( stream, alsaHostApi, inputParameters, outputParameters, sampleRate, framesPerBuffer, callback, streamFlags, userData )' failed in 'src/hostapi/alsa/pa_linux_alsa.c', line: 2839
Expression 'ret' failed in 'src/hostapi/alsa/pa_linux_alsa.c', line: 1736
Expression 'AlsaOpen( &alsaApi->baseHostApiRep, params, streamDir, &self->pcm )' failed in 'src/hostapi/alsa/pa_linux_alsa.c', line: 1904
Expression 'PaAlsaStreamComponent_Initialize( &self->capture, alsaApi, inParams, StreamDirection_In, NULL != callback )' failed in 'src/hostapi/alsa/pa_linux_alsa.c', line: 2171
Expression 'PaAlsaStream_Initialize( stream, alsaHostApi, inputParameters, outputParameters, sampleRate, framesPerBuffer, callback, streamFlags, userData )' failed in 'src/hostapi/alsa/pa_linux_alsa.c', line: 2839
Expression 'ret' failed in 'src/hostapi/alsa/pa_linux_alsa.c', line: 1736
Expression 'AlsaOpen( &alsaApi->baseHostApiRep, params, streamDir, &self->pcm )' failed in 'src/hostapi/alsa/pa_linux_alsa.c', line: 1904
Expression 'PaAlsaStreamComponent_Initialize( &self->capture, alsaApi, inParams, StreamDirection_In, NULL != callback )' failed in 'src/hostapi/alsa/pa_linux_alsa.c', line: 2171
Expression 'PaAlsaStream_Initialize( stream, alsaHostApi, inputParameters, outputParameters, sampleRate, framesPerBuffer, callback, streamFlags, userData )' failed in 'src/hostapi/alsa/pa_linux_alsa.c', line: 2839
Expression 'ret' failed in 'src/hostapi/alsa/pa_linux_alsa.c', line: 1736
Expression 'AlsaOpen( &alsaApi->baseHostApiRep, params, streamDir, &self->pcm )' failed in 'src/hostapi/alsa/pa_linux_alsa.c', line: 1904
Expression 'PaAlsaStreamComponent_Initialize( &self->capture, alsaApi, inParams, StreamDirection_In, NULL != callback )' failed in 'src/hostapi/alsa/pa_linux_alsa.c', line: 2171
Expression 'PaAlsaStream_Initialize( stream, alsaHostApi, inputParameters, outputParameters, sampleRate, framesPerBuffer, callback, streamFlags, userData )' failed in 'src/hostapi/alsa/pa_linux_alsa.c', line: 2839
Expression 'ret' failed in 'src/hostapi/alsa/pa_linux_alsa.c', line: 1736
Expression 'AlsaOpen( &alsaApi->baseHostApiRep, params, streamDir, &self->pcm )' failed in 'src/hostapi/alsa/pa_linux_alsa.c', line: 1904
Expression 'PaAlsaStreamComponent_Initialize( &self->capture, alsaApi, inParams, StreamDirection_In, NULL != callback )' failed in 'src/hostapi/alsa/pa_linux_alsa.c', line: 2171
Expression 'PaAlsaStream_Initialize( stream, alsaHostApi, inputParameters, outputParameters, sampleRate, framesPerBuffer, callback, streamFlags, userData )' failed in 'src/hostapi/alsa/pa_linux_alsa.c', line: 2839
Expression 'ret' failed in 'src/hostapi/alsa/pa_linux_alsa.c', line: 1736
Expression 'AlsaOpen( &alsaApi->baseHostApiRep, params, streamDir, &self->pcm )' failed in 'src/hostapi/alsa/pa_linux_alsa.c', line: 1904
Expression 'PaAlsaStreamComponent_Initialize( &self->capture, alsaApi, inParams, StreamDirection_In, NULL != callback )' failed in 'src/hostapi/alsa/pa_linux_alsa.c', line: 2171
Expression 'PaAlsaStream_Initialize( stream, alsaHostApi, inputParameters, outputParameters, sampleRate, framesPerBuffer, callback, streamFlags, userData )' failed in 'src/hostapi/alsa/pa_linux_alsa.c', line: 2839
Expression 'ret' failed in 'src/hostapi/alsa/pa_linux_alsa.c', line: 1736
Expression 'AlsaOpen( &alsaApi->baseHostApiRep, params, streamDir, &self->pcm )' failed in 'src/hostapi/alsa/pa_linux_alsa.c', line: 1904
Expression 'PaAlsaStreamComponent_Initialize( &self->capture, alsaApi, inParams, StreamDirection_In, NULL != callback )' failed in 'src/hostapi/alsa/pa_linux_alsa.c', line: 2171
Expression 'PaAlsaStream_Initialize( stream, alsaHostApi, inputParameters, outputParameters, sampleRate, framesPerBuffer, callback, streamFlags, userData )' failed in 'src/hostapi/alsa/pa_linux_alsa.c', line: 2839
Expression 'ret' failed in 'src/hostapi/alsa/pa_linux_alsa.c', line: 1736
Expression 'AlsaOpen( &alsaApi->baseHostApiRep, params, streamDir, &self->pcm )' failed in 'src/hostapi/alsa/pa_linux_alsa.c', line: 1904
Expression 'PaAlsaStreamComponent_Initialize( &self->capture, alsaApi, inParams, StreamDirection_In, NULL != callback )' failed in 'src/hostapi/alsa/pa_linux_alsa.c', line: 2171
Expression 'PaAlsaStream_Initialize( stream, alsaHostApi, inputParameters, outputParameters, sampleRate, framesPerBuffer, callback, streamFlags, userData )' failed in 'src/hostapi/alsa/pa_linux_alsa.c', line: 2839
Expression 'ret' failed in 'src/hostapi/alsa/pa_linux_alsa.c', line: 1736
Expression 'AlsaOpen( &alsaApi->baseHostApiRep, params, streamDir, &self->pcm )' failed in 'src/hostapi/alsa/pa_linux_alsa.c', line: 1904
Expression 'PaAlsaStreamComponent_Initialize( &self->capture, alsaApi, inParams, StreamDirection_In, NULL != callback )' failed in 'src/hostapi/alsa/pa_linux_alsa.c', line: 2171
Expression 'PaAlsaStream_Initialize( stream, alsaHostApi, inputParameters, outputParameters, sampleRate, framesPerBuffer, callback, streamFlags, userData )' failed in 'src/hostapi/alsa/pa_linux_alsa.c', line: 2839
Expression 'ret' failed in 'src/hostapi/alsa/pa_linux_alsa.c', line: 1736
Expression 'AlsaOpen( &alsaApi->baseHostApiRep, params, streamDir, &self->pcm )' failed in 'src/hostapi/alsa/pa_linux_alsa.c', line: 1904
Expression 'PaAlsaStreamComponent_Initialize( &self->capture, alsaApi, inParams, StreamDirection_In, NULL != callback )' failed in 'src/hostapi/alsa/pa_linux_alsa.c', line: 2171
Expression 'PaAlsaStream_Initialize( stream, alsaHostApi, inputParameters, outputParameters, sampleRate, framesPerBuffer, callback, streamFlags, userData )' failed in 'src/hostapi/alsa/pa_linux_alsa.c', line: 2839
Expression 'ret' failed in 'src/hostapi/alsa/pa_linux_alsa.c', line: 1736
Expression 'AlsaOpen( &alsaApi->baseHostApiRep, params, streamDir, &self->pcm )' failed in 'src/hostapi/alsa/pa_linux_alsa.c', line: 1904
Expression 'PaAlsaStreamComponent_Initialize( &self->capture, alsaApi, inParams, StreamDirection_In, NULL != callback )' failed in 'src/hostapi/alsa/pa_linux_alsa.c', line: 2171
Expression 'PaAlsaStream_Initialize( stream, alsaHostApi, inputParameters, outputParameters, sampleRate, framesPerBuffer, callback, streamFlags, userData )' failed in 'src/hostapi/alsa/pa_linux_alsa.c', line: 2839
Expression 'ret' failed in 'src/hostapi/alsa/pa_linux_alsa.c', line: 1736
Expression 'AlsaOpen( &alsaApi->baseHostApiRep, params, streamDir, &self->pcm )' failed in 'src/hostapi/alsa/pa_linux_alsa.c', line: 1904
Expression 'PaAlsaStreamComponent_Initialize( &self->capture, alsaApi, inParams, StreamDirection_In, NULL != callback )' failed in 'src/hostapi/alsa/pa_linux_alsa.c', line: 2171
Expression 'PaAlsaStream_Initialize( stream, alsaHostApi, inputParameters, outputParameters, sampleRate, framesPerBuffer, callback, streamFlags, userData )' failed in 'src/hostapi/alsa/pa_linux_alsa.c', line: 2839
Expression 'ret' failed in 'src/hostapi/alsa/pa_linux_alsa.c', line: 1736
Expression 'AlsaOpen( &alsaApi->baseHostApiRep, params, streamDir, &self->pcm )' failed in 'src/hostapi/alsa/pa_linux_alsa.c', line: 1904
Expression 'PaAlsaStreamComponent_Initialize( &self->capture, alsaApi, inParams, StreamDirection_In, NULL != callback )' failed in 'src/hostapi/alsa/pa_linux_alsa.c', line: 2171
Expression 'PaAlsaStream_Initialize( stream, alsaHostApi, inputParameters, outputParameters, sampleRate, framesPerBuffer, callback, streamFlags, userData )' failed in 'src/hostapi/alsa/pa_linux_alsa.c', line: 2839
Expression 'ret' failed in 'src/hostapi/alsa/pa_linux_alsa.c', line: 1736
Expression 'AlsaOpen( &alsaApi->baseHostApiRep, params, streamDir, &self->pcm )' failed in 'src/hostapi/alsa/pa_linux_alsa.c', line: 1904
Expression 'PaAlsaStreamComponent_Initialize( &self->capture, alsaApi, inParams, StreamDirection_In, NULL != callback )' failed in 'src/hostapi/alsa/pa_linux_alsa.c', line: 2171
Expression 'PaAlsaStream_Initialize( stream, alsaHostApi, inputParameters, outputParameters, sampleRate, framesPerBuffer, callback, streamFlags, userData )' failed in 'src/hostapi/alsa/pa_linux_alsa.c', line: 2839
Expression 'ret' failed in 'src/hostapi/alsa/pa_linux_alsa.c', line: 1736
Expression 'AlsaOpen( &alsaApi->baseHostApiRep, params, streamDir, &self->pcm )' failed in 'src/hostapi/alsa/pa_linux_alsa.c', line: 1904
Expression 'PaAlsaStreamComponent_Initialize( &self->capture, alsaApi, inParams, StreamDirection_In, NULL != callback )' failed in 'src/hostapi/alsa/pa_linux_alsa.c', line: 2171
Expression 'PaAlsaStream_Initialize( stream, alsaHostApi, inputParameters, outputParameters, sampleRate, framesPerBuffer, callback, streamFlags, userData )' failed in 'src/hostapi/alsa/pa_linux_alsa.c', line: 2839
Expression 'ret' failed in 'src/hostapi/alsa/pa_linux_alsa.c', line: 1736
Expression 'AlsaOpen( &alsaApi->baseHostApiRep, params, streamDir, &self->pcm )' failed in 'src/hostapi/alsa/pa_linux_alsa.c', line: 1904
Expression 'PaAlsaStreamComponent_Initialize( &self->capture, alsaApi, inParams, StreamDirection_In, NULL != callback )' failed in 'src/hostapi/alsa/pa_linux_alsa.c', line: 2171
Expression 'PaAlsaStream_Initialize( stream, alsaHostApi, inputParameters, outputParameters, sampleRate, framesPerBuffer, callback, streamFlags, userData )' failed in 'src/hostapi/alsa/pa_linux_alsa.c', line: 2839
Expression 'ret' failed in 'src/hostapi/alsa/pa_linux_alsa.c', line: 1736
Expression 'AlsaOpen( &alsaApi->baseHostApiRep, params, streamDir, &self->pcm )' failed in 'src/hostapi/alsa/pa_linux_alsa.c', line: 1904
Expression 'PaAlsaStreamComponent_Initialize( &self->capture, alsaApi, inParams, StreamDirection_In, NULL != callback )' failed in 'src/hostapi/alsa/pa_linux_alsa.c', line: 2171
Expression 'PaAlsaStream_Initialize( stream, alsaHostApi, inputParameters, outputParameters, sampleRate, framesPerBuffer, callback, streamFlags, userData )' failed in 'src/hostapi/alsa/pa_linux_alsa.c', line: 2839
Expression 'ret' failed in 'src/hostapi/alsa/pa_linux_alsa.c', line: 1736
Expression 'AlsaOpen( &alsaApi->baseHostApiRep, params, streamDir, &self->pcm )' failed in 'src/hostapi/alsa/pa_linux_alsa.c', line: 1904
Expression 'PaAlsaStreamComponent_Initialize( &self->capture, alsaApi, inParams, StreamDirection_In, NULL != callback )' failed in 'src/hostapi/alsa/pa_linux_alsa.c', line: 2171
Expression 'PaAlsaStream_Initialize( stream, alsaHostApi, inputParameters, outputParameters, sampleRate, framesPerBuffer, callback, streamFlags, userData )' failed in 'src/hostapi/alsa/pa_linux_alsa.c', line: 2839
Expression 'ret' failed in 'src/hostapi/alsa/pa_linux_alsa.c', line: 1736
Expression 'AlsaOpen( &alsaApi->baseHostApiRep, params, streamDir, &self->pcm )' failed in 'src/hostapi/alsa/pa_linux_alsa.c', line: 1904
Expression 'PaAlsaStreamComponent_Initialize( &self->capture, alsaApi, inParams, StreamDirection_In, NULL != callback )' failed in 'src/hostapi/alsa/pa_linux_alsa.c', line: 2171
Expression 'PaAlsaStream_Initialize( stream, alsaHostApi, inputParameters, outputParameters, sampleRate, framesPerBuffer, callback, streamFlags, userData )' failed in 'src/hostapi/alsa/pa_linux_alsa.c', line: 2839
Expression 'ret' failed in 'src/hostapi/alsa/pa_linux_alsa.c', line: 1736
Expression 'AlsaOpen( &alsaApi->baseHostApiRep, params, streamDir, &self->pcm )' failed in 'src/hostapi/alsa/pa_linux_alsa.c', line: 1904
Expression 'PaAlsaStreamComponent_Initialize( &self->capture, alsaApi, inParams, StreamDirection_In, NULL != callback )' failed in 'src/hostapi/alsa/pa_linux_alsa.c', line: 2171
Expression 'PaAlsaStream_Initialize( stream, alsaHostApi, inputParameters, outputParameters, sampleRate, framesPerBuffer, callback, streamFlags, userData )' failed in 'src/hostapi/alsa/pa_linux_alsa.c', line: 2839
Expression 'ret' failed in 'src/hostapi/alsa/pa_linux_alsa.c', line: 1736
Expression 'AlsaOpen( &alsaApi->baseHostApiRep, params, streamDir, &self->pcm )' failed in 'src/hostapi/alsa/pa_linux_alsa.c', line: 1904
Expression 'PaAlsaStreamComponent_Initialize( &self->capture, alsaApi, inParams, StreamDirection_In, NULL != callback )' failed in 'src/hostapi/alsa/pa_linux_alsa.c', line: 2171
Expression 'PaAlsaStream_Initialize( stream, alsaHostApi, inputParameters, outputParameters, sampleRate, framesPerBuffer, callback, streamFlags, userData )' failed in 'src/hostapi/alsa/pa_linux_alsa.c', line: 2839
Expression 'ret' failed in 'src/hostapi/alsa/pa_linux_alsa.c', line: 1736
Expression 'AlsaOpen( &alsaApi->baseHostApiRep, params, streamDir, &self->pcm )' failed in 'src/hostapi/alsa/pa_linux_alsa.c', line: 1904
Expression 'PaAlsaStreamComponent_Initialize( &self->capture, alsaApi, inParams, StreamDirection_In, NULL != callback )' failed in 'src/hostapi/alsa/pa_linux_alsa.c', line: 2171
Expression 'PaAlsaStream_Initialize( stream, alsaHostApi, inputParameters, outputParameters, sampleRate, framesPerBuffer, callback, streamFlags, userData )' failed in 'src/hostapi/alsa/pa_linux_alsa.c', line: 2839
Expression 'ret' failed in 'src/hostapi/alsa/pa_linux_alsa.c', line: 1736
Expression 'AlsaOpen( &alsaApi->baseHostApiRep, params, streamDir, &self->pcm )' failed in 'src/hostapi/alsa/pa_linux_alsa.c', line: 1904
Expression 'PaAlsaStreamComponent_Initialize( &self->capture, alsaApi, inParams, StreamDirection_In, NULL != callback )' failed in 'src/hostapi/alsa/pa_linux_alsa.c', line: 2171
Expression 'PaAlsaStream_Initialize( stream, alsaHostApi, inputParameters, outputParameters, sampleRate, framesPerBuffer, callback, streamFlags, userData )' failed in 'src/hostapi/alsa/pa_linux_alsa.c', line: 2839
Expression 'ret' failed in 'src/hostapi/alsa/pa_linux_alsa.c', line: 1736
Expression 'AlsaOpen( &alsaApi->baseHostApiRep, params, streamDir, &self->pcm )' failed in 'src/hostapi/alsa/pa_linux_alsa.c', line: 1904
Expression 'PaAlsaStreamComponent_Initialize( &self->capture, alsaApi, inParams, StreamDirection_In, NULL != callback )' failed in 'src/hostapi/alsa/pa_linux_alsa.c', line: 2171
Expression 'PaAlsaStream_Initialize( stream, alsaHostApi, inputParameters, outputParameters, sampleRate, framesPerBuffer, callback, streamFlags, userData )' failed in 'src/hostapi/alsa/pa_linux_alsa.c', line: 2839
Expression 'ret' failed in 'src/hostapi/alsa/pa_linux_alsa.c', line: 1736
Expression 'AlsaOpen( &alsaApi->baseHostApiRep, params, streamDir, &self->pcm )' failed in 'src/hostapi/alsa/pa_linux_alsa.c', line: 1904
Expression 'PaAlsaStreamComponent_Initialize( &self->capture, alsaApi, inParams, StreamDirection_In, NULL != callback )' failed in 'src/hostapi/alsa/pa_linux_alsa.c', line: 2171
Expression 'PaAlsaStream_Initialize( stream, alsaHostApi, inputParameters, outputParameters, sampleRate, framesPerBuffer, callback, streamFlags, userData )' failed in 'src/hostapi/alsa/pa_linux_alsa.c', line: 2839
Expression 'ret' failed in 'src/hostapi/alsa/pa_linux_alsa.c', line: 1736
Expression 'AlsaOpen( &alsaApi->baseHostApiRep, params, streamDir, &self->pcm )' failed in 'src/hostapi/alsa/pa_linux_alsa.c', line: 1904
Expression 'PaAlsaStreamComponent_Initialize( &self->capture, alsaApi, inParams, StreamDirection_In, NULL != callback )' failed in 'src/hostapi/alsa/pa_linux_alsa.c', line: 2171
Expression 'PaAlsaStream_Initialize( stream, alsaHostApi, inputParameters, outputParameters, sampleRate, framesPerBuffer, callback, streamFlags, userData )' failed in 'src/hostapi/alsa/pa_linux_alsa.c', line: 2839
Expression 'ret' failed in 'src/hostapi/alsa/pa_linux_alsa.c', line: 1736
Expression 'AlsaOpen( &alsaApi->baseHostApiRep, params, streamDir, &self->pcm )' failed in 'src/hostapi/alsa/pa_linux_alsa.c', line: 1904
Expression 'PaAlsaStreamComponent_Initialize( &self->capture, alsaApi, inParams, StreamDirection_In, NULL != callback )' failed in 'src/hostapi/alsa/pa_linux_alsa.c', line: 2171
Expression 'PaAlsaStream_Initialize( stream, alsaHostApi, inputParameters, outputParameters, sampleRate, framesPerBuffer, callback, streamFlags, userData )' failed in 'src/hostapi/alsa/pa_linux_alsa.c', line: 2839
Expression 'ret' failed in 'src/hostapi/alsa/pa_linux_alsa.c', line: 1736
Expression 'AlsaOpen( &alsaApi->baseHostApiRep, params, streamDir, &self->pcm )' failed in 'src/hostapi/alsa/pa_linux_alsa.c', line: 1904
Expression 'PaAlsaStreamComponent_Initialize( &self->capture, alsaApi, inParams, StreamDirection_In, NULL != callback )' failed in 'src/hostapi/alsa/pa_linux_alsa.c', line: 2171
Expression 'PaAlsaStream_Initialize( stream, alsaHostApi, inputParameters, outputParameters, sampleRate, framesPerBuffer, callback, streamFlags, userData )' failed in 'src/hostapi/alsa/pa_linux_alsa.c', line: 2839
Expression 'ret' failed in 'src/hostapi/alsa/pa_linux_alsa.c', line: 1736
Expression 'AlsaOpen( &alsaApi->baseHostApiRep, params, streamDir, &self->pcm )' failed in 'src/hostapi/alsa/pa_linux_alsa.c', line: 1904
Expression 'PaAlsaStreamComponent_Initialize( &self->capture, alsaApi, inParams, StreamDirection_In, NULL != callback )' failed in 'src/hostapi/alsa/pa_linux_alsa.c', line: 2171
Expression 'PaAlsaStream_Initialize( stream, alsaHostApi, inputParameters, outputParameters, sampleRate, framesPerBuffer, callback, streamFlags, userData )' failed in 'src/hostapi/alsa/pa_linux_alsa.c', line: 2839
Expression 'ret' failed in 'src/hostapi/alsa/pa_linux_alsa.c', line: 1736
Expression 'AlsaOpen( &alsaApi->baseHostApiRep, params, streamDir, &self->pcm )' failed in 'src/hostapi/alsa/pa_linux_alsa.c', line: 1904
Expression 'PaAlsaStreamComponent_Initialize( &self->capture, alsaApi, inParams, StreamDirection_In, NULL != callback )' failed in 'src/hostapi/alsa/pa_linux_alsa.c', line: 2171
Expression 'PaAlsaStream_Initialize( stream, alsaHostApi, inputParameters, outputParameters, sampleRate, framesPerBuffer, callback, streamFlags, userData )' failed in 'src/hostapi/alsa/pa_linux_alsa.c', line: 2839
Expression 'ret' failed in 'src/hostapi/alsa/pa_linux_alsa.c', line: 1736
Expression 'AlsaOpen( &alsaApi->baseHostApiRep, params, streamDir, &self->pcm )' failed in 'src/hostapi/alsa/pa_linux_alsa.c', line: 1904
Expression 'PaAlsaStreamComponent_Initialize( &self->capture, alsaApi, inParams, StreamDirection_In, NULL != callback )' failed in 'src/hostapi/alsa/pa_linux_alsa.c', line: 2171
Expression 'PaAlsaStream_Initialize( stream, alsaHostApi, inputParameters, outputParameters, sampleRate, framesPerBuffer, callback, streamFlags, userData )' failed in 'src/hostapi/alsa/pa_linux_alsa.c', line: 2839
Expression 'ret' failed in 'src/hostapi/alsa/pa_linux_alsa.c', line: 1736
Expression 'AlsaOpen( &alsaApi->baseHostApiRep, params, streamDir, &self->pcm )' failed in 'src/hostapi/alsa/pa_linux_alsa.c', line: 1904
Expression 'PaAlsaStreamComponent_Initialize( &self->capture, alsaApi, inParams, StreamDirection_In, NULL != callback )' failed in 'src/hostapi/alsa/pa_linux_alsa.c', line: 2171
Expression 'PaAlsaStream_Initialize( stream, alsaHostApi, inputParameters, outputParameters, sampleRate, framesPerBuffer, callback, streamFlags, userData )' failed in 'src/hostapi/alsa/pa_linux_alsa.c', line: 2839
Expression 'ret' failed in 'src/hostapi/alsa/pa_linux_alsa.c', line: 1736
Expression 'AlsaOpen( &alsaApi->baseHostApiRep, params, streamDir, &self->pcm )' failed in 'src/hostapi/alsa/pa_linux_alsa.c', line: 1904
Expression 'PaAlsaStreamComponent_Initialize( &self->capture, alsaApi, inParams, StreamDirection_In, NULL != callback )' failed in 'src/hostapi/alsa/pa_linux_alsa.c', line: 2171
Expression 'PaAlsaStream_Initialize( stream, alsaHostApi, inputParameters, outputParameters, sampleRate, framesPerBuffer, callback, streamFlags, userData )' failed in 'src/hostapi/alsa/pa_linux_alsa.c', line: 2839
Expression 'ret' failed in 'src/hostapi/alsa/pa_linux_alsa.c', line: 1736
Expression 'AlsaOpen( &alsaApi->baseHostApiRep, params, streamDir, &self->pcm )' failed in 'src/hostapi/alsa/pa_linux_alsa.c', line: 1904
Expression 'PaAlsaStreamComponent_Initialize( &self->capture, alsaApi, inParams, StreamDirection_In, NULL != callback )' failed in 'src/hostapi/alsa/pa_linux_alsa.c', line: 2171
Expression 'PaAlsaStream_Initialize( stream, alsaHostApi, inputParameters, outputParameters, sampleRate, framesPerBuffer, callback, streamFlags, userData )' failed in 'src/hostapi/alsa/pa_linux_alsa.c', line: 2839
Expression 'ret' failed in 'src/hostapi/alsa/pa_linux_alsa.c', line: 1736
Expression 'AlsaOpen( &alsaApi->baseHostApiRep, params, streamDir, &self->pcm )' failed in 'src/hostapi/alsa/pa_linux_alsa.c', line: 1904
Expression 'PaAlsaStreamComponent_Initialize( &self->capture, alsaApi, inParams, StreamDirection_In, NULL != callback )' failed in 'src/hostapi/alsa/pa_linux_alsa.c', line: 2171
Expression 'PaAlsaStream_Initialize( stream, alsaHostApi, inputParameters, outputParameters, sampleRate, framesPerBuffer, callback, streamFlags, userData )' failed in 'src/hostapi/alsa/pa_linux_alsa.c', line: 2839
Expression 'ret' failed in 'src/hostapi/alsa/pa_linux_alsa.c', line: 1736
Expression 'AlsaOpen( &alsaApi->baseHostApiRep, params, streamDir, &self->pcm )' failed in 'src/hostapi/alsa/pa_linux_alsa.c', line: 1904
Expression 'PaAlsaStreamComponent_Initialize( &self->capture, alsaApi, inParams, StreamDirection_In, NULL != callback )' failed in 'src/hostapi/alsa/pa_linux_alsa.c', line: 2171
Expression 'PaAlsaStream_Initialize( stream, alsaHostApi, inputParameters, outputParameters, sampleRate, framesPerBuffer, callback, streamFlags, userData )' failed in 'src/hostapi/alsa/pa_linux_alsa.c', line: 2839
Expression 'ret' failed in 'src/hostapi/alsa/pa_linux_alsa.c', line: 1736
Expression 'AlsaOpen( &alsaApi->baseHostApiRep, params, streamDir, &self->pcm )' failed in 'src/hostapi/alsa/pa_linux_alsa.c', line: 1904
Expression 'PaAlsaStreamComponent_Initialize( &self->capture, alsaApi, inParams, StreamDirection_In, NULL != callback )' failed in 'src/hostapi/alsa/pa_linux_alsa.c', line: 2171
Expression 'PaAlsaStream_Initialize( stream, alsaHostApi, inputParameters, outputParameters, sampleRate, framesPerBuffer, callback, streamFlags, userData )' failed in 'src/hostapi/alsa/pa_linux_alsa.c', line: 2839
Expression 'ret' failed in 'src/hostapi/alsa/pa_linux_alsa.c', line: 1736
Expression 'AlsaOpen( &alsaApi->baseHostApiRep, params, streamDir, &self->pcm )' failed in 'src/hostapi/alsa/pa_linux_alsa.c', line: 1904
Expression 'PaAlsaStreamComponent_Initialize( &self->capture, alsaApi, inParams, StreamDirection_In, NULL != callback )' failed in 'src/hostapi/alsa/pa_linux_alsa.c', line: 2171
Expression 'PaAlsaStream_Initialize( stream, alsaHostApi, inputParameters, outputParameters, sampleRate, framesPerBuffer, callback, streamFlags, userData )' failed in 'src/hostapi/alsa/pa_linux_alsa.c', line: 2839
Expression 'ret' failed in 'src/hostapi/alsa/pa_linux_alsa.c', line: 1736
Expression 'AlsaOpen( &alsaApi->baseHostApiRep, params, streamDir, &self->pcm )' failed in 'src/hostapi/alsa/pa_linux_alsa.c', line: 1904
Expression 'PaAlsaStreamComponent_Initialize( &self->capture, alsaApi, inParams, StreamDirection_In, NULL != callback )' failed in 'src/hostapi/alsa/pa_linux_alsa.c', line: 2171
Expression 'PaAlsaStream_Initialize( stream, alsaHostApi, inputParameters, outputParameters, sampleRate, framesPerBuffer, callback, streamFlags, userData )' failed in 'src/hostapi/alsa/pa_linux_alsa.c', line: 2839
Expression 'ret' failed in 'src/hostapi/alsa/pa_linux_alsa.c', line: 1736
Expression 'AlsaOpen( &alsaApi->baseHostApiRep, params, streamDir, &self->pcm )' failed in 'src/hostapi/alsa/pa_linux_alsa.c', line: 1904
Expression 'PaAlsaStreamComponent_Initialize( &self->capture, alsaApi, inParams, StreamDirection_In, NULL != callback )' failed in 'src/hostapi/alsa/pa_linux_alsa.c', line: 2171
Expression 'PaAlsaStream_Initialize( stream, alsaHostApi, inputParameters, outputParameters, sampleRate, framesPerBuffer, callback, streamFlags, userData )' failed in 'src/hostapi/alsa/pa_linux_alsa.c', line: 2839
Expression 'ret' failed in 'src/hostapi/alsa/pa_linux_alsa.c', line: 1736
Expression 'AlsaOpen( &alsaApi->baseHostApiRep, params, streamDir, &self->pcm )' failed in 'src/hostapi/alsa/pa_linux_alsa.c', line: 1904
Expression 'PaAlsaStreamComponent_Initialize( &self->capture, alsaApi, inParams, StreamDirection_In, NULL != callback )' failed in 'src/hostapi/alsa/pa_linux_alsa.c', line: 2171
Expression 'PaAlsaStream_Initialize( stream, alsaHostApi, inputParameters, outputParameters, sampleRate, framesPerBuffer, callback, streamFlags, userData )' failed in 'src/hostapi/alsa/pa_linux_alsa.c', line: 2839
Expression 'ret' failed in 'src/hostapi/alsa/pa_linux_alsa.c', line: 1736
Expression 'AlsaOpen( &alsaApi->baseHostApiRep, params, streamDir, &self->pcm )' failed in 'src/hostapi/alsa/pa_linux_alsa.c', line: 1904
Expression 'PaAlsaStreamComponent_Initialize( &self->capture, alsaApi, inParams, StreamDirection_In, NULL != callback )' failed in 'src/hostapi/alsa/pa_linux_alsa.c', line: 2171
Expression 'PaAlsaStream_Initialize( stream, alsaHostApi, inputParameters, outputParameters, sampleRate, framesPerBuffer, callback, streamFlags, userData )' failed in 'src/hostapi/alsa/pa_linux_alsa.c', line: 2839
Expression 'ret' failed in 'src/hostapi/alsa/pa_linux_alsa.c', line: 1736
Expression 'AlsaOpen( &alsaApi->baseHostApiRep, params, streamDir, &self->pcm )' failed in 'src/hostapi/alsa/pa_linux_alsa.c', line: 1904
Expression 'PaAlsaStreamComponent_Initialize( &self->capture, alsaApi, inParams, StreamDirection_In, NULL != callback )' failed in 'src/hostapi/alsa/pa_linux_alsa.c', line: 2171
Expression 'PaAlsaStream_Initialize( stream, alsaHostApi, inputParameters, outputParameters, sampleRate, framesPerBuffer, callback, streamFlags, userData )' failed in 'src/hostapi/alsa/pa_linux_alsa.c', line: 2839
Expression 'ret' failed in 'src/hostapi/alsa/pa_linux_alsa.c', line: 1736
Expression 'AlsaOpen( &alsaApi->baseHostApiRep, params, streamDir, &self->pcm )' failed in 'src/hostapi/alsa/pa_linux_alsa.c', line: 1904
Expression 'PaAlsaStreamComponent_Initialize( &self->capture, alsaApi, inParams, StreamDirection_In, NULL != callback )' failed in 'src/hostapi/alsa/pa_linux_alsa.c', line: 2171
Expression 'PaAlsaStream_Initialize( stream, alsaHostApi, inputParameters, outputParameters, sampleRate, framesPerBuffer, callback, streamFlags, userData )' failed in 'src/hostapi/alsa/pa_linux_alsa.c', line: 2839
Expression 'ret' failed in 'src/hostapi/alsa/pa_linux_alsa.c', line: 1736
Expression 'AlsaOpen( &alsaApi->baseHostApiRep, params, streamDir, &self->pcm )' failed in 'src/hostapi/alsa/pa_linux_alsa.c', line: 1904
Expression 'PaAlsaStreamComponent_Initialize( &self->capture, alsaApi, inParams, StreamDirection_In, NULL != callback )' failed in 'src/hostapi/alsa/pa_linux_alsa.c', line: 2171
Expression 'PaAlsaStream_Initialize( stream, alsaHostApi, inputParameters, outputParameters, sampleRate, framesPerBuffer, callback, streamFlags, userData )' failed in 'src/hostapi/alsa/pa_linux_alsa.c', line: 2839
Expression 'ret' failed in 'src/hostapi/alsa/pa_linux_alsa.c', line: 1736
Expression 'AlsaOpen( &alsaApi->baseHostApiRep, params, streamDir, &self->pcm )' failed in 'src/hostapi/alsa/pa_linux_alsa.c', line: 1904
Expression 'PaAlsaStreamComponent_Initialize( &self->capture, alsaApi, inParams, StreamDirection_In, NULL != callback )' failed in 'src/hostapi/alsa/pa_linux_alsa.c', line: 2171
Expression 'PaAlsaStream_Initialize( stream, alsaHostApi, inputParameters, outputParameters, sampleRate, framesPerBuffer, callback, streamFlags, userData )' failed in 'src/hostapi/alsa/pa_linux_alsa.c', line: 2839
Expression 'ret' failed in 'src/hostapi/alsa/pa_linux_alsa.c', line: 1736
Expression 'AlsaOpen( &alsaApi->baseHostApiRep, params, streamDir, &self->pcm )' failed in 'src/hostapi/alsa/pa_linux_alsa.c', line: 1904
Expression 'PaAlsaStreamComponent_Initialize( &self->capture, alsaApi, inParams, StreamDirection_In, NULL != callback )' failed in 'src/hostapi/alsa/pa_linux_alsa.c', line: 2171
Expression 'PaAlsaStream_Initialize( stream, alsaHostApi, inputParameters, outputParameters, sampleRate, framesPerBuffer, callback, streamFlags, userData )' failed in 'src/hostapi/alsa/pa_linux_alsa.c', line: 2839
Expression 'ret' failed in 'src/hostapi/alsa/pa_linux_alsa.c', line: 1736
Expression 'AlsaOpen( &alsaApi->baseHostApiRep, params, streamDir, &self->pcm )' failed in 'src/hostapi/alsa/pa_linux_alsa.c', line: 1904
Expression 'PaAlsaStreamComponent_Initialize( &self->capture, alsaApi, inParams, StreamDirection_In, NULL != callback )' failed in 'src/hostapi/alsa/pa_linux_alsa.c', line: 2171
Expression 'PaAlsaStream_Initialize( stream, alsaHostApi, inputParameters, outputParameters, sampleRate, framesPerBuffer, callback, streamFlags, userData )' failed in 'src/hostapi/alsa/pa_linux_alsa.c', line: 2839
Expression 'ret' failed in 'src/hostapi/alsa/pa_linux_alsa.c', line: 1736
Expression 'AlsaOpen( &alsaApi->baseHostApiRep, params, streamDir, &self->pcm )' failed in 'src/hostapi/alsa/pa_linux_alsa.c', line: 1904
Expression 'PaAlsaStreamComponent_Initialize( &self->capture, alsaApi, inParams, StreamDirection_In, NULL != callback )' failed in 'src/hostapi/alsa/pa_linux_alsa.c', line: 2171
Expression 'PaAlsaStream_Initialize( stream, alsaHostApi, inputParameters, outputParameters, sampleRate, framesPerBuffer, callback, streamFlags, userData )' failed in 'src/hostapi/alsa/pa_linux_alsa.c', line: 2839
Expression 'ret' failed in 'src/hostapi/alsa/pa_linux_alsa.c', line: 1736
Expression 'AlsaOpen( &alsaApi->baseHostApiRep, params, streamDir, &self->pcm )' failed in 'src/hostapi/alsa/pa_linux_alsa.c', line: 1904
Expression 'PaAlsaStreamComponent_Initialize( &self->capture, alsaApi, inParams, StreamDirection_In, NULL != callback )' failed in 'src/hostapi/alsa/pa_linux_alsa.c', line: 2171
Expression 'PaAlsaStream_Initialize( stream, alsaHostApi, inputParameters, outputParameters, sampleRate, framesPerBuffer, callback, streamFlags, userData )' failed in 'src/hostapi/alsa/pa_linux_alsa.c', line: 2839
Expression 'ret' failed in 'src/hostapi/alsa/pa_linux_alsa.c', line: 1736
Expression 'AlsaOpen( &alsaApi->baseHostApiRep, params, streamDir, &self->pcm )' failed in 'src/hostapi/alsa/pa_linux_alsa.c', line: 1904
Expression 'PaAlsaStreamComponent_Initialize( &self->capture, alsaApi, inParams, StreamDirection_In, NULL != callback )' failed in 'src/hostapi/alsa/pa_linux_alsa.c', line: 2171
Expression 'PaAlsaStream_Initialize( stream, alsaHostApi, inputParameters, outputParameters, sampleRate, framesPerBuffer, callback, streamFlags, userData )' failed in 'src/hostapi/alsa/pa_linux_alsa.c', line: 2839
Expression 'ret' failed in 'src/hostapi/alsa/pa_linux_alsa.c', line: 1736
Expression 'AlsaOpen( &alsaApi->baseHostApiRep, params, streamDir, &self->pcm )' failed in 'src/hostapi/alsa/pa_linux_alsa.c', line: 1904
Expression 'PaAlsaStreamComponent_Initialize( &self->capture, alsaApi, inParams, StreamDirection_In, NULL != callback )' failed in 'src/hostapi/alsa/pa_linux_alsa.c', line: 2171
Expression 'PaAlsaStream_Initialize( stream, alsaHostApi, inputParameters, outputParameters, sampleRate, framesPerBuffer, callback, streamFlags, userData )' failed in 'src/hostapi/alsa/pa_linux_alsa.c', line: 2839
Expression 'ret' failed in 'src/hostapi/alsa/pa_linux_alsa.c', line: 1736
Expression 'AlsaOpen( &alsaApi->baseHostApiRep, params, streamDir, &self->pcm )' failed in 'src/hostapi/alsa/pa_linux_alsa.c', line: 1904
Expression 'PaAlsaStreamComponent_Initialize( &self->capture, alsaApi, inParams, StreamDirection_In, NULL != callback )' failed in 'src/hostapi/alsa/pa_linux_alsa.c', line: 2171
Expression 'PaAlsaStream_Initialize( stream, alsaHostApi, inputParameters, outputParameters, sampleRate, framesPerBuffer, callback, streamFlags, userData )' failed in 'src/hostapi/alsa/pa_linux_alsa.c', line: 2839
Expression 'ret' failed in 'src/hostapi/alsa/pa_linux_alsa.c', line: 1736
Expression 'AlsaOpen( &alsaApi->baseHostApiRep, params, streamDir, &self->pcm )' failed in 'src/hostapi/alsa/pa_linux_alsa.c', line: 1904
Expression 'PaAlsaStreamComponent_Initialize( &self->capture, alsaApi, inParams, StreamDirection_In, NULL != callback )' failed in 'src/hostapi/alsa/pa_linux_alsa.c', line: 2171
Expression 'PaAlsaStream_Initialize( stream, alsaHostApi, inputParameters, outputParameters, sampleRate, framesPerBuffer, callback, streamFlags, userData )' failed in 'src/hostapi/alsa/pa_linux_alsa.c', line: 2839
Expression 'ret' failed in 'src/hostapi/alsa/pa_linux_alsa.c', line: 1736
Expression 'AlsaOpen( &alsaApi->baseHostApiRep, params, streamDir, &self->pcm )' failed in 'src/hostapi/alsa/pa_linux_alsa.c', line: 1904
Expression 'PaAlsaStreamComponent_Initialize( &self->capture, alsaApi, inParams, StreamDirection_In, NULL != callback )' failed in 'src/hostapi/alsa/pa_linux_alsa.c', line: 2171
Expression 'PaAlsaStream_Initialize( stream, alsaHostApi, inputParameters, outputParameters, sampleRate, framesPerBuffer, callback, streamFlags, userData )' failed in 'src/hostapi/alsa/pa_linux_alsa.c', line: 2839
Expression 'ret' failed in 'src/hostapi/alsa/pa_linux_alsa.c', line: 1736
Expression 'AlsaOpen( &alsaApi->baseHostApiRep, params, streamDir, &self->pcm )' failed in 'src/hostapi/alsa/pa_linux_alsa.c', line: 1904
Expression 'PaAlsaStreamComponent_Initialize( &self->capture, alsaApi, inParams, StreamDirection_In, NULL != callback )' failed in 'src/hostapi/alsa/pa_linux_alsa.c', line: 2171
Expression 'PaAlsaStream_Initialize( stream, alsaHostApi, inputParameters, outputParameters, sampleRate, framesPerBuffer, callback, streamFlags, userData )' failed in 'src/hostapi/alsa/pa_linux_alsa.c', line: 2839
Expression 'ret' failed in 'src/hostapi/alsa/pa_linux_alsa.c', line: 1736
Expression 'AlsaOpen( &alsaApi->baseHostApiRep, params, streamDir, &self->pcm )' failed in 'src/hostapi/alsa/pa_linux_alsa.c', line: 1904
Expression 'PaAlsaStreamComponent_Initialize( &self->capture, alsaApi, inParams, StreamDirection_In, NULL != callback )' failed in 'src/hostapi/alsa/pa_linux_alsa.c', line: 2171
Expression 'PaAlsaStream_Initialize( stream, alsaHostApi, inputParameters, outputParameters, sampleRate, framesPerBuffer, callback, streamFlags, userData )' failed in 'src/hostapi/alsa/pa_linux_alsa.c', line: 2839
Expression 'ret' failed in 'src/hostapi/alsa/pa_linux_alsa.c', line: 1736
Expression 'AlsaOpen( &alsaApi->baseHostApiRep, params, streamDir, &self->pcm )' failed in 'src/hostapi/alsa/pa_linux_alsa.c', line: 1904
Expression 'PaAlsaStreamComponent_Initialize( &self->capture, alsaApi, inParams, StreamDirection_In, NULL != callback )' failed in 'src/hostapi/alsa/pa_linux_alsa.c', line: 2171
Expression 'PaAlsaStream_Initialize( stream, alsaHostApi, inputParameters, outputParameters, sampleRate, framesPerBuffer, callback, streamFlags, userData )' failed in 'src/hostapi/alsa/pa_linux_alsa.c', line: 2839
Expression 'ret' failed in 'src/hostapi/alsa/pa_linux_alsa.c', line: 1736
Expression 'AlsaOpen( &alsaApi->baseHostApiRep, params, streamDir, &self->pcm )' failed in 'src/hostapi/alsa/pa_linux_alsa.c', line: 1904
Expression 'PaAlsaStreamComponent_Initialize( &self->capture, alsaApi, inParams, StreamDirection_In, NULL != callback )' failed in 'src/hostapi/alsa/pa_linux_alsa.c', line: 2171
Expression 'PaAlsaStream_Initialize( stream, alsaHostApi, inputParameters, outputParameters, sampleRate, framesPerBuffer, callback, streamFlags, userData )' failed in 'src/hostapi/alsa/pa_linux_alsa.c', line: 2839
Expression 'ret' failed in 'src/hostapi/alsa/pa_linux_alsa.c', line: 1736
Expression 'AlsaOpen( &alsaApi->baseHostApiRep, params, streamDir, &self->pcm )' failed in 'src/hostapi/alsa/pa_linux_alsa.c', line: 1904
Expression 'PaAlsaStreamComponent_Initialize( &self->capture, alsaApi, inParams, StreamDirection_In, NULL != callback )' failed in 'src/hostapi/alsa/pa_linux_alsa.c', line: 2171
Expression 'PaAlsaStream_Initialize( stream, alsaHostApi, inputParameters, outputParameters, sampleRate, framesPerBuffer, callback, streamFlags, userData )' failed in 'src/hostapi/alsa/pa_linux_alsa.c', line: 2839
Expression 'ret' failed in 'src/hostapi/alsa/pa_linux_alsa.c', line: 1736
Expression 'AlsaOpen( &alsaApi->baseHostApiRep, params, streamDir, &self->pcm )' failed in 'src/hostapi/alsa/pa_linux_alsa.c', line: 1904
Expression 'PaAlsaStreamComponent_Initialize( &self->capture, alsaApi, inParams, StreamDirection_In, NULL != callback )' failed in 'src/hostapi/alsa/pa_linux_alsa.c', line: 2171
Expression 'PaAlsaStream_Initialize( stream, alsaHostApi, inputParameters, outputParameters, sampleRate, framesPerBuffer, callback, streamFlags, userData )' failed in 'src/hostapi/alsa/pa_linux_alsa.c', line: 2839
Expression 'ret' failed in 'src/hostapi/alsa/pa_linux_alsa.c', line: 1736
Expression 'AlsaOpen( &alsaApi->baseHostApiRep, params, streamDir, &self->pcm )' failed in 'src/hostapi/alsa/pa_linux_alsa.c', line: 1904
Expression 'PaAlsaStreamComponent_Initialize( &self->capture, alsaApi, inParams, StreamDirection_In, NULL != callback )' failed in 'src/hostapi/alsa/pa_linux_alsa.c', line: 2171
Expression 'PaAlsaStream_Initialize( stream, alsaHostApi, inputParameters, outputParameters, sampleRate, framesPerBuffer, callback, streamFlags, userData )' failed in 'src/hostapi/alsa/pa_linux_alsa.c', line: 2839
Expression 'ret' failed in 'src/hostapi/alsa/pa_linux_alsa.c', line: 1736
Expression 'AlsaOpen( &alsaApi->baseHostApiRep, params, streamDir, &self->pcm )' failed in 'src/hostapi/alsa/pa_linux_alsa.c', line: 1904
Expression 'PaAlsaStreamComponent_Initialize( &self->capture, alsaApi, inParams, StreamDirection_In, NULL != callback )' failed in 'src/hostapi/alsa/pa_linux_alsa.c', line: 2171
Expression 'PaAlsaStream_Initialize( stream, alsaHostApi, inputParameters, outputParameters, sampleRate, framesPerBuffer, callback, streamFlags, userData )' failed in 'src/hostapi/alsa/pa_linux_alsa.c', line: 2839
Expression 'ret' failed in 'src/hostapi/alsa/pa_linux_alsa.c', line: 1736
Expression 'AlsaOpen( &alsaApi->baseHostApiRep, params, streamDir, &self->pcm )' failed in 'src/hostapi/alsa/pa_linux_alsa.c', line: 1904
Expression 'PaAlsaStreamComponent_Initialize( &self->capture, alsaApi, inParams, StreamDirection_In, NULL != callback )' failed in 'src/hostapi/alsa/pa_linux_alsa.c', line: 2171
Expression 'PaAlsaStream_Initialize( stream, alsaHostApi, inputParameters, outputParameters, sampleRate, framesPerBuffer, callback, streamFlags, userData )' failed in 'src/hostapi/alsa/pa_linux_alsa.c', line: 2839
Expression 'ret' failed in 'src/hostapi/alsa/pa_linux_alsa.c', line: 1736
Expression 'AlsaOpen( &alsaApi->baseHostApiRep, params, streamDir, &self->pcm )' failed in 'src/hostapi/alsa/pa_linux_alsa.c', line: 1904
Expression 'PaAlsaStreamComponent_Initialize( &self->capture, alsaApi, inParams, StreamDirection_In, NULL != callback )' failed in 'src/hostapi/alsa/pa_linux_alsa.c', line: 2171
Expression 'PaAlsaStream_Initialize( stream, alsaHostApi, inputParameters, outputParameters, sampleRate, framesPerBuffer, callback, streamFlags, userData )' failed in 'src/hostapi/alsa/pa_linux_alsa.c', line: 2839
Expression 'ret' failed in 'src/hostapi/alsa/pa_linux_alsa.c', line: 1736
Expression 'AlsaOpen( &alsaApi->baseHostApiRep, params, streamDir, &self->pcm )' failed in 'src/hostapi/alsa/pa_linux_alsa.c', line: 1904
Expression 'PaAlsaStreamComponent_Initialize( &self->capture, alsaApi, inParams, StreamDirection_In, NULL != callback )' failed in 'src/hostapi/alsa/pa_linux_alsa.c', line: 2171
Expression 'PaAlsaStream_Initialize( stream, alsaHostApi, inputParameters, outputParameters, sampleRate, framesPerBuffer, callback, streamFlags, userData )' failed in 'src/hostapi/alsa/pa_linux_alsa.c', line: 2839
Expression 'ret' failed in 'src/hostapi/alsa/pa_linux_alsa.c', line: 1736
Expression 'AlsaOpen( &alsaApi->baseHostApiRep, params, streamDir, &self->pcm )' failed in 'src/hostapi/alsa/pa_linux_alsa.c', line: 1904
Expression 'PaAlsaStreamComponent_Initialize( &self->capture, alsaApi, inParams, StreamDirection_In, NULL != callback )' failed in 'src/hostapi/alsa/pa_linux_alsa.c', line: 2171
Expression 'PaAlsaStream_Initialize( stream, alsaHostApi, inputParameters, outputParameters, sampleRate, framesPerBuffer, callback, streamFlags, userData )' failed in 'src/hostapi/alsa/pa_linux_alsa.c', line: 2839
Expression 'ret' failed in 'src/hostapi/alsa/pa_linux_alsa.c', line: 1736
Expression 'AlsaOpen( &alsaApi->baseHostApiRep, params, streamDir, &self->pcm )' failed in 'src/hostapi/alsa/pa_linux_alsa.c', line: 1904
Expression 'PaAlsaStreamComponent_Initialize( &self->capture, alsaApi, inParams, StreamDirection_In, NULL != callback )' failed in 'src/hostapi/alsa/pa_linux_alsa.c', line: 2171
Expression 'PaAlsaStream_Initialize( stream, alsaHostApi, inputParameters, outputParameters, sampleRate, framesPerBuffer, callback, streamFlags, userData )' failed in 'src/hostapi/alsa/pa_linux_alsa.c', line: 2839
Expression 'ret' failed in 'src/hostapi/alsa/pa_linux_alsa.c', line: 1736
Expression 'AlsaOpen( &alsaApi->baseHostApiRep, params, streamDir, &self->pcm )' failed in 'src/hostapi/alsa/pa_linux_alsa.c', line: 1904
Expression 'PaAlsaStreamComponent_Initialize( &self->capture, alsaApi, inParams, StreamDirection_In, NULL != callback )' failed in 'src/hostapi/alsa/pa_linux_alsa.c', line: 2171
Expression 'PaAlsaStream_Initialize( stream, alsaHostApi, inputParameters, outputParameters, sampleRate, framesPerBuffer, callback, streamFlags, userData )' failed in 'src/hostapi/alsa/pa_linux_alsa.c', line: 2839
Expression 'ret' failed in 'src/hostapi/alsa/pa_linux_alsa.c', line: 1736
Expression 'AlsaOpen( &alsaApi->baseHostApiRep, params, streamDir, &self->pcm )' failed in 'src/hostapi/alsa/pa_linux_alsa.c', line: 1904
Expression 'PaAlsaStreamComponent_Initialize( &self->capture, alsaApi, inParams, StreamDirection_In, NULL != callback )' failed in 'src/hostapi/alsa/pa_linux_alsa.c', line: 2171
Expression 'PaAlsaStream_Initialize( stream, alsaHostApi, inputParameters, outputParameters, sampleRate, framesPerBuffer, callback, streamFlags, userData )' failed in 'src/hostapi/alsa/pa_linux_alsa.c', line: 2839
Expression 'ret' failed in 'src/hostapi/alsa/pa_linux_alsa.c', line: 1736
Expression 'AlsaOpen( &alsaApi->baseHostApiRep, params, streamDir, &self->pcm )' failed in 'src/hostapi/alsa/pa_linux_alsa.c', line: 1904
Expression 'PaAlsaStreamComponent_Initialize( &self->capture, alsaApi, inParams, StreamDirection_In, NULL != callback )' failed in 'src/hostapi/alsa/pa_linux_alsa.c', line: 2171
Expression 'PaAlsaStream_Initialize( stream, alsaHostApi, inputParameters, outputParameters, sampleRate, framesPerBuffer, callback, streamFlags, userData )' failed in 'src/hostapi/alsa/pa_linux_alsa.c', line: 2839
Expression 'ret' failed in 'src/hostapi/alsa/pa_linux_alsa.c', line: 1736
Expression 'AlsaOpen( &alsaApi->baseHostApiRep, params, streamDir, &self->pcm )' failed in 'src/hostapi/alsa/pa_linux_alsa.c', line: 1904
Expression 'PaAlsaStreamComponent_Initialize( &self->capture, alsaApi, inParams, StreamDirection_In, NULL != callback )' failed in 'src/hostapi/alsa/pa_linux_alsa.c', line: 2171
Expression 'PaAlsaStream_Initialize( stream, alsaHostApi, inputParameters, outputParameters, sampleRate, framesPerBuffer, callback, streamFlags, userData )' failed in 'src/hostapi/alsa/pa_linux_alsa.c', line: 2839
Expression 'ret' failed in 'src/hostapi/alsa/pa_linux_alsa.c', line: 1736
Expression 'AlsaOpen( &alsaApi->baseHostApiRep, params, streamDir, &self->pcm )' failed in 'src/hostapi/alsa/pa_linux_alsa.c', line: 1904
Expression 'PaAlsaStreamComponent_Initialize( &self->capture, alsaApi, inParams, StreamDirection_In, NULL != callback )' failed in 'src/hostapi/alsa/pa_linux_alsa.c', line: 2171
Expression 'PaAlsaStream_Initialize( stream, alsaHostApi, inputParameters, outputParameters, sampleRate, framesPerBuffer, callback, streamFlags, userData )' failed in 'src/hostapi/alsa/pa_linux_alsa.c', line: 2839
Expression 'ret' failed in 'src/hostapi/alsa/pa_linux_alsa.c', line: 1736
Expression 'AlsaOpen( &alsaApi->baseHostApiRep, params, streamDir, &self->pcm )' failed in 'src/hostapi/alsa/pa_linux_alsa.c', line: 1904
Expression 'PaAlsaStreamComponent_Initialize( &self->capture, alsaApi, inParams, StreamDirection_In, NULL != callback )' failed in 'src/hostapi/alsa/pa_linux_alsa.c', line: 2171
Expression 'PaAlsaStream_Initialize( stream, alsaHostApi, inputParameters, outputParameters, sampleRate, framesPerBuffer, callback, streamFlags, userData )' failed in 'src/hostapi/alsa/pa_linux_alsa.c', line: 2839
Expression 'ret' failed in 'src/hostapi/alsa/pa_linux_alsa.c', line: 1736
Expression 'AlsaOpen( &alsaApi->baseHostApiRep, params, streamDir, &self->pcm )' failed in 'src/hostapi/alsa/pa_linux_alsa.c', line: 1904
Expression 'PaAlsaStreamComponent_Initialize( &self->capture, alsaApi, inParams, StreamDirection_In, NULL != callback )' failed in 'src/hostapi/alsa/pa_linux_alsa.c', line: 2171
Expression 'PaAlsaStream_Initialize( stream, alsaHostApi, inputParameters, outputParameters, sampleRate, framesPerBuffer, callback, streamFlags, userData )' failed in 'src/hostapi/alsa/pa_linux_alsa.c', line: 2839
Expression 'ret' failed in 'src/hostapi/alsa/pa_linux_alsa.c', line: 1736
Expression 'AlsaOpen( &alsaApi->baseHostApiRep, params, streamDir, &self->pcm )' failed in 'src/hostapi/alsa/pa_linux_alsa.c', line: 1904
Expression 'PaAlsaStreamComponent_Initialize( &self->capture, alsaApi, inParams, StreamDirection_In, NULL != callback )' failed in 'src/hostapi/alsa/pa_linux_alsa.c', line: 2171
Expression 'PaAlsaStream_Initialize( stream, alsaHostApi, inputParameters, outputParameters, sampleRate, framesPerBuffer, callback, streamFlags, userData )' failed in 'src/hostapi/alsa/pa_linux_alsa.c', line: 2839
Expression 'ret' failed in 'src/hostapi/alsa/pa_linux_alsa.c', line: 1736
Expression 'AlsaOpen( &alsaApi->baseHostApiRep, params, streamDir, &self->pcm )' failed in 'src/hostapi/alsa/pa_linux_alsa.c', line: 1904
Expression 'PaAlsaStreamComponent_Initialize( &self->capture, alsaApi, inParams, StreamDirection_In, NULL != callback )' failed in 'src/hostapi/alsa/pa_linux_alsa.c', line: 2171
Expression 'PaAlsaStream_Initialize( stream, alsaHostApi, inputParameters, outputParameters, sampleRate, framesPerBuffer, callback, streamFlags, userData )' failed in 'src/hostapi/alsa/pa_linux_alsa.c', line: 2839
Expression 'ret' failed in 'src/hostapi/alsa/pa_linux_alsa.c', line: 1736
Expression 'AlsaOpen( &alsaApi->baseHostApiRep, params, streamDir, &self->pcm )' failed in 'src/hostapi/alsa/pa_linux_alsa.c', line: 1904
Expression 'PaAlsaStreamComponent_Initialize( &self->capture, alsaApi, inParams, StreamDirection_In, NULL != callback )' failed in 'src/hostapi/alsa/pa_linux_alsa.c', line: 2171
Expression 'PaAlsaStream_Initialize( stream, alsaHostApi, inputParameters, outputParameters, sampleRate, framesPerBuffer, callback, streamFlags, userData )' failed in 'src/hostapi/alsa/pa_linux_alsa.c', line: 2839
Expression 'ret' failed in 'src/hostapi/alsa/pa_linux_alsa.c', line: 1736
Expression 'AlsaOpen( &alsaApi->baseHostApiRep, params, streamDir, &self->pcm )' failed in 'src/hostapi/alsa/pa_linux_alsa.c', line: 1904
Expression 'PaAlsaStreamComponent_Initialize( &self->capture, alsaApi, inParams, StreamDirection_In, NULL != callback )' failed in 'src/hostapi/alsa/pa_linux_alsa.c', line: 2171
Expression 'PaAlsaStream_Initialize( stream, alsaHostApi, inputParameters, outputParameters, sampleRate, framesPerBuffer, callback, streamFlags, userData )' failed in 'src/hostapi/alsa/pa_linux_alsa.c', line: 2839
Expression 'ret' failed in 'src/hostapi/alsa/pa_linux_alsa.c', line: 1736
Expression 'AlsaOpen( &alsaApi->baseHostApiRep, params, streamDir, &self->pcm )' failed in 'src/hostapi/alsa/pa_linux_alsa.c', line: 1904
Expression 'PaAlsaStreamComponent_Initialize( &self->capture, alsaApi, inParams, StreamDirection_In, NULL != callback )' failed in 'src/hostapi/alsa/pa_linux_alsa.c', line: 2171
Expression 'PaAlsaStream_Initialize( stream, alsaHostApi, inputParameters, outputParameters, sampleRate, framesPerBuffer, callback, streamFlags, userData )' failed in 'src/hostapi/alsa/pa_linux_alsa.c', line: 2839
Expression 'ret' failed in 'src/hostapi/alsa/pa_linux_alsa.c', line: 1736
Expression 'AlsaOpen( &alsaApi->baseHostApiRep, params, streamDir, &self->pcm )' failed in 'src/hostapi/alsa/pa_linux_alsa.c', line: 1904
Expression 'PaAlsaStreamComponent_Initialize( &self->capture, alsaApi, inParams, StreamDirection_In, NULL != callback )' failed in 'src/hostapi/alsa/pa_linux_alsa.c', line: 2171
Expression 'PaAlsaStream_Initialize( stream, alsaHostApi, inputParameters, outputParameters, sampleRate, framesPerBuffer, callback, streamFlags, userData )' failed in 'src/hostapi/alsa/pa_linux_alsa.c', line: 2839
Expression 'ret' failed in 'src/hostapi/alsa/pa_linux_alsa.c', line: 1736
Expression 'AlsaOpen( &alsaApi->baseHostApiRep, params, streamDir, &self->pcm )' failed in 'src/hostapi/alsa/pa_linux_alsa.c', line: 1904
Expression 'PaAlsaStreamComponent_Initialize( &self->capture, alsaApi, inParams, StreamDirection_In, NULL != callback )' failed in 'src/hostapi/alsa/pa_linux_alsa.c', line: 2171
Expression 'PaAlsaStream_Initialize( stream, alsaHostApi, inputParameters, outputParameters, sampleRate, framesPerBuffer, callback, streamFlags, userData )' failed in 'src/hostapi/alsa/pa_linux_alsa.c', line: 2839
Expression 'ret' failed in 'src/hostapi/alsa/pa_linux_alsa.c', line: 1736
Expression 'AlsaOpen( &alsaApi->baseHostApiRep, params, streamDir, &self->pcm )' failed in 'src/hostapi/alsa/pa_linux_alsa.c', line: 1904
Expression 'PaAlsaStreamComponent_Initialize( &self->capture, alsaApi, inParams, StreamDirection_In, NULL != callback )' failed in 'src/hostapi/alsa/pa_linux_alsa.c', line: 2171
Expression 'PaAlsaStream_Initialize( stream, alsaHostApi, inputParameters, outputParameters, sampleRate, framesPerBuffer, callback, streamFlags, userData )' failed in 'src/hostapi/alsa/pa_linux_alsa.c', line: 2839
Expression 'ret' failed in 'src/hostapi/alsa/pa_linux_alsa.c', line: 1736
Expression 'AlsaOpen( &alsaApi->baseHostApiRep, params, streamDir, &self->pcm )' failed in 'src/hostapi/alsa/pa_linux_alsa.c', line: 1904
Expression 'PaAlsaStreamComponent_Initialize( &self->capture, alsaApi, inParams, StreamDirection_In, NULL != callback )' failed in 'src/hostapi/alsa/pa_linux_alsa.c', line: 2171
Expression 'PaAlsaStream_Initialize( stream, alsaHostApi, inputParameters, outputParameters, sampleRate, framesPerBuffer, callback, streamFlags, userData )' failed in 'src/hostapi/alsa/pa_linux_alsa.c', line: 2839
Expression 'ret' failed in 'src/hostapi/alsa/pa_linux_alsa.c', line: 1736
Expression 'AlsaOpen( &alsaApi->baseHostApiRep, params, streamDir, &self->pcm )' failed in 'src/hostapi/alsa/pa_linux_alsa.c', line: 1904
Expression 'PaAlsaStreamComponent_Initialize( &self->capture, alsaApi, inParams, StreamDirection_In, NULL != callback )' failed in 'src/hostapi/alsa/pa_linux_alsa.c', line: 2171
Expression 'PaAlsaStream_Initialize( stream, alsaHostApi, inputParameters, outputParameters, sampleRate, framesPerBuffer, callback, streamFlags, userData )' failed in 'src/hostapi/alsa/pa_linux_alsa.c', line: 2839
Expression 'ret' failed in 'src/hostapi/alsa/pa_linux_alsa.c', line: 1736
Expression 'AlsaOpen( &alsaApi->baseHostApiRep, params, streamDir, &self->pcm )' failed in 'src/hostapi/alsa/pa_linux_alsa.c', line: 1904
Expression 'PaAlsaStreamComponent_Initialize( &self->capture, alsaApi, inParams, StreamDirection_In, NULL != callback )' failed in 'src/hostapi/alsa/pa_linux_alsa.c', line: 2171
Expression 'PaAlsaStream_Initialize( stream, alsaHostApi, inputParameters, outputParameters, sampleRate, framesPerBuffer, callback, streamFlags, userData )' failed in 'src/hostapi/alsa/pa_linux_alsa.c', line: 2839
Expression 'ret' failed in 'src/hostapi/alsa/pa_linux_alsa.c', line: 1736
Expression 'AlsaOpen( &alsaApi->baseHostApiRep, params, streamDir, &self->pcm )' failed in 'src/hostapi/alsa/pa_linux_alsa.c', line: 1904
Expression 'PaAlsaStreamComponent_Initialize( &self->capture, alsaApi, inParams, StreamDirection_In, NULL != callback )' failed in 'src/hostapi/alsa/pa_linux_alsa.c', line: 2171
Expression 'PaAlsaStream_Initialize( stream, alsaHostApi, inputParameters, outputParameters, sampleRate, framesPerBuffer, callback, streamFlags, userData )' failed in 'src/hostapi/alsa/pa_linux_alsa.c', line: 2839
Expression 'ret' failed in 'src/hostapi/alsa/pa_linux_alsa.c', line: 1736
Expression 'AlsaOpen( &alsaApi->baseHostApiRep, params, streamDir, &self->pcm )' failed in 'src/hostapi/alsa/pa_linux_alsa.c', line: 1904
Expression 'PaAlsaStreamComponent_Initialize( &self->capture, alsaApi, inParams, StreamDirection_In, NULL != callback )' failed in 'src/hostapi/alsa/pa_linux_alsa.c', line: 2171
Expression 'PaAlsaStream_Initialize( stream, alsaHostApi, inputParameters, outputParameters, sampleRate, framesPerBuffer, callback, streamFlags, userData )' failed in 'src/hostapi/alsa/pa_linux_alsa.c', line: 2839
Expression 'ret' failed in 'src/hostapi/alsa/pa_linux_alsa.c', line: 1736
Expression 'AlsaOpen( &alsaApi->baseHostApiRep, params, streamDir, &self->pcm )' failed in 'src/hostapi/alsa/pa_linux_alsa.c', line: 1904
Expression 'PaAlsaStreamComponent_Initialize( &self->capture, alsaApi, inParams, StreamDirection_In, NULL != callback )' failed in 'src/hostapi/alsa/pa_linux_alsa.c', line: 2171
Expression 'PaAlsaStream_Initialize( stream, alsaHostApi, inputParameters, outputParameters, sampleRate, framesPerBuffer, callback, streamFlags, userData )' failed in 'src/hostapi/alsa/pa_linux_alsa.c', line: 2839
Expression 'ret' failed in 'src/hostapi/alsa/pa_linux_alsa.c', line: 1736
Expression 'AlsaOpen( &alsaApi->baseHostApiRep, params, streamDir, &self->pcm )' failed in 'src/hostapi/alsa/pa_linux_alsa.c', line: 1904
Expression 'PaAlsaStreamComponent_Initialize( &self->capture, alsaApi, inParams, StreamDirection_In, NULL != callback )' failed in 'src/hostapi/alsa/pa_linux_alsa.c', line: 2171
Expression 'PaAlsaStream_Initialize( stream, alsaHostApi, inputParameters, outputParameters, sampleRate, framesPerBuffer, callback, streamFlags, userData )' failed in 'src/hostapi/alsa/pa_linux_alsa.c', line: 2839
Expression 'ret' failed in 'src/hostapi/alsa/pa_linux_alsa.c', line: 1736
Expression 'AlsaOpen( &alsaApi->baseHostApiRep, params, streamDir, &self->pcm )' failed in 'src/hostapi/alsa/pa_linux_alsa.c', line: 1904
Expression 'PaAlsaStreamComponent_Initialize( &self->capture, alsaApi, inParams, StreamDirection_In, NULL != callback )' failed in 'src/hostapi/alsa/pa_linux_alsa.c', line: 2171
Expression 'PaAlsaStream_Initialize( stream, alsaHostApi, inputParameters, outputParameters, sampleRate, framesPerBuffer, callback, streamFlags, userData )' failed in 'src/hostapi/alsa/pa_linux_alsa.c', line: 2839
Expression 'ret' failed in 'src/hostapi/alsa/pa_linux_alsa.c', line: 1736
Expression 'AlsaOpen( &alsaApi->baseHostApiRep, params, streamDir, &self->pcm )' failed in 'src/hostapi/alsa/pa_linux_alsa.c', line: 1904
Expression 'PaAlsaStreamComponent_Initialize( &self->capture, alsaApi, inParams, StreamDirection_In, NULL != callback )' failed in 'src/hostapi/alsa/pa_linux_alsa.c', line: 2171
Expression 'PaAlsaStream_Initialize( stream, alsaHostApi, inputParameters, outputParameters, sampleRate, framesPerBuffer, callback, streamFlags, userData )' failed in 'src/hostapi/alsa/pa_linux_alsa.c', line: 2839
Expression 'ret' failed in 'src/hostapi/alsa/pa_linux_alsa.c', line: 1736
Expression 'AlsaOpen( &alsaApi->baseHostApiRep, params, streamDir, &self->pcm )' failed in 'src/hostapi/alsa/pa_linux_alsa.c', line: 1904
Expression 'PaAlsaStreamComponent_Initialize( &self->capture, alsaApi, inParams, StreamDirection_In, NULL != callback )' failed in 'src/hostapi/alsa/pa_linux_alsa.c', line: 2171
Expression 'PaAlsaStream_Initialize( stream, alsaHostApi, inputParameters, outputParameters, sampleRate, framesPerBuffer, callback, streamFlags, userData )' failed in 'src/hostapi/alsa/pa_linux_alsa.c', line: 2839
Expression 'ret' failed in 'src/hostapi/alsa/pa_linux_alsa.c', line: 1736
Expression 'AlsaOpen( &alsaApi->baseHostApiRep, params, streamDir, &self->pcm )' failed in 'src/hostapi/alsa/pa_linux_alsa.c', line: 1904
Expression 'PaAlsaStreamComponent_Initialize( &self->capture, alsaApi, inParams, StreamDirection_In, NULL != callback )' failed in 'src/hostapi/alsa/pa_linux_alsa.c', line: 2171
Expression 'PaAlsaStream_Initialize( stream, alsaHostApi, inputParameters, outputParameters, sampleRate, framesPerBuffer, callback, streamFlags, userData )' failed in 'src/hostapi/alsa/pa_linux_alsa.c', line: 2839
Expression 'ret' failed in 'src/hostapi/alsa/pa_linux_alsa.c', line: 1736
Expression 'AlsaOpen( &alsaApi->baseHostApiRep, params, streamDir, &self->pcm )' failed in 'src/hostapi/alsa/pa_linux_alsa.c', line: 1904
Expression 'PaAlsaStreamComponent_Initialize( &self->capture, alsaApi, inParams, StreamDirection_In, NULL != callback )' failed in 'src/hostapi/alsa/pa_linux_alsa.c', line: 2171
Expression 'PaAlsaStream_Initialize( stream, alsaHostApi, inputParameters, outputParameters, sampleRate, framesPerBuffer, callback, streamFlags, userData )' failed in 'src/hostapi/alsa/pa_linux_alsa.c', line: 2839
Expression 'ret' failed in 'src/hostapi/alsa/pa_linux_alsa.c', line: 1736
Expression 'AlsaOpen( &alsaApi->baseHostApiRep, params, streamDir, &self->pcm )' failed in 'src/hostapi/alsa/pa_linux_alsa.c', line: 1904
Expression 'PaAlsaStreamComponent_Initialize( &self->capture, alsaApi, inParams, StreamDirection_In, NULL != callback )' failed in 'src/hostapi/alsa/pa_linux_alsa.c', line: 2171
Expression 'PaAlsaStream_Initialize( stream, alsaHostApi, inputParameters, outputParameters, sampleRate, framesPerBuffer, callback, streamFlags, userData )' failed in 'src/hostapi/alsa/pa_linux_alsa.c', line: 2839
Expression 'ret' failed in 'src/hostapi/alsa/pa_linux_alsa.c', line: 1736
Expression 'AlsaOpen( &alsaApi->baseHostApiRep, params, streamDir, &self->pcm )' failed in 'src/hostapi/alsa/pa_linux_alsa.c', line: 1904
Expression 'PaAlsaStreamComponent_Initialize( &self->capture, alsaApi, inParams, StreamDirection_In, NULL != callback )' failed in 'src/hostapi/alsa/pa_linux_alsa.c', line: 2171
Expression 'PaAlsaStream_Initialize( stream, alsaHostApi, inputParameters, outputParameters, sampleRate, framesPerBuffer, callback, streamFlags, userData )' failed in 'src/hostapi/alsa/pa_linux_alsa.c', line: 2839
Expression 'ret' failed in 'src/hostapi/alsa/pa_linux_alsa.c', line: 1736
Expression 'AlsaOpen( &alsaApi->baseHostApiRep, params, streamDir, &self->pcm )' failed in 'src/hostapi/alsa/pa_linux_alsa.c', line: 1904
Expression 'PaAlsaStreamComponent_Initialize( &self->capture, alsaApi, inParams, StreamDirection_In, NULL != callback )' failed in 'src/hostapi/alsa/pa_linux_alsa.c', line: 2171
Expression 'PaAlsaStream_Initialize( stream, alsaHostApi, inputParameters, outputParameters, sampleRate, framesPerBuffer, callback, streamFlags, userData )' failed in 'src/hostapi/alsa/pa_linux_alsa.c', line: 2839
Expression 'ret' failed in 'src/hostapi/alsa/pa_linux_alsa.c', line: 1736
Expression 'AlsaOpen( &alsaApi->baseHostApiRep, params, streamDir, &self->pcm )' failed in 'src/hostapi/alsa/pa_linux_alsa.c', line: 1904
Expression 'PaAlsaStreamComponent_Initialize( &self->capture, alsaApi, inParams, StreamDirection_In, NULL != callback )' failed in 'src/hostapi/alsa/pa_linux_alsa.c', line: 2171
Expression 'PaAlsaStream_Initialize( stream, alsaHostApi, inputParameters, outputParameters, sampleRate, framesPerBuffer, callback, streamFlags, userData )' failed in 'src/hostapi/alsa/pa_linux_alsa.c', line: 2839
Expression 'ret' failed in 'src/hostapi/alsa/pa_linux_alsa.c', line: 1736
Expression 'AlsaOpen( &alsaApi->baseHostApiRep, params, streamDir, &self->pcm )' failed in 'src/hostapi/alsa/pa_linux_alsa.c', line: 1904
Expression 'PaAlsaStreamComponent_Initialize( &self->capture, alsaApi, inParams, StreamDirection_In, NULL != callback )' failed in 'src/hostapi/alsa/pa_linux_alsa.c', line: 2171
Expression 'PaAlsaStream_Initialize( stream, alsaHostApi, inputParameters, outputParameters, sampleRate, framesPerBuffer, callback, streamFlags, userData )' failed in 'src/hostapi/alsa/pa_linux_alsa.c', line: 2839
Expression 'ret' failed in 'src/hostapi/alsa/pa_linux_alsa.c', line: 1736
Expression 'AlsaOpen( &alsaApi->baseHostApiRep, params, streamDir, &self->pcm )' failed in 'src/hostapi/alsa/pa_linux_alsa.c', line: 1904
Expression 'PaAlsaStreamComponent_Initialize( &self->capture, alsaApi, inParams, StreamDirection_In, NULL != callback )' failed in 'src/hostapi/alsa/pa_linux_alsa.c', line: 2171
Expression 'PaAlsaStream_Initialize( stream, alsaHostApi, inputParameters, outputParameters, sampleRate, framesPerBuffer, callback, streamFlags, userData )' failed in 'src/hostapi/alsa/pa_linux_alsa.c', line: 2839
Expression 'ret' failed in 'src/hostapi/alsa/pa_linux_alsa.c', line: 1736
Expression 'AlsaOpen( &alsaApi->baseHostApiRep, params, streamDir, &self->pcm )' failed in 'src/hostapi/alsa/pa_linux_alsa.c', line: 1904
Expression 'PaAlsaStreamComponent_Initialize( &self->capture, alsaApi, inParams, StreamDirection_In, NULL != callback )' failed in 'src/hostapi/alsa/pa_linux_alsa.c', line: 2171
Expression 'PaAlsaStream_Initialize( stream, alsaHostApi, inputParameters, outputParameters, sampleRate, framesPerBuffer, callback, streamFlags, userData )' failed in 'src/hostapi/alsa/pa_linux_alsa.c', line: 2839
Expression 'ret' failed in 'src/hostapi/alsa/pa_linux_alsa.c', line: 1736
Expression 'AlsaOpen( &alsaApi->baseHostApiRep, params, streamDir, &self->pcm )' failed in 'src/hostapi/alsa/pa_linux_alsa.c', line: 1904
Expression 'PaAlsaStreamComponent_Initialize( &self->capture, alsaApi, inParams, StreamDirection_In, NULL != callback )' failed in 'src/hostapi/alsa/pa_linux_alsa.c', line: 2171
Expression 'PaAlsaStream_Initialize( stream, alsaHostApi, inputParameters, outputParameters, sampleRate, framesPerBuffer, callback, streamFlags, userData )' failed in 'src/hostapi/alsa/pa_linux_alsa.c', line: 2839
Expression 'ret' failed in 'src/hostapi/alsa/pa_linux_alsa.c', line: 1736
Expression 'AlsaOpen( &alsaApi->baseHostApiRep, params, streamDir, &self->pcm )' failed in 'src/hostapi/alsa/pa_linux_alsa.c', line: 1904
Expression 'PaAlsaStreamComponent_Initialize( &self->capture, alsaApi, inParams, StreamDirection_In, NULL != callback )' failed in 'src/hostapi/alsa/pa_linux_alsa.c', line: 2171
Expression 'PaAlsaStream_Initialize( stream, alsaHostApi, inputParameters, outputParameters, sampleRate, framesPerBuffer, callback, streamFlags, userData )' failed in 'src/hostapi/alsa/pa_linux_alsa.c', line: 2839
Expression 'ret' failed in 'src/hostapi/alsa/pa_linux_alsa.c', line: 1736
Expression 'AlsaOpen( &alsaApi->baseHostApiRep, params, streamDir, &self->pcm )' failed in 'src/hostapi/alsa/pa_linux_alsa.c', line: 1904
Expression 'PaAlsaStreamComponent_Initialize( &self->capture, alsaApi, inParams, StreamDirection_In, NULL != callback )' failed in 'src/hostapi/alsa/pa_linux_alsa.c', line: 2171
Expression 'PaAlsaStream_Initialize( stream, alsaHostApi, inputParameters, outputParameters, sampleRate, framesPerBuffer, callback, streamFlags, userData )' failed in 'src/hostapi/alsa/pa_linux_alsa.c', line: 2839
Expression 'ret' failed in 'src/hostapi/alsa/pa_linux_alsa.c', line: 1736
Expression 'AlsaOpen( &alsaApi->baseHostApiRep, params, streamDir, &self->pcm )' failed in 'src/hostapi/alsa/pa_linux_alsa.c', line: 1904
Expression 'PaAlsaStreamComponent_Initialize( &self->capture, alsaApi, inParams, StreamDirection_In, NULL != callback )' failed in 'src/hostapi/alsa/pa_linux_alsa.c', line: 2171
Expression 'PaAlsaStream_Initialize( stream, alsaHostApi, inputParameters, outputParameters, sampleRate, framesPerBuffer, callback, streamFlags, userData )' failed in 'src/hostapi/alsa/pa_linux_alsa.c', line: 2839
Expression 'ret' failed in 'src/hostapi/alsa/pa_linux_alsa.c', line: 1736
Expression 'AlsaOpen( &alsaApi->baseHostApiRep, params, streamDir, &self->pcm )' failed in 'src/hostapi/alsa/pa_linux_alsa.c', line: 1904
Expression 'PaAlsaStreamComponent_Initialize( &self->capture, alsaApi, inParams, StreamDirection_In, NULL != callback )' failed in 'src/hostapi/alsa/pa_linux_alsa.c', line: 2171
Expression 'PaAlsaStream_Initialize( stream, alsaHostApi, inputParameters, outputParameters, sampleRate, framesPerBuffer, callback, streamFlags, userData )' failed in 'src/hostapi/alsa/pa_linux_alsa.c', line: 2839
Expression 'ret' failed in 'src/hostapi/alsa/pa_linux_alsa.c', line: 1736
Expression 'AlsaOpen( &alsaApi->baseHostApiRep, params, streamDir, &self->pcm )' failed in 'src/hostapi/alsa/pa_linux_alsa.c', line: 1904
Expression 'PaAlsaStreamComponent_Initialize( &self->capture, alsaApi, inParams, StreamDirection_In, NULL != callback )' failed in 'src/hostapi/alsa/pa_linux_alsa.c', line: 2171
Expression 'PaAlsaStream_Initialize( stream, alsaHostApi, inputParameters, outputParameters, sampleRate, framesPerBuffer, callback, streamFlags, userData )' failed in 'src/hostapi/alsa/pa_linux_alsa.c', line: 2839
Expression 'ret' failed in 'src/hostapi/alsa/pa_linux_alsa.c', line: 1736
Expression 'AlsaOpen( &alsaApi->baseHostApiRep, params, streamDir, &self->pcm )' failed in 'src/hostapi/alsa/pa_linux_alsa.c', line: 1904
Expression 'PaAlsaStreamComponent_Initialize( &self->capture, alsaApi, inParams, StreamDirection_In, NULL != callback )' failed in 'src/hostapi/alsa/pa_linux_alsa.c', line: 2171
Expression 'PaAlsaStream_Initialize( stream, alsaHostApi, inputParameters, outputParameters, sampleRate, framesPerBuffer, callback, streamFlags, userData )' failed in 'src/hostapi/alsa/pa_linux_alsa.c', line: 2839
Expression 'ret' failed in 'src/hostapi/alsa/pa_linux_alsa.c', line: 1736
Expression 'AlsaOpen( &alsaApi->baseHostApiRep, params, streamDir, &self->pcm )' failed in 'src/hostapi/alsa/pa_linux_alsa.c', line: 1904
Expression 'PaAlsaStreamComponent_Initialize( &self->capture, alsaApi, inParams, StreamDirection_In, NULL != callback )' failed in 'src/hostapi/alsa/pa_linux_alsa.c', line: 2171
Expression 'PaAlsaStream_Initialize( stream, alsaHostApi, inputParameters, outputParameters, sampleRate, framesPerBuffer, callback, streamFlags, userData )' failed in 'src/hostapi/alsa/pa_linux_alsa.c', line: 2839
Expression 'ret' failed in 'src/hostapi/alsa/pa_linux_alsa.c', line: 1736
Expression 'AlsaOpen( &alsaApi->baseHostApiRep, params, streamDir, &self->pcm )' failed in 'src/hostapi/alsa/pa_linux_alsa.c', line: 1904
Expression 'PaAlsaStreamComponent_Initialize( &self->capture, alsaApi, inParams, StreamDirection_In, NULL != callback )' failed in 'src/hostapi/alsa/pa_linux_alsa.c', line: 2171
Expression 'PaAlsaStream_Initialize( stream, alsaHostApi, inputParameters, outputParameters, sampleRate, framesPerBuffer, callback, streamFlags, userData )' failed in 'src/hostapi/alsa/pa_linux_alsa.c', line: 2839
Expression 'ret' failed in 'src/hostapi/alsa/pa_linux_alsa.c', line: 1736
Expression 'AlsaOpen( &alsaApi->baseHostApiRep, params, streamDir, &self->pcm )' failed in 'src/hostapi/alsa/pa_linux_alsa.c', line: 1904
Expression 'PaAlsaStreamComponent_Initialize( &self->capture, alsaApi, inParams, StreamDirection_In, NULL != callback )' failed in 'src/hostapi/alsa/pa_linux_alsa.c', line: 2171
Expression 'PaAlsaStream_Initialize( stream, alsaHostApi, inputParameters, outputParameters, sampleRate, framesPerBuffer, callback, streamFlags, userData )' failed in 'src/hostapi/alsa/pa_linux_alsa.c', line: 2839
Expression 'ret' failed in 'src/hostapi/alsa/pa_linux_alsa.c', line: 1736
Expression 'AlsaOpen( &alsaApi->baseHostApiRep, params, streamDir, &self->pcm )' failed in 'src/hostapi/alsa/pa_linux_alsa.c', line: 1904
Expression 'PaAlsaStreamComponent_Initialize( &self->capture, alsaApi, inParams, StreamDirection_In, NULL != callback )' failed in 'src/hostapi/alsa/pa_linux_alsa.c', line: 2171
Expression 'PaAlsaStream_Initialize( stream, alsaHostApi, inputParameters, outputParameters, sampleRate, framesPerBuffer, callback, streamFlags, userData )' failed in 'src/hostapi/alsa/pa_linux_alsa.c', line: 2839
Expression 'ret' failed in 'src/hostapi/alsa/pa_linux_alsa.c', line: 1736
Expression 'AlsaOpen( &alsaApi->baseHostApiRep, params, streamDir, &self->pcm )' failed in 'src/hostapi/alsa/pa_linux_alsa.c', line: 1904
Expression 'PaAlsaStreamComponent_Initialize( &self->capture, alsaApi, inParams, StreamDirection_In, NULL != callback )' failed in 'src/hostapi/alsa/pa_linux_alsa.c', line: 2171
Expression 'PaAlsaStream_Initialize( stream, alsaHostApi, inputParameters, outputParameters, sampleRate, framesPerBuffer, callback, streamFlags, userData )' failed in 'src/hostapi/alsa/pa_linux_alsa.c', line: 2839
Expression 'ret' failed in 'src/hostapi/alsa/pa_linux_alsa.c', line: 1736
Expression 'AlsaOpen( &alsaApi->baseHostApiRep, params, streamDir, &self->pcm )' failed in 'src/hostapi/alsa/pa_linux_alsa.c', line: 1904
Expression 'PaAlsaStreamComponent_Initialize( &self->capture, alsaApi, inParams, StreamDirection_In, NULL != callback )' failed in 'src/hostapi/alsa/pa_linux_alsa.c', line: 2171
Expression 'PaAlsaStream_Initialize( stream, alsaHostApi, inputParameters, outputParameters, sampleRate, framesPerBuffer, callback, streamFlags, userData )' failed in 'src/hostapi/alsa/pa_linux_alsa.c', line: 2839
Expression 'ret' failed in 'src/hostapi/alsa/pa_linux_alsa.c', line: 1736
Expression 'AlsaOpen( &alsaApi->baseHostApiRep, params, streamDir, &self->pcm )' failed in 'src/hostapi/alsa/pa_linux_alsa.c', line: 1904
Expression 'PaAlsaStreamComponent_Initialize( &self->capture, alsaApi, inParams, StreamDirection_In, NULL != callback )' failed in 'src/hostapi/alsa/pa_linux_alsa.c', line: 2171
Expression 'PaAlsaStream_Initialize( stream, alsaHostApi, inputParameters, outputParameters, sampleRate, framesPerBuffer, callback, streamFlags, userData )' failed in 'src/hostapi/alsa/pa_linux_alsa.c', line: 2839
Expression 'ret' failed in 'src/hostapi/alsa/pa_linux_alsa.c', line: 1736
Expression 'AlsaOpen( &alsaApi->baseHostApiRep, params, streamDir, &self->pcm )' failed in 'src/hostapi/alsa/pa_linux_alsa.c', line: 1904
Expression 'PaAlsaStreamComponent_Initialize( &self->capture, alsaApi, inParams, StreamDirection_In, NULL != callback )' failed in 'src/hostapi/alsa/pa_linux_alsa.c', line: 2171
Expression 'PaAlsaStream_Initialize( stream, alsaHostApi, inputParameters, outputParameters, sampleRate, framesPerBuffer, callback, streamFlags, userData )' failed in 'src/hostapi/alsa/pa_linux_alsa.c', line: 2839
Expression 'ret' failed in 'src/hostapi/alsa/pa_linux_alsa.c', line: 1736
Expression 'AlsaOpen( &alsaApi->baseHostApiRep, params, streamDir, &self->pcm )' failed in 'src/hostapi/alsa/pa_linux_alsa.c', line: 1904
Expression 'PaAlsaStreamComponent_Initialize( &self->capture, alsaApi, inParams, StreamDirection_In, NULL != callback )' failed in 'src/hostapi/alsa/pa_linux_alsa.c', line: 2171
Expression 'PaAlsaStream_Initialize( stream, alsaHostApi, inputParameters, outputParameters, sampleRate, framesPerBuffer, callback, streamFlags, userData )' failed in 'src/hostapi/alsa/pa_linux_alsa.c', line: 2839
Expression 'ret' failed in 'src/hostapi/alsa/pa_linux_alsa.c', line: 1736
Expression 'AlsaOpen( &alsaApi->baseHostApiRep, params, streamDir, &self->pcm )' failed in 'src/hostapi/alsa/pa_linux_alsa.c', line: 1904
Expression 'PaAlsaStreamComponent_Initialize( &self->capture, alsaApi, inParams, StreamDirection_In, NULL != callback )' failed in 'src/hostapi/alsa/pa_linux_alsa.c', line: 2171
Expression 'PaAlsaStream_Initialize( stream, alsaHostApi, inputParameters, outputParameters, sampleRate, framesPerBuffer, callback, streamFlags, userData )' failed in 'src/hostapi/alsa/pa_linux_alsa.c', line: 2839
Expression 'ret' failed in 'src/hostapi/alsa/pa_linux_alsa.c', line: 1736
Expression 'AlsaOpen( &alsaApi->baseHostApiRep, params, streamDir, &self->pcm )' failed in 'src/hostapi/alsa/pa_linux_alsa.c', line: 1904
Expression 'PaAlsaStreamComponent_Initialize( &self->capture, alsaApi, inParams, StreamDirection_In, NULL != callback )' failed in 'src/hostapi/alsa/pa_linux_alsa.c', line: 2171
Expression 'PaAlsaStream_Initialize( stream, alsaHostApi, inputParameters, outputParameters, sampleRate, framesPerBuffer, callback, streamFlags, userData )' failed in 'src/hostapi/alsa/pa_linux_alsa.c', line: 2839
Expression 'ret' failed in 'src/hostapi/alsa/pa_linux_alsa.c', line: 1736
Expression 'AlsaOpen( &alsaApi->baseHostApiRep, params, streamDir, &self->pcm )' failed in 'src/hostapi/alsa/pa_linux_alsa.c', line: 1904
Expression 'PaAlsaStreamComponent_Initialize( &self->capture, alsaApi, inParams, StreamDirection_In, NULL != callback )' failed in 'src/hostapi/alsa/pa_linux_alsa.c', line: 2171
Expression 'PaAlsaStream_Initialize( stream, alsaHostApi, inputParameters, outputParameters, sampleRate, framesPerBuffer, callback, streamFlags, userData )' failed in 'src/hostapi/alsa/pa_linux_alsa.c', line: 2839
Expression 'ret' failed in 'src/hostapi/alsa/pa_linux_alsa.c', line: 1736
Expression 'AlsaOpen( &alsaApi->baseHostApiRep, params, streamDir, &self->pcm )' failed in 'src/hostapi/alsa/pa_linux_alsa.c', line: 1904
Expression 'PaAlsaStreamComponent_Initialize( &self->capture, alsaApi, inParams, StreamDirection_In, NULL != callback )' failed in 'src/hostapi/alsa/pa_linux_alsa.c', line: 2171
Expression 'PaAlsaStream_Initialize( stream, alsaHostApi, inputParameters, outputParameters, sampleRate, framesPerBuffer, callback, streamFlags, userData )' failed in 'src/hostapi/alsa/pa_linux_alsa.c', line: 2839
Expression 'ret' failed in 'src/hostapi/alsa/pa_linux_alsa.c', line: 1736
Expression 'AlsaOpen( &alsaApi->baseHostApiRep, params, streamDir, &self->pcm )' failed in 'src/hostapi/alsa/pa_linux_alsa.c', line: 1904
Expression 'PaAlsaStreamComponent_Initialize( &self->capture, alsaApi, inParams, StreamDirection_In, NULL != callback )' failed in 'src/hostapi/alsa/pa_linux_alsa.c', line: 2171
Expression 'PaAlsaStream_Initialize( stream, alsaHostApi, inputParameters, outputParameters, sampleRate, framesPerBuffer, callback, streamFlags, userData )' failed in 'src/hostapi/alsa/pa_linux_alsa.c', line: 2839
Expression 'ret' failed in 'src/hostapi/alsa/pa_linux_alsa.c', line: 1736
Expression 'AlsaOpen( &alsaApi->baseHostApiRep, params, streamDir, &self->pcm )' failed in 'src/hostapi/alsa/pa_linux_alsa.c', line: 1904
Expression 'PaAlsaStreamComponent_Initialize( &self->capture, alsaApi, inParams, StreamDirection_In, NULL != callback )' failed in 'src/hostapi/alsa/pa_linux_alsa.c', line: 2171
Expression 'PaAlsaStream_Initialize( stream, alsaHostApi, inputParameters, outputParameters, sampleRate, framesPerBuffer, callback, streamFlags, userData )' failed in 'src/hostapi/alsa/pa_linux_alsa.c', line: 2839
Expression 'ret' failed in 'src/hostapi/alsa/pa_linux_alsa.c', line: 1736
Expression 'AlsaOpen( &alsaApi->baseHostApiRep, params, streamDir, &self->pcm )' failed in 'src/hostapi/alsa/pa_linux_alsa.c', line: 1904
Expression 'PaAlsaStreamComponent_Initialize( &self->capture, alsaApi, inParams, StreamDirection_In, NULL != callback )' failed in 'src/hostapi/alsa/pa_linux_alsa.c', line: 2171
Expression 'PaAlsaStream_Initialize( stream, alsaHostApi, inputParameters, outputParameters, sampleRate, framesPerBuffer, callback, streamFlags, userData )' failed in 'src/hostapi/alsa/pa_linux_alsa.c', line: 2839
Expression 'ret' failed in 'src/hostapi/alsa/pa_linux_alsa.c', line: 1736
Expression 'AlsaOpen( &alsaApi->baseHostApiRep, params, streamDir, &self->pcm )' failed in 'src/hostapi/alsa/pa_linux_alsa.c', line: 1904
Expression 'PaAlsaStreamComponent_Initialize( &self->capture, alsaApi, inParams, StreamDirection_In, NULL != callback )' failed in 'src/hostapi/alsa/pa_linux_alsa.c', line: 2171
Expression 'PaAlsaStream_Initialize( stream, alsaHostApi, inputParameters, outputParameters, sampleRate, framesPerBuffer, callback, streamFlags, userData )' failed in 'src/hostapi/alsa/pa_linux_alsa.c', line: 2839
[Errno -9985] Device unavailable
❌ Mic open error: [Errno -9985] Device unavailable
❌ Mic open error: [Errno -9985] Device unavailable
❌ Mic open error: [Errno -9985] Device unavailable
❌ Mic open error: [Errno -9985] Device unavailable
❌ Mic open error: [Errno -9985] Device unavailable
❌ Mic open error: [Errno -9985] Device unavailable
❌ Mic open error: [Errno -9985] Device unavailable
❌ Mic open error: [Errno -9985] Device unavailable
❌ Mic open error: [Errno -9985] Device unavailable
❌ Mic open error: [Errno -9985] Device unavailable
❌ Mic open error: [Errno -9985] Device unavailable
❌ Mic open error: [Errno -9985] Device unavailable
❌ Mic open error: [Errno -9985] Device unavailable
❌ Mic open error: [Errno -9985] Device unavailable
❌ Mic open error: [Errno -9985] Device unavailable
❌ Mic open error: [Errno -9985] Device unavailable
❌ Mic open error: [Errno -9985] Device unavailable
❌ Mic open error: [Errno -9985] Device unavailable
❌ Mic open error: [Errno -9985] Device unavailable
❌ Mic open error: [Errno -9985] Device unavailable
❌ Mic open error: [Errno -9985] Device unavailable
❌ Mic open error: [Errno -9985] Device unavailable
❌ Mic open error: [Errno -9985] Device unavailable
❌ Mic open error: [Errno -9985] Device unavailable
❌ Mic open error: [Errno -9985] Device unavailable
❌ Mic open error: [Errno -9985] Device unavailable
❌ Mic open error: [Errno -9985] Device unavailable
❌ Mic open error: [Errno -9985] Device unavailable
❌ Mic open error: [Errno -9985] Device unavailable
❌ Mic open error: [Errno -9985] Device unavailable
❌ Mic open error: [Errno -9985] Device unavailable
❌ Mic open error: [Errno -9985] Device unavailable
❌ Mic open error: [Errno -9985] Device unavailable
❌ Mic open error: [Errno -9985] Device unavailable
❌ Mic open error: [Errno -9985] Device unavailable
❌ Mic open error: [Errno -9985] Device unavailable
❌ Mic open error: [Errno -9985] Device unavailable
❌ Mic open error: [Errno -9985] Device unavailable
❌ Mic open error: [Errno -9985] Device unavailable
❌ Mic open error: [Errno -9985] Device unavailable
🎙️ Voice detected (RMS~0.018)
📝 Transcribing audio…
🗣️ You said: Can you still hear me?
🤖 Generating AI response…
🧠 AI: Yes, I can hear you.
🔊 Playing audio…
🎚️ Played via default
❌ Mic open error: [Errno -9985] Device unavailable
❌ Mic open error: [Errno -9985] Device unavailable
❌ Mic open error: [Errno -9985] Device unavailable
❌ Mic open error: [Errno -9985] Device unavailable
❌ Mic open error: [Errno -9985] Device unavailable
❌ Mic open error: [Errno -9985] Device unavailable
❌ Mic open error: [Errno -9985] Device unavailable
❌ Mic open error: [Errno -9985] Device unavailable
❌ Mic open error: [Errno -9985] Device unavailable
❌ Mic open error: [Errno -9985] Device unavailable
❌ Mic open error: [Errno -9985] Device unavailable
❌ Mic open error: [Errno -9985] Device unavailable
❌ Mic open error: [Errno -9985] Device unavailable
❌ Mic open error: [Errno -9985] Device unavailable
❌ Mic open error: [Errno -9985] Device unavailable
❌ Mic open error: [Errno -9985] Device unavailable
❌ Mic open error: [Errno -9985] Device unavailable
❌ Mic open error: [Errno -9985] Device unavailable
❌ Mic open error: [Errno -9985] Device unavailable
❌ Mic open error: [Errno -9985] Device unavailable
❌ Mic open error: [Errno -9985] Device unavailable
❌ Mic open error: [Errno -9985] Device unavailable
❌ Mic open error: [Errno -9985] Device unavailable
❌ Mic open error: [Errno -9985] Device unavailable
❌ Mic open error: [Errno -9985] Device unavailable
❌ Mic open error: [Errno -9985] Device unavailable
❌ Mic open error: [Errno -9985] Device unavailable
❌ Mic open error: [Errno -9985] Device unavailable
❌ Mic open error: [Errno -9985] Device unavailable
❌ Mic open error: [Errno -9985] Device unavailable
❌ Mic open error: [Errno -9985] Device unavailable
❌ Mic open error: [Errno -9985] Device unavailable
❌ Mic open error: [Errno -9985] Device unavailable
❌ Mic open error: [Errno -9985] Device unavailable
🎙️ Voice detected (RMS~0.018)
📝 Transcribing audio…
❌ Mic open error: [Errno -9985] Device unavailable
❌ Mic open error: [Errno -9985] Device unavailable
❌ Mic open error: [Errno -9985] Device unavailable
❌ Mic open error: [Errno -9985] Device unavailable
❌ Mic open error: [Errno -9985] Device unavailable
❌ Mic open error: [Errno -9985] Device unavailable
❌ Mic open error: [Errno -9985] Device unavailable
❌ Mic open error: [Errno -9985] Device unavailable
❌ Mic open error: [Errno -9985] Device unavailable
❌ Mic open error: [Errno -9985] Device unavailable
❌ Mic open error: [Errno -9985] Device unavailable
❌ Mic open error: [Errno -9985] Device unavailable
❌ Mic open error: [Errno -9985] Device unavailable
❌ Mic open error: [Errno -9985] Device unavailable
❌ Mic open error: [Errno -9985] Device unavailable
❌ Mic open error: [Errno -9985] Device unavailable
❌ Mic open error: [Errno -9985] Device unavailable
❌ Mic open error: [Errno -9985] Device unavailable
❌ Mic open error: [Errno -9985] Device unavailable
❌ Mic open error: [Errno -9985] Device unavailable
❌ Mic open error: [Errno -9985] Device unavailable
❌ Mic open error: [Errno -9985] Device unavailable
❌ Mic open error: [Errno -9985] Device unavailable
❌ Mic open error: [Errno -9985] Device unavailable
❌ Mic open error: [Errno -9985] Device unavailable
❌ Mic open error: [Errno -9985] Device unavailable
❌ Mic open error: [Errno -9985] Device unavailable
❌ Mic open error: [Errno -9985] Device unavailable
❌ Mic open error: [Errno -9985] Device unavailable
❌ Mic open error: [Errno -9985] Device unavailable
❌ Mic open error: [Errno -9985] Device unavailable
❌ Mic open error: [Errno -9985] Device unavailable
❌ Mic open error: [Errno -9985] Device unavailable
❌ Mic open error: [Errno -9985] Device unavailable
❌ Mic open error: [Errno -9985] Device unavailable
❌ Mic open error: [Errno -9985] Device unavailable
❌ Mic open error: [Errno -9985] Device unavailable
❌ Mic open error: [Errno -9985] Device unavailable
❌ Mic open error: [Errno -9985] Device unavailable
❌ Mic open error: [Errno -9985] Device unavailable
❌ Mic open error: [Errno -9985] Device unavailable
❌ Mic open error: [Errno -9985] Device unavailable
❌ Mic open error: [Errno -9985] Device unavailable
❌ Mic open error: [Errno -9985] Device unavailable
❌ Mic open error: [Errno -9985] Device unavailable
❌ Mic open error: [Errno -9985] Device unavailable
❌ Mic open error: [Errno -9985] Device unavailable
❌ Mic open error: [Errno -9985] Device unavailable
❌ Mic open error: [Errno -9985] Device unavailable
❌ Mic open error: [Errno -9985] Device unavailable
❌ Mic open error: [Errno -9985] Device unavailable
❌ Mic open error: [Errno -9985] Device unavailable
❌ Mic open error: [Errno -9985] Device unavailable
❌ Mic open error: [Errno -9985] Device unavailable
❌ Mic open error: [Errno -9985] Device unavailable
❌ Mic open error: [Errno -9985] Device unavailable
❌ Mic open error: [Errno -9985] Device unavailable
❌ Mic open error: [Errno -9985] Device unavailable
❌ Mic open error: [Errno -9985] Device unavailable
❌ Mic open error: [Errno -9985] Device unavailable
❌ Mic open error: [Errno -9985] Device unavailable
❌ Mic open error: [Errno -9985] Device unavailable
❌ Mic open error: [Errno -9985] Device unavailable
❌ Mic open error: [Errno -9985] Device unavailable
❌ Mic open error: [Errno -9985] Device unavailable
❌ Mic open error: [Errno -9985] Device unavailable
❌ Mic open error: [Errno -9985] Device unavailable
❌ Mic open error: [Errno -9985] Device unavailable
❌ Mic open error: [Errno -9985] Device unavailable
❌ Mic open error: [Errno -9985] Device unavailable
❌ Mic open error: [Errno -9985] Device unavailable
❌ Mic open error: [Errno -9985] Device unavailable
❌ Mic open error: [Errno -9985] Device unavailable
❌ Mic open error: [Errno -9985] Device unavailable
❌ Mic open error: Expression 'ret' failed in 'src/hostapi/alsa/pa_linux_alsa.c', line: 1736
Expression 'AlsaOpen( &alsaApi->baseHostApiRep, params, streamDir, &self->pcm )' failed in 'src/hostapi/alsa/pa_linux_alsa.c', line: 1904
Expression 'PaAlsaStreamComponent_Initialize( &self->capture, alsaApi, inParams, StreamDirection_In, NULL != callback )' failed in 'src/hostapi/alsa/pa_linux_alsa.c', line: 2171
Expression 'PaAlsaStream_Initialize( stream, alsaHostApi, inputParameters, outputParameters, sampleRate, framesPerBuffer, callback, streamFlags, userData )' failed in 'src/hostapi/alsa/pa_linux_alsa.c', line: 2839
Expression 'ret' failed in 'src/hostapi/alsa/pa_linux_alsa.c', line: 1736
Expression 'AlsaOpen( &alsaApi->baseHostApiRep, params, streamDir, &self->pcm )' failed in 'src/hostapi/alsa/pa_linux_alsa.c', line: 1904
Expression 'PaAlsaStreamComponent_Initialize( &self->capture, alsaApi, inParams, StreamDirection_In, NULL != callback )' failed in 'src/hostapi/alsa/pa_linux_alsa.c', line: 2171
Expression 'PaAlsaStream_Initialize( stream, alsaHostApi, inputParameters, outputParameters, sampleRate, framesPerBuffer, callback, streamFlags, userData )' failed in 'src/hostapi/alsa/pa_linux_alsa.c', line: 2839
Expression 'ret' failed in 'src/hostapi/alsa/pa_linux_alsa.c', line: 1736
Expression 'AlsaOpen( &alsaApi->baseHostApiRep, params, streamDir, &self->pcm )' failed in 'src/hostapi/alsa/pa_linux_alsa.c', line: 1904
Expression 'PaAlsaStreamComponent_Initialize( &self->capture, alsaApi, inParams, StreamDirection_In, NULL != callback )' failed in 'src/hostapi/alsa/pa_linux_alsa.c', line: 2171
Expression 'PaAlsaStream_Initialize( stream, alsaHostApi, inputParameters, outputParameters, sampleRate, framesPerBuffer, callback, streamFlags, userData )' failed in 'src/hostapi/alsa/pa_linux_alsa.c', line: 2839
Expression 'ret' failed in 'src/hostapi/alsa/pa_linux_alsa.c', line: 1736
Expression 'AlsaOpen( &alsaApi->baseHostApiRep, params, streamDir, &self->pcm )' failed in 'src/hostapi/alsa/pa_linux_alsa.c', line: 1904
Expression 'PaAlsaStreamComponent_Initialize( &self->capture, alsaApi, inParams, StreamDirection_In, NULL != callback )' failed in 'src/hostapi/alsa/pa_linux_alsa.c', line: 2171
Expression 'PaAlsaStream_Initialize( stream, alsaHostApi, inputParameters, outputParameters, sampleRate, framesPerBuffer, callback, streamFlags, userData )' failed in 'src/hostapi/alsa/pa_linux_alsa.c', line: 2839
Expression 'ret' failed in 'src/hostapi/alsa/pa_linux_alsa.c', line: 1736
Expression 'AlsaOpen( &alsaApi->baseHostApiRep, params, streamDir, &self->pcm )' failed in 'src/hostapi/alsa/pa_linux_alsa.c', line: 1904
Expression 'PaAlsaStreamComponent_Initialize( &self->capture, alsaApi, inParams, StreamDirection_In, NULL != callback )' failed in 'src/hostapi/alsa/pa_linux_alsa.c', line: 2171
Expression 'PaAlsaStream_Initialize( stream, alsaHostApi, inputParameters, outputParameters, sampleRate, framesPerBuffer, callback, streamFlags, userData )' failed in 'src/hostapi/alsa/pa_linux_alsa.c', line: 2839
Expression 'ret' failed in 'src/hostapi/alsa/pa_linux_alsa.c', line: 1736
Expression 'AlsaOpen( &alsaApi->baseHostApiRep, params, streamDir, &self->pcm )' failed in 'src/hostapi/alsa/pa_linux_alsa.c', line: 1904
Expression 'PaAlsaStreamComponent_Initialize( &self->capture, alsaApi, inParams, StreamDirection_In, NULL != callback )' failed in 'src/hostapi/alsa/pa_linux_alsa.c', line: 2171
Expression 'PaAlsaStream_Initialize( stream, alsaHostApi, inputParameters, outputParameters, sampleRate, framesPerBuffer, callback, streamFlags, userData )' failed in 'src/hostapi/alsa/pa_linux_alsa.c', line: 2839
Expression 'ret' failed in 'src/hostapi/alsa/pa_linux_alsa.c', line: 1736
Expression 'AlsaOpen( &alsaApi->baseHostApiRep, params, streamDir, &self->pcm )' failed in 'src/hostapi/alsa/pa_linux_alsa.c', line: 1904
Expression 'PaAlsaStreamComponent_Initialize( &self->capture, alsaApi, inParams, StreamDirection_In, NULL != callback )' failed in 'src/hostapi/alsa/pa_linux_alsa.c', line: 2171
Expression 'PaAlsaStream_Initialize( stream, alsaHostApi, inputParameters, outputParameters, sampleRate, framesPerBuffer, callback, streamFlags, userData )' failed in 'src/hostapi/alsa/pa_linux_alsa.c', line: 2839
Expression 'ret' failed in 'src/hostapi/alsa/pa_linux_alsa.c', line: 1736
Expression 'AlsaOpen( &alsaApi->baseHostApiRep, params, streamDir, &self->pcm )' failed in 'src/hostapi/alsa/pa_linux_alsa.c', line: 1904
Expression 'PaAlsaStreamComponent_Initialize( &self->capture, alsaApi, inParams, StreamDirection_In, NULL != callback )' failed in 'src/hostapi/alsa/pa_linux_alsa.c', line: 2171
Expression 'PaAlsaStream_Initialize( stream, alsaHostApi, inputParameters, outputParameters, sampleRate, framesPerBuffer, callback, streamFlags, userData )' failed in 'src/hostapi/alsa/pa_linux_alsa.c', line: 2839
Expression 'ret' failed in 'src/hostapi/alsa/pa_linux_alsa.c', line: 1736
Expression 'AlsaOpen( &alsaApi->baseHostApiRep, params, streamDir, &self->pcm )' failed in 'src/hostapi/alsa/pa_linux_alsa.c', line: 1904
Expression 'PaAlsaStreamComponent_Initialize( &self->capture, alsaApi, inParams, StreamDirection_In, NULL != callback )' failed in 'src/hostapi/alsa/pa_linux_alsa.c', line: 2171
Expression 'PaAlsaStream_Initialize( stream, alsaHostApi, inputParameters, outputParameters, sampleRate, framesPerBuffer, callback, streamFlags, userData )' failed in 'src/hostapi/alsa/pa_linux_alsa.c', line: 2839
Expression 'ret' failed in 'src/hostapi/alsa/pa_linux_alsa.c', line: 1736
Expression 'AlsaOpen( &alsaApi->baseHostApiRep, params, streamDir, &self->pcm )' failed in 'src/hostapi/alsa/pa_linux_alsa.c', line: 1904
Expression 'PaAlsaStreamComponent_Initialize( &self->capture, alsaApi, inParams, StreamDirection_In, NULL != callback )' failed in 'src/hostapi/alsa/pa_linux_alsa.c', line: 2171
Expression 'PaAlsaStream_Initialize( stream, alsaHostApi, inputParameters, outputParameters, sampleRate, framesPerBuffer, callback, streamFlags, userData )' failed in 'src/hostapi/alsa/pa_linux_alsa.c', line: 2839
Expression 'ret' failed in 'src/hostapi/alsa/pa_linux_alsa.c', line: 1736
Expression 'AlsaOpen( &alsaApi->baseHostApiRep, params, streamDir, &self->pcm )' failed in 'src/hostapi/alsa/pa_linux_alsa.c', line: 1904
Expression 'PaAlsaStreamComponent_Initialize( &self->capture, alsaApi, inParams, StreamDirection_In, NULL != callback )' failed in 'src/hostapi/alsa/pa_linux_alsa.c', line: 2171
Expression 'PaAlsaStream_Initialize( stream, alsaHostApi, inputParameters, outputParameters, sampleRate, framesPerBuffer, callback, streamFlags, userData )' failed in 'src/hostapi/alsa/pa_linux_alsa.c', line: 2839
Expression 'ret' failed in 'src/hostapi/alsa/pa_linux_alsa.c', line: 1736
Expression 'AlsaOpen( &alsaApi->baseHostApiRep, params, streamDir, &self->pcm )' failed in 'src/hostapi/alsa/pa_linux_alsa.c', line: 1904
Expression 'PaAlsaStreamComponent_Initialize( &self->capture, alsaApi, inParams, StreamDirection_In, NULL != callback )' failed in 'src/hostapi/alsa/pa_linux_alsa.c', line: 2171
Expression 'PaAlsaStream_Initialize( stream, alsaHostApi, inputParameters, outputParameters, sampleRate, framesPerBuffer, callback, streamFlags, userData )' failed in 'src/hostapi/alsa/pa_linux_alsa.c', line: 2839
Expression 'ret' failed in 'src/hostapi/alsa/pa_linux_alsa.c', line: 1736
Expression 'AlsaOpen( &alsaApi->baseHostApiRep, params, streamDir, &self->pcm )' failed in 'src/hostapi/alsa/pa_linux_alsa.c', line: 1904
Expression 'PaAlsaStreamComponent_Initialize( &self->capture, alsaApi, inParams, StreamDirection_In, NULL != callback )' failed in 'src/hostapi/alsa/pa_linux_alsa.c', line: 2171
Expression 'PaAlsaStream_Initialize( stream, alsaHostApi, inputParameters, outputParameters, sampleRate, framesPerBuffer, callback, streamFlags, userData )' failed in 'src/hostapi/alsa/pa_linux_alsa.c', line: 2839
Expression 'ret' failed in 'src/hostapi/alsa/pa_linux_alsa.c', line: 1736
Expression 'AlsaOpen( &alsaApi->baseHostApiRep, params, streamDir, &self->pcm )' failed in 'src/hostapi/alsa/pa_linux_alsa.c', line: 1904
Expression 'PaAlsaStreamComponent_Initialize( &self->capture, alsaApi, inParams, StreamDirection_In, NULL != callback )' failed in 'src/hostapi/alsa/pa_linux_alsa.c', line: 2171
Expression 'PaAlsaStream_Initialize( stream, alsaHostApi, inputParameters, outputParameters, sampleRate, framesPerBuffer, callback, streamFlags, userData )' failed in 'src/hostapi/alsa/pa_linux_alsa.c', line: 2839
Expression 'ret' failed in 'src/hostapi/alsa/pa_linux_alsa.c', line: 1736
Expression 'AlsaOpen( &alsaApi->baseHostApiRep, params, streamDir, &self->pcm )' failed in 'src/hostapi/alsa/pa_linux_alsa.c', line: 1904
Expression 'PaAlsaStreamComponent_Initialize( &self->capture, alsaApi, inParams, StreamDirection_In, NULL != callback )' failed in 'src/hostapi/alsa/pa_linux_alsa.c', line: 2171
Expression 'PaAlsaStream_Initialize( stream, alsaHostApi, inputParameters, outputParameters, sampleRate, framesPerBuffer, callback, streamFlags, userData )' failed in 'src/hostapi/alsa/pa_linux_alsa.c', line: 2839
Expression 'ret' failed in 'src/hostapi/alsa/pa_linux_alsa.c', line: 1736
Expression 'AlsaOpen( &alsaApi->baseHostApiRep, params, streamDir, &self->pcm )' failed in 'src/hostapi/alsa/pa_linux_alsa.c', line: 1904
Expression 'PaAlsaStreamComponent_Initialize( &self->capture, alsaApi, inParams, StreamDirection_In, NULL != callback )' failed in 'src/hostapi/alsa/pa_linux_alsa.c', line: 2171
Expression 'PaAlsaStream_Initialize( stream, alsaHostApi, inputParameters, outputParameters, sampleRate, framesPerBuffer, callback, streamFlags, userData )' failed in 'src/hostapi/alsa/pa_linux_alsa.c', line: 2839
Expression 'ret' failed in 'src/hostapi/alsa/pa_linux_alsa.c', line: 1736
Expression 'AlsaOpen( &alsaApi->baseHostApiRep, params, streamDir, &self->pcm )' failed in 'src/hostapi/alsa/pa_linux_alsa.c', line: 1904
Expression 'PaAlsaStreamComponent_Initialize( &self->capture, alsaApi, inParams, StreamDirection_In, NULL != callback )' failed in 'src/hostapi/alsa/pa_linux_alsa.c', line: 2171
Expression 'PaAlsaStream_Initialize( stream, alsaHostApi, inputParameters, outputParameters, sampleRate, framesPerBuffer, callback, streamFlags, userData )' failed in 'src/hostapi/alsa/pa_linux_alsa.c', line: 2839
Expression 'ret' failed in 'src/hostapi/alsa/pa_linux_alsa.c', line: 1736
Expression 'AlsaOpen( &alsaApi->baseHostApiRep, params, streamDir, &self->pcm )' failed in 'src/hostapi/alsa/pa_linux_alsa.c', line: 1904
Expression 'PaAlsaStreamComponent_Initialize( &self->capture, alsaApi, inParams, StreamDirection_In, NULL != callback )' failed in 'src/hostapi/alsa/pa_linux_alsa.c', line: 2171
Expression 'PaAlsaStream_Initialize( stream, alsaHostApi, inputParameters, outputParameters, sampleRate, framesPerBuffer, callback, streamFlags, userData )' failed in 'src/hostapi/alsa/pa_linux_alsa.c', line: 2839
Expression 'ret' failed in 'src/hostapi/alsa/pa_linux_alsa.c', line: 1736
Expression 'AlsaOpen( &alsaApi->baseHostApiRep, params, streamDir, &self->pcm )' failed in 'src/hostapi/alsa/pa_linux_alsa.c', line: 1904
Expression 'PaAlsaStreamComponent_Initialize( &self->capture, alsaApi, inParams, StreamDirection_In, NULL != callback )' failed in 'src/hostapi/alsa/pa_linux_alsa.c', line: 2171
Expression 'PaAlsaStream_Initialize( stream, alsaHostApi, inputParameters, outputParameters, sampleRate, framesPerBuffer, callback, streamFlags, userData )' failed in 'src/hostapi/alsa/pa_linux_alsa.c', line: 2839
Expression 'ret' failed in 'src/hostapi/alsa/pa_linux_alsa.c', line: 1736
Expression 'AlsaOpen( &alsaApi->baseHostApiRep, params, streamDir, &self->pcm )' failed in 'src/hostapi/alsa/pa_linux_alsa.c', line: 1904
Expression 'PaAlsaStreamComponent_Initialize( &self->capture, alsaApi, inParams, StreamDirection_In, NULL != callback )' failed in 'src/hostapi/alsa/pa_linux_alsa.c', line: 2171
Expression 'PaAlsaStream_Initialize( stream, alsaHostApi, inputParameters, outputParameters, sampleRate, framesPerBuffer, callback, streamFlags, userData )' failed in 'src/hostapi/alsa/pa_linux_alsa.c', line: 2839
Expression 'ret' failed in 'src/hostapi/alsa/pa_linux_alsa.c', line: 1736
Expression 'AlsaOpen( &alsaApi->baseHostApiRep, params, streamDir, &self->pcm )' failed in 'src/hostapi/alsa/pa_linux_alsa.c', line: 1904
Expression 'PaAlsaStreamComponent_Initialize( &self->capture, alsaApi, inParams, StreamDirection_In, NULL != callback )' failed in 'src/hostapi/alsa/pa_linux_alsa.c', line: 2171
Expression 'PaAlsaStream_Initialize( stream, alsaHostApi, inputParameters, outputParameters, sampleRate, framesPerBuffer, callback, streamFlags, userData )' failed in 'src/hostapi/alsa/pa_linux_alsa.c', line: 2839
Expression 'ret' failed in 'src/hostapi/alsa/pa_linux_alsa.c', line: 1736
Expression 'AlsaOpen( &alsaApi->baseHostApiRep, params, streamDir, &self->pcm )' failed in 'src/hostapi/alsa/pa_linux_alsa.c', line: 1904
Expression 'PaAlsaStreamComponent_Initialize( &self->capture, alsaApi, inParams, StreamDirection_In, NULL != callback )' failed in 'src/hostapi/alsa/pa_linux_alsa.c', line: 2171
Expression 'PaAlsaStream_Initialize( stream, alsaHostApi, inputParameters, outputParameters, sampleRate, framesPerBuffer, callback, streamFlags, userData )' failed in 'src/hostapi/alsa/pa_linux_alsa.c', line: 2839
Expression 'ret' failed in 'src/hostapi/alsa/pa_linux_alsa.c', line: 1736
Expression 'AlsaOpen( &alsaApi->baseHostApiRep, params, streamDir, &self->pcm )' failed in 'src/hostapi/alsa/pa_linux_alsa.c', line: 1904
Expression 'PaAlsaStreamComponent_Initialize( &self->capture, alsaApi, inParams, StreamDirection_In, NULL != callback )' failed in 'src/hostapi/alsa/pa_linux_alsa.c', line: 2171
Expression 'PaAlsaStream_Initialize( stream, alsaHostApi, inputParameters, outputParameters, sampleRate, framesPerBuffer, callback, streamFlags, userData )' failed in 'src/hostapi/alsa/pa_linux_alsa.c', line: 2839
Expression 'ret' failed in 'src/hostapi/alsa/pa_linux_alsa.c', line: 1736
Expression 'AlsaOpen( &alsaApi->baseHostApiRep, params, streamDir, &self->pcm )' failed in 'src/hostapi/alsa/pa_linux_alsa.c', line: 1904
Expression 'PaAlsaStreamComponent_Initialize( &self->capture, alsaApi, inParams, StreamDirection_In, NULL != callback )' failed in 'src/hostapi/alsa/pa_linux_alsa.c', line: 2171
Expression 'PaAlsaStream_Initialize( stream, alsaHostApi, inputParameters, outputParameters, sampleRate, framesPerBuffer, callback, streamFlags, userData )' failed in 'src/hostapi/alsa/pa_linux_alsa.c', line: 2839
Expression 'ret' failed in 'src/hostapi/alsa/pa_linux_alsa.c', line: 1736
Expression 'AlsaOpen( &alsaApi->baseHostApiRep, params, streamDir, &self->pcm )' failed in 'src/hostapi/alsa/pa_linux_alsa.c', line: 1904
Expression 'PaAlsaStreamComponent_Initialize( &self->capture, alsaApi, inParams, StreamDirection_In, NULL != callback )' failed in 'src/hostapi/alsa/pa_linux_alsa.c', line: 2171
Expression 'PaAlsaStream_Initialize( stream, alsaHostApi, inputParameters, outputParameters, sampleRate, framesPerBuffer, callback, streamFlags, userData )' failed in 'src/hostapi/alsa/pa_linux_alsa.c', line: 2839
Expression 'ret' failed in 'src/hostapi/alsa/pa_linux_alsa.c', line: 1736
Expression 'AlsaOpen( &alsaApi->baseHostApiRep, params, streamDir, &self->pcm )' failed in 'src/hostapi/alsa/pa_linux_alsa.c', line: 1904
Expression 'PaAlsaStreamComponent_Initialize( &self->capture, alsaApi, inParams, StreamDirection_In, NULL != callback )' failed in 'src/hostapi/alsa/pa_linux_alsa.c', line: 2171
Expression 'PaAlsaStream_Initialize( stream, alsaHostApi, inputParameters, outputParameters, sampleRate, framesPerBuffer, callback, streamFlags, userData )' failed in 'src/hostapi/alsa/pa_linux_alsa.c', line: 2839
Expression 'ret' failed in 'src/hostapi/alsa/pa_linux_alsa.c', line: 1736
Expression 'AlsaOpen( &alsaApi->baseHostApiRep, params, streamDir, &self->pcm )' failed in 'src/hostapi/alsa/pa_linux_alsa.c', line: 1904
Expression 'PaAlsaStreamComponent_Initialize( &self->capture, alsaApi, inParams, StreamDirection_In, NULL != callback )' failed in 'src/hostapi/alsa/pa_linux_alsa.c', line: 2171
Expression 'PaAlsaStream_Initialize( stream, alsaHostApi, inputParameters, outputParameters, sampleRate, framesPerBuffer, callback, streamFlags, userData )' failed in 'src/hostapi/alsa/pa_linux_alsa.c', line: 2839
Expression 'ret' failed in 'src/hostapi/alsa/pa_linux_alsa.c', line: 1736
Expression 'AlsaOpen( &alsaApi->baseHostApiRep, params, streamDir, &self->pcm )' failed in 'src/hostapi/alsa/pa_linux_alsa.c', line: 1904
Expression 'PaAlsaStreamComponent_Initialize( &self->capture, alsaApi, inParams, StreamDirection_In, NULL != callback )' failed in 'src/hostapi/alsa/pa_linux_alsa.c', line: 2171
Expression 'PaAlsaStream_Initialize( stream, alsaHostApi, inputParameters, outputParameters, sampleRate, framesPerBuffer, callback, streamFlags, userData )' failed in 'src/hostapi/alsa/pa_linux_alsa.c', line: 2839
Expression 'ret' failed in 'src/hostapi/alsa/pa_linux_alsa.c', line: 1736
Expression 'AlsaOpen( &alsaApi->baseHostApiRep, params, streamDir, &self->pcm )' failed in 'src/hostapi/alsa/pa_linux_alsa.c', line: 1904
Expression 'PaAlsaStreamComponent_Initialize( &self->capture, alsaApi, inParams, StreamDirection_In, NULL != callback )' failed in 'src/hostapi/alsa/pa_linux_alsa.c', line: 2171
Expression 'PaAlsaStream_Initialize( stream, alsaHostApi, inputParameters, outputParameters, sampleRate, framesPerBuffer, callback, streamFlags, userData )' failed in 'src/hostapi/alsa/pa_linux_alsa.c', line: 2839
Expression 'ret' failed in 'src/hostapi/alsa/pa_linux_alsa.c', line: 1736
Expression 'AlsaOpen( &alsaApi->baseHostApiRep, params, streamDir, &self->pcm )' failed in 'src/hostapi/alsa/pa_linux_alsa.c', line: 1904
Expression 'PaAlsaStreamComponent_Initialize( &self->capture, alsaApi, inParams, StreamDirection_In, NULL != callback )' failed in 'src/hostapi/alsa/pa_linux_alsa.c', line: 2171
Expression 'PaAlsaStream_Initialize( stream, alsaHostApi, inputParameters, outputParameters, sampleRate, framesPerBuffer, callback, streamFlags, userData )' failed in 'src/hostapi/alsa/pa_linux_alsa.c', line: 2839
Expression 'ret' failed in 'src/hostapi/alsa/pa_linux_alsa.c', line: 1736
Expression 'AlsaOpen( &alsaApi->baseHostApiRep, params, streamDir, &self->pcm )' failed in 'src/hostapi/alsa/pa_linux_alsa.c', line: 1904
Expression 'PaAlsaStreamComponent_Initialize( &self->capture, alsaApi, inParams, StreamDirection_In, NULL != callback )' failed in 'src/hostapi/alsa/pa_linux_alsa.c', line: 2171
Expression 'PaAlsaStream_Initialize( stream, alsaHostApi, inputParameters, outputParameters, sampleRate, framesPerBuffer, callback, streamFlags, userData )' failed in 'src/hostapi/alsa/pa_linux_alsa.c', line: 2839
Expression 'ret' failed in 'src/hostapi/alsa/pa_linux_alsa.c', line: 1736
Expression 'AlsaOpen( &alsaApi->baseHostApiRep, params, streamDir, &self->pcm )' failed in 'src/hostapi/alsa/pa_linux_alsa.c', line: 1904
Expression 'PaAlsaStreamComponent_Initialize( &self->capture, alsaApi, inParams, StreamDirection_In, NULL != callback )' failed in 'src/hostapi/alsa/pa_linux_alsa.c', line: 2171
Expression 'PaAlsaStream_Initialize( stream, alsaHostApi, inputParameters, outputParameters, sampleRate, framesPerBuffer, callback, streamFlags, userData )' failed in 'src/hostapi/alsa/pa_linux_alsa.c', line: 2839
Expression 'ret' failed in 'src/hostapi/alsa/pa_linux_alsa.c', line: 1736
Expression 'AlsaOpen( &alsaApi->baseHostApiRep, params, streamDir, &self->pcm )' failed in 'src/hostapi/alsa/pa_linux_alsa.c', line: 1904
Expression 'PaAlsaStreamComponent_Initialize( &self->capture, alsaApi, inParams, StreamDirection_In, NULL != callback )' failed in 'src/hostapi/alsa/pa_linux_alsa.c', line: 2171
Expression 'PaAlsaStream_Initialize( stream, alsaHostApi, inputParameters, outputParameters, sampleRate, framesPerBuffer, callback, streamFlags, userData )' failed in 'src/hostapi/alsa/pa_linux_alsa.c', line: 2839
Expression 'ret' failed in 'src/hostapi/alsa/pa_linux_alsa.c', line: 1736
Expression 'AlsaOpen( &alsaApi->baseHostApiRep, params, streamDir, &self->pcm )' failed in 'src/hostapi/alsa/pa_linux_alsa.c', line: 1904
Expression 'PaAlsaStreamComponent_Initialize( &self->capture, alsaApi, inParams, StreamDirection_In, NULL != callback )' failed in 'src/hostapi/alsa/pa_linux_alsa.c', line: 2171
Expression 'PaAlsaStream_Initialize( stream, alsaHostApi, inputParameters, outputParameters, sampleRate, framesPerBuffer, callback, streamFlags, userData )' failed in 'src/hostapi/alsa/pa_linux_alsa.c', line: 2839
Expression 'ret' failed in 'src/hostapi/alsa/pa_linux_alsa.c', line: 1736
Expression 'AlsaOpen( &alsaApi->baseHostApiRep, params, streamDir, &self->pcm )' failed in 'src/hostapi/alsa/pa_linux_alsa.c', line: 1904
Expression 'PaAlsaStreamComponent_Initialize( &self->capture, alsaApi, inParams, StreamDirection_In, NULL != callback )' failed in 'src/hostapi/alsa/pa_linux_alsa.c', line: 2171
Expression 'PaAlsaStream_Initialize( stream, alsaHostApi, inputParameters, outputParameters, sampleRate, framesPerBuffer, callback, streamFlags, userData )' failed in 'src/hostapi/alsa/pa_linux_alsa.c', line: 2839
Expression 'ret' failed in 'src/hostapi/alsa/pa_linux_alsa.c', line: 1736
Expression 'AlsaOpen( &alsaApi->baseHostApiRep, params, streamDir, &self->pcm )' failed in 'src/hostapi/alsa/pa_linux_alsa.c', line: 1904
Expression 'PaAlsaStreamComponent_Initialize( &self->capture, alsaApi, inParams, StreamDirection_In, NULL != callback )' failed in 'src/hostapi/alsa/pa_linux_alsa.c', line: 2171
Expression 'PaAlsaStream_Initialize( stream, alsaHostApi, inputParameters, outputParameters, sampleRate, framesPerBuffer, callback, streamFlags, userData )' failed in 'src/hostapi/alsa/pa_linux_alsa.c', line: 2839
Expression 'ret' failed in 'src/hostapi/alsa/pa_linux_alsa.c', line: 1736
Expression 'AlsaOpen( &alsaApi->baseHostApiRep, params, streamDir, &self->pcm )' failed in 'src/hostapi/alsa/pa_linux_alsa.c', line: 1904
Expression 'PaAlsaStreamComponent_Initialize( &self->capture, alsaApi, inParams, StreamDirection_In, NULL != callback )' failed in 'src/hostapi/alsa/pa_linux_alsa.c', line: 2171
Expression 'PaAlsaStream_Initialize( stream, alsaHostApi, inputParameters, outputParameters, sampleRate, framesPerBuffer, callback, streamFlags, userData )' failed in 'src/hostapi/alsa/pa_linux_alsa.c', line: 2839
Expression 'ret' failed in 'src/hostapi/alsa/pa_linux_alsa.c', line: 1736
Expression 'AlsaOpen( &alsaApi->baseHostApiRep, params, streamDir, &self->pcm )' failed in 'src/hostapi/alsa/pa_linux_alsa.c', line: 1904
Expression 'PaAlsaStreamComponent_Initialize( &self->capture, alsaApi, inParams, StreamDirection_In, NULL != callback )' failed in 'src/hostapi/alsa/pa_linux_alsa.c', line: 2171
Expression 'PaAlsaStream_Initialize( stream, alsaHostApi, inputParameters, outputParameters, sampleRate, framesPerBuffer, callback, streamFlags, userData )' failed in 'src/hostapi/alsa/pa_linux_alsa.c', line: 2839
Expression 'ret' failed in 'src/hostapi/alsa/pa_linux_alsa.c', line: 1736
Expression 'AlsaOpen( &alsaApi->baseHostApiRep, params, streamDir, &self->pcm )' failed in 'src/hostapi/alsa/pa_linux_alsa.c', line: 1904
Expression 'PaAlsaStreamComponent_Initialize( &self->capture, alsaApi, inParams, StreamDirection_In, NULL != callback )' failed in 'src/hostapi/alsa/pa_linux_alsa.c', line: 2171
Expression 'PaAlsaStream_Initialize( stream, alsaHostApi, inputParameters, outputParameters, sampleRate, framesPerBuffer, callback, streamFlags, userData )' failed in 'src/hostapi/alsa/pa_linux_alsa.c', line: 2839
Expression 'ret' failed in 'src/hostapi/alsa/pa_linux_alsa.c', line: 1736
Expression 'AlsaOpen( &alsaApi->baseHostApiRep, params, streamDir, &self->pcm )' failed in 'src/hostapi/alsa/pa_linux_alsa.c', line: 1904
Expression 'PaAlsaStreamComponent_Initialize( &self->capture, alsaApi, inParams, StreamDirection_In, NULL != callback )' failed in 'src/hostapi/alsa/pa_linux_alsa.c', line: 2171
Expression 'PaAlsaStream_Initialize( stream, alsaHostApi, inputParameters, outputParameters, sampleRate, framesPerBuffer, callback, streamFlags, userData )' failed in 'src/hostapi/alsa/pa_linux_alsa.c', line: 2839
Expression 'ret' failed in 'src/hostapi/alsa/pa_linux_alsa.c', line: 1736
Expression 'AlsaOpen( &alsaApi->baseHostApiRep, params, streamDir, &self->pcm )' failed in 'src/hostapi/alsa/pa_linux_alsa.c', line: 1904
Expression 'PaAlsaStreamComponent_Initialize( &self->capture, alsaApi, inParams, StreamDirection_In, NULL != callback )' failed in 'src/hostapi/alsa/pa_linux_alsa.c', line: 2171
Expression 'PaAlsaStream_Initialize( stream, alsaHostApi, inputParameters, outputParameters, sampleRate, framesPerBuffer, callback, streamFlags, userData )' failed in 'src/hostapi/alsa/pa_linux_alsa.c', line: 2839
Expression 'ret' failed in 'src/hostapi/alsa/pa_linux_alsa.c', line: 1736
Expression 'AlsaOpen( &alsaApi->baseHostApiRep, params, streamDir, &self->pcm )' failed in 'src/hostapi/alsa/pa_linux_alsa.c', line: 1904
Expression 'PaAlsaStreamComponent_Initialize( &self->capture, alsaApi, inParams, StreamDirection_In, NULL != callback )' failed in 'src/hostapi/alsa/pa_linux_alsa.c', line: 2171
Expression 'PaAlsaStream_Initialize( stream, alsaHostApi, inputParameters, outputParameters, sampleRate, framesPerBuffer, callback, streamFlags, userData )' failed in 'src/hostapi/alsa/pa_linux_alsa.c', line: 2839
Expression 'ret' failed in 'src/hostapi/alsa/pa_linux_alsa.c', line: 1736
Expression 'AlsaOpen( &alsaApi->baseHostApiRep, params, streamDir, &self->pcm )' failed in 'src/hostapi/alsa/pa_linux_alsa.c', line: 1904
Expression 'PaAlsaStreamComponent_Initialize( &self->capture, alsaApi, inParams, StreamDirection_In, NULL != callback )' failed in 'src/hostapi/alsa/pa_linux_alsa.c', line: 2171
Expression 'PaAlsaStream_Initialize( stream, alsaHostApi, inputParameters, outputParameters, sampleRate, framesPerBuffer, callback, streamFlags, userData )' failed in 'src/hostapi/alsa/pa_linux_alsa.c', line: 2839
Expression 'ret' failed in 'src/hostapi/alsa/pa_linux_alsa.c', line: 1736
Expression 'AlsaOpen( &alsaApi->baseHostApiRep, params, streamDir, &self->pcm )' failed in 'src/hostapi/alsa/pa_linux_alsa.c', line: 1904
Expression 'PaAlsaStreamComponent_Initialize( &self->capture, alsaApi, inParams, StreamDirection_In, NULL != callback )' failed in 'src/hostapi/alsa/pa_linux_alsa.c', line: 2171
Expression 'PaAlsaStream_Initialize( stream, alsaHostApi, inputParameters, outputParameters, sampleRate, framesPerBuffer, callback, streamFlags, userData )' failed in 'src/hostapi/alsa/pa_linux_alsa.c', line: 2839
Expression 'ret' failed in 'src/hostapi/alsa/pa_linux_alsa.c', line: 1736
Expression 'AlsaOpen( &alsaApi->baseHostApiRep, params, streamDir, &self->pcm )' failed in 'src/hostapi/alsa/pa_linux_alsa.c', line: 1904
Expression 'PaAlsaStreamComponent_Initialize( &self->capture, alsaApi, inParams, StreamDirection_In, NULL != callback )' failed in 'src/hostapi/alsa/pa_linux_alsa.c', line: 2171
Expression 'PaAlsaStream_Initialize( stream, alsaHostApi, inputParameters, outputParameters, sampleRate, framesPerBuffer, callback, streamFlags, userData )' failed in 'src/hostapi/alsa/pa_linux_alsa.c', line: 2839
Expression 'ret' failed in 'src/hostapi/alsa/pa_linux_alsa.c', line: 1736
Expression 'AlsaOpen( &alsaApi->baseHostApiRep, params, streamDir, &self->pcm )' failed in 'src/hostapi/alsa/pa_linux_alsa.c', line: 1904
Expression 'PaAlsaStreamComponent_Initialize( &self->capture, alsaApi, inParams, StreamDirection_In, NULL != callback )' failed in 'src/hostapi/alsa/pa_linux_alsa.c', line: 2171
Expression 'PaAlsaStream_Initialize( stream, alsaHostApi, inputParameters, outputParameters, sampleRate, framesPerBuffer, callback, streamFlags, userData )' failed in 'src/hostapi/alsa/pa_linux_alsa.c', line: 2839
Expression 'ret' failed in 'src/hostapi/alsa/pa_linux_alsa.c', line: 1736
Expression 'AlsaOpen( &alsaApi->baseHostApiRep, params, streamDir, &self->pcm )' failed in 'src/hostapi/alsa/pa_linux_alsa.c', line: 1904
Expression 'PaAlsaStreamComponent_Initialize( &self->capture, alsaApi, inParams, StreamDirection_In, NULL != callback )' failed in 'src/hostapi/alsa/pa_linux_alsa.c', line: 2171
Expression 'PaAlsaStream_Initialize( stream, alsaHostApi, inputParameters, outputParameters, sampleRate, framesPerBuffer, callback, streamFlags, userData )' failed in 'src/hostapi/alsa/pa_linux_alsa.c', line: 2839
Expression 'ret' failed in 'src/hostapi/alsa/pa_linux_alsa.c', line: 1736
Expression 'AlsaOpen( &alsaApi->baseHostApiRep, params, streamDir, &self->pcm )' failed in 'src/hostapi/alsa/pa_linux_alsa.c', line: 1904
Expression 'PaAlsaStreamComponent_Initialize( &self->capture, alsaApi, inParams, StreamDirection_In, NULL != callback )' failed in 'src/hostapi/alsa/pa_linux_alsa.c', line: 2171
Expression 'PaAlsaStream_Initialize( stream, alsaHostApi, inputParameters, outputParameters, sampleRate, framesPerBuffer, callback, streamFlags, userData )' failed in 'src/hostapi/alsa/pa_linux_alsa.c', line: 2839
Expression 'ret' failed in 'src/hostapi/alsa/pa_linux_alsa.c', line: 1736
Expression 'AlsaOpen( &alsaApi->baseHostApiRep, params, streamDir, &self->pcm )' failed in 'src/hostapi/alsa/pa_linux_alsa.c', line: 1904
Expression 'PaAlsaStreamComponent_Initialize( &self->capture, alsaApi, inParams, StreamDirection_In, NULL != callback )' failed in 'src/hostapi/alsa/pa_linux_alsa.c', line: 2171
Expression 'PaAlsaStream_Initialize( stream, alsaHostApi, inputParameters, outputParameters, sampleRate, framesPerBuffer, callback, streamFlags, userData )' failed in 'src/hostapi/alsa/pa_linux_alsa.c', line: 2839
Expression 'ret' failed in 'src/hostapi/alsa/pa_linux_alsa.c', line: 1736
Expression 'AlsaOpen( &alsaApi->baseHostApiRep, params, streamDir, &self->pcm )' failed in 'src/hostapi/alsa/pa_linux_alsa.c', line: 1904
Expression 'PaAlsaStreamComponent_Initialize( &self->capture, alsaApi, inParams, StreamDirection_In, NULL != callback )' failed in 'src/hostapi/alsa/pa_linux_alsa.c', line: 2171
Expression 'PaAlsaStream_Initialize( stream, alsaHostApi, inputParameters, outputParameters, sampleRate, framesPerBuffer, callback, streamFlags, userData )' failed in 'src/hostapi/alsa/pa_linux_alsa.c', line: 2839
Expression 'ret' failed in 'src/hostapi/alsa/pa_linux_alsa.c', line: 1736
Expression 'AlsaOpen( &alsaApi->baseHostApiRep, params, streamDir, &self->pcm )' failed in 'src/hostapi/alsa/pa_linux_alsa.c', line: 1904
Expression 'PaAlsaStreamComponent_Initialize( &self->capture, alsaApi, inParams, StreamDirection_In, NULL != callback )' failed in 'src/hostapi/alsa/pa_linux_alsa.c', line: 2171
Expression 'PaAlsaStream_Initialize( stream, alsaHostApi, inputParameters, outputParameters, sampleRate, framesPerBuffer, callback, streamFlags, userData )' failed in 'src/hostapi/alsa/pa_linux_alsa.c', line: 2839
Expression 'ret' failed in 'src/hostapi/alsa/pa_linux_alsa.c', line: 1736
Expression 'AlsaOpen( &alsaApi->baseHostApiRep, params, streamDir, &self->pcm )' failed in 'src/hostapi/alsa/pa_linux_alsa.c', line: 1904
Expression 'PaAlsaStreamComponent_Initialize( &self->capture, alsaApi, inParams, StreamDirection_In, NULL != callback )' failed in 'src/hostapi/alsa/pa_linux_alsa.c', line: 2171
Expression 'PaAlsaStream_Initialize( stream, alsaHostApi, inputParameters, outputParameters, sampleRate, framesPerBuffer, callback, streamFlags, userData )' failed in 'src/hostapi/alsa/pa_linux_alsa.c', line: 2839
Expression 'ret' failed in 'src/hostapi/alsa/pa_linux_alsa.c', line: 1736
Expression 'AlsaOpen( &alsaApi->baseHostApiRep, params, streamDir, &self->pcm )' failed in 'src/hostapi/alsa/pa_linux_alsa.c', line: 1904
Expression 'PaAlsaStreamComponent_Initialize( &self->capture, alsaApi, inParams, StreamDirection_In, NULL != callback )' failed in 'src/hostapi/alsa/pa_linux_alsa.c', line: 2171
Expression 'PaAlsaStream_Initialize( stream, alsaHostApi, inputParameters, outputParameters, sampleRate, framesPerBuffer, callback, streamFlags, userData )' failed in 'src/hostapi/alsa/pa_linux_alsa.c', line: 2839
Expression 'ret' failed in 'src/hostapi/alsa/pa_linux_alsa.c', line: 1736
Expression 'AlsaOpen( &alsaApi->baseHostApiRep, params, streamDir, &self->pcm )' failed in 'src/hostapi/alsa/pa_linux_alsa.c', line: 1904
Expression 'PaAlsaStreamComponent_Initialize( &self->capture, alsaApi, inParams, StreamDirection_In, NULL != callback )' failed in 'src/hostapi/alsa/pa_linux_alsa.c', line: 2171
Expression 'PaAlsaStream_Initialize( stream, alsaHostApi, inputParameters, outputParameters, sampleRate, framesPerBuffer, callback, streamFlags, userData )' failed in 'src/hostapi/alsa/pa_linux_alsa.c', line: 2839
Expression 'ret' failed in 'src/hostapi/alsa/pa_linux_alsa.c', line: 1736
Expression 'AlsaOpen( &alsaApi->baseHostApiRep, params, streamDir, &self->pcm )' failed in 'src/hostapi/alsa/pa_linux_alsa.c', line: 1904
Expression 'PaAlsaStreamComponent_Initialize( &self->capture, alsaApi, inParams, StreamDirection_In, NULL != callback )' failed in 'src/hostapi/alsa/pa_linux_alsa.c', line: 2171
Expression 'PaAlsaStream_Initialize( stream, alsaHostApi, inputParameters, outputParameters, sampleRate, framesPerBuffer, callback, streamFlags, userData )' failed in 'src/hostapi/alsa/pa_linux_alsa.c', line: 2839
Expression 'ret' failed in 'src/hostapi/alsa/pa_linux_alsa.c', line: 1736
Expression 'AlsaOpen( &alsaApi->baseHostApiRep, params, streamDir, &self->pcm )' failed in 'src/hostapi/alsa/pa_linux_alsa.c', line: 1904
Expression 'PaAlsaStreamComponent_Initialize( &self->capture, alsaApi, inParams, StreamDirection_In, NULL != callback )' failed in 'src/hostapi/alsa/pa_linux_alsa.c', line: 2171
Expression 'PaAlsaStream_Initialize( stream, alsaHostApi, inputParameters, outputParameters, sampleRate, framesPerBuffer, callback, streamFlags, userData )' failed in 'src/hostapi/alsa/pa_linux_alsa.c', line: 2839
Expression 'ret' failed in 'src/hostapi/alsa/pa_linux_alsa.c', line: 1736
Expression 'AlsaOpen( &alsaApi->baseHostApiRep, params, streamDir, &self->pcm )' failed in 'src/hostapi/alsa/pa_linux_alsa.c', line: 1904
Expression 'PaAlsaStreamComponent_Initialize( &self->capture, alsaApi, inParams, StreamDirection_In, NULL != callback )' failed in 'src/hostapi/alsa/pa_linux_alsa.c', line: 2171
Expression 'PaAlsaStream_Initialize( stream, alsaHostApi, inputParameters, outputParameters, sampleRate, framesPerBuffer, callback, streamFlags, userData )' failed in 'src/hostapi/alsa/pa_linux_alsa.c', line: 2839
Expression 'ret' failed in 'src/hostapi/alsa/pa_linux_alsa.c', line: 1736
Expression 'AlsaOpen( &alsaApi->baseHostApiRep, params, streamDir, &self->pcm )' failed in 'src/hostapi/alsa/pa_linux_alsa.c', line: 1904
Expression 'PaAlsaStreamComponent_Initialize( &self->capture, alsaApi, inParams, StreamDirection_In, NULL != callback )' failed in 'src/hostapi/alsa/pa_linux_alsa.c', line: 2171
Expression 'PaAlsaStream_Initialize( stream, alsaHostApi, inputParameters, outputParameters, sampleRate, framesPerBuffer, callback, streamFlags, userData )' failed in 'src/hostapi/alsa/pa_linux_alsa.c', line: 2839
Expression 'ret' failed in 'src/hostapi/alsa/pa_linux_alsa.c', line: 1736
Expression 'AlsaOpen( &alsaApi->baseHostApiRep, params, streamDir, &self->pcm )' failed in 'src/hostapi/alsa/pa_linux_alsa.c', line: 1904
Expression 'PaAlsaStreamComponent_Initialize( &self->capture, alsaApi, inParams, StreamDirection_In, NULL != callback )' failed in 'src/hostapi/alsa/pa_linux_alsa.c', line: 2171
Expression 'PaAlsaStream_Initialize( stream, alsaHostApi, inputParameters, outputParameters, sampleRate, framesPerBuffer, callback, streamFlags, userData )' failed in 'src/hostapi/alsa/pa_linux_alsa.c', line: 2839
Expression 'ret' failed in 'src/hostapi/alsa/pa_linux_alsa.c', line: 1736
Expression 'AlsaOpen( &alsaApi->baseHostApiRep, params, streamDir, &self->pcm )' failed in 'src/hostapi/alsa/pa_linux_alsa.c', line: 1904
Expression 'PaAlsaStreamComponent_Initialize( &self->capture, alsaApi, inParams, StreamDirection_In, NULL != callback )' failed in 'src/hostapi/alsa/pa_linux_alsa.c', line: 2171
Expression 'PaAlsaStream_Initialize( stream, alsaHostApi, inputParameters, outputParameters, sampleRate, framesPerBuffer, callback, streamFlags, userData )' failed in 'src/hostapi/alsa/pa_linux_alsa.c', line: 2839
Expression 'ret' failed in 'src/hostapi/alsa/pa_linux_alsa.c', line: 1736
Expression 'AlsaOpen( &alsaApi->baseHostApiRep, params, streamDir, &self->pcm )' failed in 'src/hostapi/alsa/pa_linux_alsa.c', line: 1904
Expression 'PaAlsaStreamComponent_Initialize( &self->capture, alsaApi, inParams, StreamDirection_In, NULL != callback )' failed in 'src/hostapi/alsa/pa_linux_alsa.c', line: 2171
Expression 'PaAlsaStream_Initialize( stream, alsaHostApi, inputParameters, outputParameters, sampleRate, framesPerBuffer, callback, streamFlags, userData )' failed in 'src/hostapi/alsa/pa_linux_alsa.c', line: 2839
Expression 'ret' failed in 'src/hostapi/alsa/pa_linux_alsa.c', line: 1736
Expression 'AlsaOpen( &alsaApi->baseHostApiRep, params, streamDir, &self->pcm )' failed in 'src/hostapi/alsa/pa_linux_alsa.c', line: 1904
Expression 'PaAlsaStreamComponent_Initialize( &self->capture, alsaApi, inParams, StreamDirection_In, NULL != callback )' failed in 'src/hostapi/alsa/pa_linux_alsa.c', line: 2171
Expression 'PaAlsaStream_Initialize( stream, alsaHostApi, inputParameters, outputParameters, sampleRate, framesPerBuffer, callback, streamFlags, userData )' failed in 'src/hostapi/alsa/pa_linux_alsa.c', line: 2839
Expression 'ret' failed in 'src/hostapi/alsa/pa_linux_alsa.c', line: 1736
Expression 'AlsaOpen( &alsaApi->baseHostApiRep, params, streamDir, &self->pcm )' failed in 'src/hostapi/alsa/pa_linux_alsa.c', line: 1904
Expression 'PaAlsaStreamComponent_Initialize( &self->capture, alsaApi, inParams, StreamDirection_In, NULL != callback )' failed in 'src/hostapi/alsa/pa_linux_alsa.c', line: 2171
Expression 'PaAlsaStream_Initialize( stream, alsaHostApi, inputParameters, outputParameters, sampleRate, framesPerBuffer, callback, streamFlags, userData )' failed in 'src/hostapi/alsa/pa_linux_alsa.c', line: 2839
Expression 'ret' failed in 'src/hostapi/alsa/pa_linux_alsa.c', line: 1736
Expression 'AlsaOpen( &alsaApi->baseHostApiRep, params, streamDir, &self->pcm )' failed in 'src/hostapi/alsa/pa_linux_alsa.c', line: 1904
Expression 'PaAlsaStreamComponent_Initialize( &self->capture, alsaApi, inParams, StreamDirection_In, NULL != callback )' failed in 'src/hostapi/alsa/pa_linux_alsa.c', line: 2171
Expression 'PaAlsaStream_Initialize( stream, alsaHostApi, inputParameters, outputParameters, sampleRate, framesPerBuffer, callback, streamFlags, userData )' failed in 'src/hostapi/alsa/pa_linux_alsa.c', line: 2839
Expression 'ret' failed in 'src/hostapi/alsa/pa_linux_alsa.c', line: 1736
Expression 'AlsaOpen( &alsaApi->baseHostApiRep, params, streamDir, &self->pcm )' failed in 'src/hostapi/alsa/pa_linux_alsa.c', line: 1904
Expression 'PaAlsaStreamComponent_Initialize( &self->capture, alsaApi, inParams, StreamDirection_In, NULL != callback )' failed in 'src/hostapi/alsa/pa_linux_alsa.c', line: 2171
Expression 'PaAlsaStream_Initialize( stream, alsaHostApi, inputParameters, outputParameters, sampleRate, framesPerBuffer, callback, streamFlags, userData )' failed in 'src/hostapi/alsa/pa_linux_alsa.c', line: 2839
Expression 'ret' failed in 'src/hostapi/alsa/pa_linux_alsa.c', line: 1736
Expression 'AlsaOpen( &alsaApi->baseHostApiRep, params, streamDir, &self->pcm )' failed in 'src/hostapi/alsa/pa_linux_alsa.c', line: 1904
Expression 'PaAlsaStreamComponent_Initialize( &self->capture, alsaApi, inParams, StreamDirection_In, NULL != callback )' failed in 'src/hostapi/alsa/pa_linux_alsa.c', line: 2171
Expression 'PaAlsaStream_Initialize( stream, alsaHostApi, inputParameters, outputParameters, sampleRate, framesPerBuffer, callback, streamFlags, userData )' failed in 'src/hostapi/alsa/pa_linux_alsa.c', line: 2839
Expression 'ret' failed in 'src/hostapi/alsa/pa_linux_alsa.c', line: 1736
Expression 'AlsaOpen( &alsaApi->baseHostApiRep, params, streamDir, &self->pcm )' failed in 'src/hostapi/alsa/pa_linux_alsa.c', line: 1904
Expression 'PaAlsaStreamComponent_Initialize( &self->capture, alsaApi, inParams, StreamDirection_In, NULL != callback )' failed in 'src/hostapi/alsa/pa_linux_alsa.c', line: 2171
Expression 'PaAlsaStream_Initialize( stream, alsaHostApi, inputParameters, outputParameters, sampleRate, framesPerBuffer, callback, streamFlags, userData )' failed in 'src/hostapi/alsa/pa_linux_alsa.c', line: 2839
Expression 'ret' failed in 'src/hostapi/alsa/pa_linux_alsa.c', line: 1736
Expression 'AlsaOpen( &alsaApi->baseHostApiRep, params, streamDir, &self->pcm )' failed in 'src/hostapi/alsa/pa_linux_alsa.c', line: 1904
Expression 'PaAlsaStreamComponent_Initialize( &self->capture, alsaApi, inParams, StreamDirection_In, NULL != callback )' failed in 'src/hostapi/alsa/pa_linux_alsa.c', line: 2171
Expression 'PaAlsaStream_Initialize( stream, alsaHostApi, inputParameters, outputParameters, sampleRate, framesPerBuffer, callback, streamFlags, userData )' failed in 'src/hostapi/alsa/pa_linux_alsa.c', line: 2839
Expression 'ret' failed in 'src/hostapi/alsa/pa_linux_alsa.c', line: 1736
Expression 'AlsaOpen( &alsaApi->baseHostApiRep, params, streamDir, &self->pcm )' failed in 'src/hostapi/alsa/pa_linux_alsa.c', line: 1904
Expression 'PaAlsaStreamComponent_Initialize( &self->capture, alsaApi, inParams, StreamDirection_In, NULL != callback )' failed in 'src/hostapi/alsa/pa_linux_alsa.c', line: 2171
Expression 'PaAlsaStream_Initialize( stream, alsaHostApi, inputParameters, outputParameters, sampleRate, framesPerBuffer, callback, streamFlags, userData )' failed in 'src/hostapi/alsa/pa_linux_alsa.c', line: 2839
Expression 'ret' failed in 'src/hostapi/alsa/pa_linux_alsa.c', line: 1736
Expression 'AlsaOpen( &alsaApi->baseHostApiRep, params, streamDir, &self->pcm )' failed in 'src/hostapi/alsa/pa_linux_alsa.c', line: 1904
Expression 'PaAlsaStreamComponent_Initialize( &self->capture, alsaApi, inParams, StreamDirection_In, NULL != callback )' failed in 'src/hostapi/alsa/pa_linux_alsa.c', line: 2171
Expression 'PaAlsaStream_Initialize( stream, alsaHostApi, inputParameters, outputParameters, sampleRate, framesPerBuffer, callback, streamFlags, userData )' failed in 'src/hostapi/alsa/pa_linux_alsa.c', line: 2839
Expression 'ret' failed in 'src/hostapi/alsa/pa_linux_alsa.c', line: 1736
Expression 'AlsaOpen( &alsaApi->baseHostApiRep, params, streamDir, &self->pcm )' failed in 'src/hostapi/alsa/pa_linux_alsa.c', line: 1904
Expression 'PaAlsaStreamComponent_Initialize( &self->capture, alsaApi, inParams, StreamDirection_In, NULL != callback )' failed in 'src/hostapi/alsa/pa_linux_alsa.c', line: 2171
Expression 'PaAlsaStream_Initialize( stream, alsaHostApi, inputParameters, outputParameters, sampleRate, framesPerBuffer, callback, streamFlags, userData )' failed in 'src/hostapi/alsa/pa_linux_alsa.c', line: 2839
Expression 'ret' failed in 'src/hostapi/alsa/pa_linux_alsa.c', line: 1736
Expression 'AlsaOpen( &alsaApi->baseHostApiRep, params, streamDir, &self->pcm )' failed in 'src/hostapi/alsa/pa_linux_alsa.c', line: 1904
Expression 'PaAlsaStreamComponent_Initialize( &self->capture, alsaApi, inParams, StreamDirection_In, NULL != callback )' failed in 'src/hostapi/alsa/pa_linux_alsa.c', line: 2171
Expression 'PaAlsaStream_Initialize( stream, alsaHostApi, inputParameters, outputParameters, sampleRate, framesPerBuffer, callback, streamFlags, userData )' failed in 'src/hostapi/alsa/pa_linux_alsa.c', line: 2839
Expression 'ret' failed in 'src/hostapi/alsa/pa_linux_alsa.c', line: 1736
Expression 'AlsaOpen( &alsaApi->baseHostApiRep, params, streamDir, &self->pcm )' failed in 'src/hostapi/alsa/pa_linux_alsa.c', line: 1904
Expression 'PaAlsaStreamComponent_Initialize( &self->capture, alsaApi, inParams, StreamDirection_In, NULL != callback )' failed in 'src/hostapi/alsa/pa_linux_alsa.c', line: 2171
Expression 'PaAlsaStream_Initialize( stream, alsaHostApi, inputParameters, outputParameters, sampleRate, framesPerBuffer, callback, streamFlags, userData )' failed in 'src/hostapi/alsa/pa_linux_alsa.c', line: 2839
Expression 'ret' failed in 'src/hostapi/alsa/pa_linux_alsa.c', line: 1736
Expression 'AlsaOpen( &alsaApi->baseHostApiRep, params, streamDir, &self->pcm )' failed in 'src/hostapi/alsa/pa_linux_alsa.c', line: 1904
Expression 'PaAlsaStreamComponent_Initialize( &self->capture, alsaApi, inParams, StreamDirection_In, NULL != callback )' failed in 'src/hostapi/alsa/pa_linux_alsa.c', line: 2171
Expression 'PaAlsaStream_Initialize( stream, alsaHostApi, inputParameters, outputParameters, sampleRate, framesPerBuffer, callback, streamFlags, userData )' failed in 'src/hostapi/alsa/pa_linux_alsa.c', line: 2839
Expression 'ret' failed in 'src/hostapi/alsa/pa_linux_alsa.c', line: 1736
Expression 'AlsaOpen( &alsaApi->baseHostApiRep, params, streamDir, &self->pcm )' failed in 'src/hostapi/alsa/pa_linux_alsa.c', line: 1904
Expression 'PaAlsaStreamComponent_Initialize( &self->capture, alsaApi, inParams, StreamDirection_In, NULL != callback )' failed in 'src/hostapi/alsa/pa_linux_alsa.c', line: 2171
Expression 'PaAlsaStream_Initialize( stream, alsaHostApi, inputParameters, outputParameters, sampleRate, framesPerBuffer, callback, streamFlags, userData )' failed in 'src/hostapi/alsa/pa_linux_alsa.c', line: 2839
Expression 'ret' failed in 'src/hostapi/alsa/pa_linux_alsa.c', line: 1736
Expression 'AlsaOpen( &alsaApi->baseHostApiRep, params, streamDir, &self->pcm )' failed in 'src/hostapi/alsa/pa_linux_alsa.c', line: 1904
Expression 'PaAlsaStreamComponent_Initialize( &self->capture, alsaApi, inParams, StreamDirection_In, NULL != callback )' failed in 'src/hostapi/alsa/pa_linux_alsa.c', line: 2171
Expression 'PaAlsaStream_Initialize( stream, alsaHostApi, inputParameters, outputParameters, sampleRate, framesPerBuffer, callback, streamFlags, userData )' failed in 'src/hostapi/alsa/pa_linux_alsa.c', line: 2839
Expression 'ret' failed in 'src/hostapi/alsa/pa_linux_alsa.c', line: 1736
Expression 'AlsaOpen( &alsaApi->baseHostApiRep, params, streamDir, &self->pcm )' failed in 'src/hostapi/alsa/pa_linux_alsa.c', line: 1904
Expression 'PaAlsaStreamComponent_Initialize( &self->capture, alsaApi, inParams, StreamDirection_In, NULL != callback )' failed in 'src/hostapi/alsa/pa_linux_alsa.c', line: 2171
Expression 'PaAlsaStream_Initialize( stream, alsaHostApi, inputParameters, outputParameters, sampleRate, framesPerBuffer, callback, streamFlags, userData )' failed in 'src/hostapi/alsa/pa_linux_alsa.c', line: 2839
Expression 'ret' failed in 'src/hostapi/alsa/pa_linux_alsa.c', line: 1736
Expression 'AlsaOpen( &alsaApi->baseHostApiRep, params, streamDir, &self->pcm )' failed in 'src/hostapi/alsa/pa_linux_alsa.c', line: 1904
Expression 'PaAlsaStreamComponent_Initialize( &self->capture, alsaApi, inParams, StreamDirection_In, NULL != callback )' failed in 'src/hostapi/alsa/pa_linux_alsa.c', line: 2171
Expression 'PaAlsaStream_Initialize( stream, alsaHostApi, inputParameters, outputParameters, sampleRate, framesPerBuffer, callback, streamFlags, userData )' failed in 'src/hostapi/alsa/pa_linux_alsa.c', line: 2839
Expression 'ret' failed in 'src/hostapi/alsa/pa_linux_alsa.c', line: 1736
Expression 'AlsaOpen( &alsaApi->baseHostApiRep, params, streamDir, &self->pcm )' failed in 'src/hostapi/alsa/pa_linux_alsa.c', line: 1904
Expression 'PaAlsaStreamComponent_Initialize( &self->capture, alsaApi, inParams, StreamDirection_In, NULL != callback )' failed in 'src/hostapi/alsa/pa_linux_alsa.c', line: 2171
Expression 'PaAlsaStream_Initialize( stream, alsaHostApi, inputParameters, outputParameters, sampleRate, framesPerBuffer, callback, streamFlags, userData )' failed in 'src/hostapi/alsa/pa_linux_alsa.c', line: 2839
Expression 'ret' failed in 'src/hostapi/alsa/pa_linux_alsa.c', line: 1736
Expression 'AlsaOpen( &alsaApi->baseHostApiRep, params, streamDir, &self->pcm )' failed in 'src/hostapi/alsa/pa_linux_alsa.c', line: 1904
Expression 'PaAlsaStreamComponent_Initialize( &self->capture, alsaApi, inParams, StreamDirection_In, NULL != callback )' failed in 'src/hostapi/alsa/pa_linux_alsa.c', line: 2171
Expression 'PaAlsaStream_Initialize( stream, alsaHostApi, inputParameters, outputParameters, sampleRate, framesPerBuffer, callback, streamFlags, userData )' failed in 'src/hostapi/alsa/pa_linux_alsa.c', line: 2839
Expression 'ret' failed in 'src/hostapi/alsa/pa_linux_alsa.c', line: 1736
Expression 'AlsaOpen( &alsaApi->baseHostApiRep, params, streamDir, &self->pcm )' failed in 'src/hostapi/alsa/pa_linux_alsa.c', line: 1904
Expression 'PaAlsaStreamComponent_Initialize( &self->capture, alsaApi, inParams, StreamDirection_In, NULL != callback )' failed in 'src/hostapi/alsa/pa_linux_alsa.c', line: 2171
Expression 'PaAlsaStream_Initialize( stream, alsaHostApi, inputParameters, outputParameters, sampleRate, framesPerBuffer, callback, streamFlags, userData )' failed in 'src/hostapi/alsa/pa_linux_alsa.c', line: 2839
Expression 'ret' failed in 'src/hostapi/alsa/pa_linux_alsa.c', line: 1736
Expression 'AlsaOpen( &alsaApi->baseHostApiRep, params, streamDir, &self->pcm )' failed in 'src/hostapi/alsa/pa_linux_alsa.c', line: 1904
Expression 'PaAlsaStreamComponent_Initialize( &self->capture, alsaApi, inParams, StreamDirection_In, NULL != callback )' failed in 'src/hostapi/alsa/pa_linux_alsa.c', line: 2171
Expression 'PaAlsaStream_Initialize( stream, alsaHostApi, inputParameters, outputParameters, sampleRate, framesPerBuffer, callback, streamFlags, userData )' failed in 'src/hostapi/alsa/pa_linux_alsa.c', line: 2839
Expression 'ret' failed in 'src/hostapi/alsa/pa_linux_alsa.c', line: 1736
Expression 'AlsaOpen( &alsaApi->baseHostApiRep, params, streamDir, &self->pcm )' failed in 'src/hostapi/alsa/pa_linux_alsa.c', line: 1904
Expression 'PaAlsaStreamComponent_Initialize( &self->capture, alsaApi, inParams, StreamDirection_In, NULL != callback )' failed in 'src/hostapi/alsa/pa_linux_alsa.c', line: 2171
Expression 'PaAlsaStream_Initialize( stream, alsaHostApi, inputParameters, outputParameters, sampleRate, framesPerBuffer, callback, streamFlags, userData )' failed in 'src/hostapi/alsa/pa_linux_alsa.c', line: 2839
Expression 'ret' failed in 'src/hostapi/alsa/pa_linux_alsa.c', line: 1736
Expression 'AlsaOpen( &alsaApi->baseHostApiRep, params, streamDir, &self->pcm )' failed in 'src/hostapi/alsa/pa_linux_alsa.c', line: 1904
Expression 'PaAlsaStreamComponent_Initialize( &self->capture, alsaApi, inParams, StreamDirection_In, NULL != callback )' failed in 'src/hostapi/alsa/pa_linux_alsa.c', line: 2171
Expression 'PaAlsaStream_Initialize( stream, alsaHostApi, inputParameters, outputParameters, sampleRate, framesPerBuffer, callback, streamFlags, userData )' failed in 'src/hostapi/alsa/pa_linux_alsa.c', line: 2839
Expression 'ret' failed in 'src/hostapi/alsa/pa_linux_alsa.c', line: 1736
Expression 'AlsaOpen( &alsaApi->baseHostApiRep, params, streamDir, &self->pcm )' failed in 'src/hostapi/alsa/pa_linux_alsa.c', line: 1904
Expression 'PaAlsaStreamComponent_Initialize( &self->capture, alsaApi, inParams, StreamDirection_In, NULL != callback )' failed in 'src/hostapi/alsa/pa_linux_alsa.c', line: 2171
Expression 'PaAlsaStream_Initialize( stream, alsaHostApi, inputParameters, outputParameters, sampleRate, framesPerBuffer, callback, streamFlags, userData )' failed in 'src/hostapi/alsa/pa_linux_alsa.c', line: 2839
Expression 'ret' failed in 'src/hostapi/alsa/pa_linux_alsa.c', line: 1736
Expression 'AlsaOpen( &alsaApi->baseHostApiRep, params, streamDir, &self->pcm )' failed in 'src/hostapi/alsa/pa_linux_alsa.c', line: 1904
Expression 'PaAlsaStreamComponent_Initialize( &self->capture, alsaApi, inParams, StreamDirection_In, NULL != callback )' failed in 'src/hostapi/alsa/pa_linux_alsa.c', line: 2171
Expression 'PaAlsaStream_Initialize( stream, alsaHostApi, inputParameters, outputParameters, sampleRate, framesPerBuffer, callback, streamFlags, userData )' failed in 'src/hostapi/alsa/pa_linux_alsa.c', line: 2839
Expression 'ret' failed in 'src/hostapi/alsa/pa_linux_alsa.c', line: 1736
Expression 'AlsaOpen( &alsaApi->baseHostApiRep, params, streamDir, &self->pcm )' failed in 'src/hostapi/alsa/pa_linux_alsa.c', line: 1904
Expression 'PaAlsaStreamComponent_Initialize( &self->capture, alsaApi, inParams, StreamDirection_In, NULL != callback )' failed in 'src/hostapi/alsa/pa_linux_alsa.c', line: 2171
Expression 'PaAlsaStream_Initialize( stream, alsaHostApi, inputParameters, outputParameters, sampleRate, framesPerBuffer, callback, streamFlags, userData )' failed in 'src/hostapi/alsa/pa_linux_alsa.c', line: 2839
Expression 'ret' failed in 'src/hostapi/alsa/pa_linux_alsa.c', line: 1736
Expression 'AlsaOpen( &alsaApi->baseHostApiRep, params, streamDir, &self->pcm )' failed in 'src/hostapi/alsa/pa_linux_alsa.c', line: 1904
Expression 'PaAlsaStreamComponent_Initialize( &self->capture, alsaApi, inParams, StreamDirection_In, NULL != callback )' failed in 'src/hostapi/alsa/pa_linux_alsa.c', line: 2171
Expression 'PaAlsaStream_Initialize( stream, alsaHostApi, inputParameters, outputParameters, sampleRate, framesPerBuffer, callback, streamFlags, userData )' failed in 'src/hostapi/alsa/pa_linux_alsa.c', line: 2839
Expression 'ret' failed in 'src/hostapi/alsa/pa_linux_alsa.c', line: 1736
Expression 'AlsaOpen( &alsaApi->baseHostApiRep, params, streamDir, &self->pcm )' failed in 'src/hostapi/alsa/pa_linux_alsa.c', line: 1904
Expression 'PaAlsaStreamComponent_Initialize( &self->capture, alsaApi, inParams, StreamDirection_In, NULL != callback )' failed in 'src/hostapi/alsa/pa_linux_alsa.c', line: 2171
Expression 'PaAlsaStream_Initialize( stream, alsaHostApi, inputParameters, outputParameters, sampleRate, framesPerBuffer, callback, streamFlags, userData )' failed in 'src/hostapi/alsa/pa_linux_alsa.c', line: 2839
Expression 'ret' failed in 'src/hostapi/alsa/pa_linux_alsa.c', line: 1736
Expression 'AlsaOpen( &alsaApi->baseHostApiRep, params, streamDir, &self->pcm )' failed in 'src/hostapi/alsa/pa_linux_alsa.c', line: 1904
Expression 'PaAlsaStreamComponent_Initialize( &self->capture, alsaApi, inParams, StreamDirection_In, NULL != callback )' failed in 'src/hostapi/alsa/pa_linux_alsa.c', line: 2171
Expression 'PaAlsaStream_Initialize( stream, alsaHostApi, inputParameters, outputParameters, sampleRate, framesPerBuffer, callback, streamFlags, userData )' failed in 'src/hostapi/alsa/pa_linux_alsa.c', line: 2839
Expression 'ret' failed in 'src/hostapi/alsa/pa_linux_alsa.c', line: 1736
Expression 'AlsaOpen( &alsaApi->baseHostApiRep, params, streamDir, &self->pcm )' failed in 'src/hostapi/alsa/pa_linux_alsa.c', line: 1904
Expression 'PaAlsaStreamComponent_Initialize( &self->capture, alsaApi, inParams, StreamDirection_In, NULL != callback )' failed in 'src/hostapi/alsa/pa_linux_alsa.c', line: 2171
Expression 'PaAlsaStream_Initialize( stream, alsaHostApi, inputParameters, outputParameters, sampleRate, framesPerBuffer, callback, streamFlags, userData )' failed in 'src/hostapi/alsa/pa_linux_alsa.c', line: 2839
Expression 'ret' failed in 'src/hostapi/alsa/pa_linux_alsa.c', line: 1736
Expression 'AlsaOpen( &alsaApi->baseHostApiRep, params, streamDir, &self->pcm )' failed in 'src/hostapi/alsa/pa_linux_alsa.c', line: 1904
Expression 'PaAlsaStreamComponent_Initialize( &self->capture, alsaApi, inParams, StreamDirection_In, NULL != callback )' failed in 'src/hostapi/alsa/pa_linux_alsa.c', line: 2171
Expression 'PaAlsaStream_Initialize( stream, alsaHostApi, inputParameters, outputParameters, sampleRate, framesPerBuffer, callback, streamFlags, userData )' failed in 'src/hostapi/alsa/pa_linux_alsa.c', line: 2839
Expression 'ret' failed in 'src/hostapi/alsa/pa_linux_alsa.c', line: 1736
Expression 'AlsaOpen( &alsaApi->baseHostApiRep, params, streamDir, &self->pcm )' failed in 'src/hostapi/alsa/pa_linux_alsa.c', line: 1904
Expression 'PaAlsaStreamComponent_Initialize( &self->capture, alsaApi, inParams, StreamDirection_In, NULL != callback )' failed in 'src/hostapi/alsa/pa_linux_alsa.c', line: 2171
Expression 'PaAlsaStream_Initialize( stream, alsaHostApi, inputParameters, outputParameters, sampleRate, framesPerBuffer, callback, streamFlags, userData )' failed in 'src/hostapi/alsa/pa_linux_alsa.c', line: 2839
Expression 'ret' failed in 'src/hostapi/alsa/pa_linux_alsa.c', line: 1736
Expression 'AlsaOpen( &alsaApi->baseHostApiRep, params, streamDir, &self->pcm )' failed in 'src/hostapi/alsa/pa_linux_alsa.c', line: 1904
Expression 'PaAlsaStreamComponent_Initialize( &self->capture, alsaApi, inParams, StreamDirection_In, NULL != callback )' failed in 'src/hostapi/alsa/pa_linux_alsa.c', line: 2171
Expression 'PaAlsaStream_Initialize( stream, alsaHostApi, inputParameters, outputParameters, sampleRate, framesPerBuffer, callback, streamFlags, userData )' failed in 'src/hostapi/alsa/pa_linux_alsa.c', line: 2839
Expression 'ret' failed in 'src/hostapi/alsa/pa_linux_alsa.c', line: 1736
Expression 'AlsaOpen( &alsaApi->baseHostApiRep, params, streamDir, &self->pcm )' failed in 'src/hostapi/alsa/pa_linux_alsa.c', line: 1904
Expression 'PaAlsaStreamComponent_Initialize( &self->capture, alsaApi, inParams, StreamDirection_In, NULL != callback )' failed in 'src/hostapi/alsa/pa_linux_alsa.c', line: 2171
Expression 'PaAlsaStream_Initialize( stream, alsaHostApi, inputParameters, outputParameters, sampleRate, framesPerBuffer, callback, streamFlags, userData )' failed in 'src/hostapi/alsa/pa_linux_alsa.c', line: 2839
Expression 'ret' failed in 'src/hostapi/alsa/pa_linux_alsa.c', line: 1736
Expression 'AlsaOpen( &alsaApi->baseHostApiRep, params, streamDir, &self->pcm )' failed in 'src/hostapi/alsa/pa_linux_alsa.c', line: 1904
Expression 'PaAlsaStreamComponent_Initialize( &self->capture, alsaApi, inParams, StreamDirection_In, NULL != callback )' failed in 'src/hostapi/alsa/pa_linux_alsa.c', line: 2171
Expression 'PaAlsaStream_Initialize( stream, alsaHostApi, inputParameters, outputParameters, sampleRate, framesPerBuffer, callback, streamFlags, userData )' failed in 'src/hostapi/alsa/pa_linux_alsa.c', line: 2839
Expression 'ret' failed in 'src/hostapi/alsa/pa_linux_alsa.c', line: 1736
Expression 'AlsaOpen( &alsaApi->baseHostApiRep, params, streamDir, &self->pcm )' failed in 'src/hostapi/alsa/pa_linux_alsa.c', line: 1904
Expression 'PaAlsaStreamComponent_Initialize( &self->capture, alsaApi, inParams, StreamDirection_In, NULL != callback )' failed in 'src/hostapi/alsa/pa_linux_alsa.c', line: 2171
Expression 'PaAlsaStream_Initialize( stream, alsaHostApi, inputParameters, outputParameters, sampleRate, framesPerBuffer, callback, streamFlags, userData )' failed in 'src/hostapi/alsa/pa_linux_alsa.c', line: 2839
Expression 'ret' failed in 'src/hostapi/alsa/pa_linux_alsa.c', line: 1736
Expression 'AlsaOpen( &alsaApi->baseHostApiRep, params, streamDir, &self->pcm )' failed in 'src/hostapi/alsa/pa_linux_alsa.c', line: 1904
Expression 'PaAlsaStreamComponent_Initialize( &self->capture, alsaApi, inParams, StreamDirection_In, NULL != callback )' failed in 'src/hostapi/alsa/pa_linux_alsa.c', line: 2171
Expression 'PaAlsaStream_Initialize( stream, alsaHostApi, inputParameters, outputParameters, sampleRate, framesPerBuffer, callback, streamFlags, userData )' failed in 'src/hostapi/alsa/pa_linux_alsa.c', line: 2839
Expression 'ret' failed in 'src/hostapi/alsa/pa_linux_alsa.c', line: 1736
Expression 'AlsaOpen( &alsaApi->baseHostApiRep, params, streamDir, &self->pcm )' failed in 'src/hostapi/alsa/pa_linux_alsa.c', line: 1904
Expression 'PaAlsaStreamComponent_Initialize( &self->capture, alsaApi, inParams, StreamDirection_In, NULL != callback )' failed in 'src/hostapi/alsa/pa_linux_alsa.c', line: 2171
Expression 'PaAlsaStream_Initialize( stream, alsaHostApi, inputParameters, outputParameters, sampleRate, framesPerBuffer, callback, streamFlags, userData )' failed in 'src/hostapi/alsa/pa_linux_alsa.c', line: 2839
Expression 'ret' failed in 'src/hostapi/alsa/pa_linux_alsa.c', line: 1736
Expression 'AlsaOpen( &alsaApi->baseHostApiRep, params, streamDir, &self->pcm )' failed in 'src/hostapi/alsa/pa_linux_alsa.c', line: 1904
Expression 'PaAlsaStreamComponent_Initialize( &self->capture, alsaApi, inParams, StreamDirection_In, NULL != callback )' failed in 'src/hostapi/alsa/pa_linux_alsa.c', line: 2171
Expression 'PaAlsaStream_Initialize( stream, alsaHostApi, inputParameters, outputParameters, sampleRate, framesPerBuffer, callback, streamFlags, userData )' failed in 'src/hostapi/alsa/pa_linux_alsa.c', line: 2839
Expression 'ret' failed in 'src/hostapi/alsa/pa_linux_alsa.c', line: 1736
Expression 'AlsaOpen( &alsaApi->baseHostApiRep, params, streamDir, &self->pcm )' failed in 'src/hostapi/alsa/pa_linux_alsa.c', line: 1904
Expression 'PaAlsaStreamComponent_Initialize( &self->capture, alsaApi, inParams, StreamDirection_In, NULL != callback )' failed in 'src/hostapi/alsa/pa_linux_alsa.c', line: 2171
Expression 'PaAlsaStream_Initialize( stream, alsaHostApi, inputParameters, outputParameters, sampleRate, framesPerBuffer, callback, streamFlags, userData )' failed in 'src/hostapi/alsa/pa_linux_alsa.c', line: 2839
Expression 'ret' failed in 'src/hostapi/alsa/pa_linux_alsa.c', line: 1736
Expression 'AlsaOpen( &alsaApi->baseHostApiRep, params, streamDir, &self->pcm )' failed in 'src/hostapi/alsa/pa_linux_alsa.c', line: 1904
Expression 'PaAlsaStreamComponent_Initialize( &self->capture, alsaApi, inParams, StreamDirection_In, NULL != callback )' failed in 'src/hostapi/alsa/pa_linux_alsa.c', line: 2171
Expression 'PaAlsaStream_Initialize( stream, alsaHostApi, inputParameters, outputParameters, sampleRate, framesPerBuffer, callback, streamFlags, userData )' failed in 'src/hostapi/alsa/pa_linux_alsa.c', line: 2839
Expression 'ret' failed in 'src/hostapi/alsa/pa_linux_alsa.c', line: 1736
Expression 'AlsaOpen( &alsaApi->baseHostApiRep, params, streamDir, &self->pcm )' failed in 'src/hostapi/alsa/pa_linux_alsa.c', line: 1904
Expression 'PaAlsaStreamComponent_Initialize( &self->capture, alsaApi, inParams, StreamDirection_In, NULL != callback )' failed in 'src/hostapi/alsa/pa_linux_alsa.c', line: 2171
Expression 'PaAlsaStream_Initialize( stream, alsaHostApi, inputParameters, outputParameters, sampleRate, framesPerBuffer, callback, streamFlags, userData )' failed in 'src/hostapi/alsa/pa_linux_alsa.c', line: 2839
Expression 'ret' failed in 'src/hostapi/alsa/pa_linux_alsa.c', line: 1736
Expression 'AlsaOpen( &alsaApi->baseHostApiRep, params, streamDir, &self->pcm )' failed in 'src/hostapi/alsa/pa_linux_alsa.c', line: 1904
Expression 'PaAlsaStreamComponent_Initialize( &self->capture, alsaApi, inParams, StreamDirection_In, NULL != callback )' failed in 'src/hostapi/alsa/pa_linux_alsa.c', line: 2171
Expression 'PaAlsaStream_Initialize( stream, alsaHostApi, inputParameters, outputParameters, sampleRate, framesPerBuffer, callback, streamFlags, userData )' failed in 'src/hostapi/alsa/pa_linux_alsa.c', line: 2839
Expression 'ret' failed in 'src/hostapi/alsa/pa_linux_alsa.c', line: 1736
Expression 'AlsaOpen( &alsaApi->baseHostApiRep, params, streamDir, &self->pcm )' failed in 'src/hostapi/alsa/pa_linux_alsa.c', line: 1904
Expression 'PaAlsaStreamComponent_Initialize( &self->capture, alsaApi, inParams, StreamDirection_In, NULL != callback )' failed in 'src/hostapi/alsa/pa_linux_alsa.c', line: 2171
Expression 'PaAlsaStream_Initialize( stream, alsaHostApi, inputParameters, outputParameters, sampleRate, framesPerBuffer, callback, streamFlags, userData )' failed in 'src/hostapi/alsa/pa_linux_alsa.c', line: 2839
Expression 'ret' failed in 'src/hostapi/alsa/pa_linux_alsa.c', line: 1736
Expression 'AlsaOpen( &alsaApi->baseHostApiRep, params, streamDir, &self->pcm )' failed in 'src/hostapi/alsa/pa_linux_alsa.c', line: 1904
Expression 'PaAlsaStreamComponent_Initialize( &self->capture, alsaApi, inParams, StreamDirection_In, NULL != callback )' failed in 'src/hostapi/alsa/pa_linux_alsa.c', line: 2171
Expression 'PaAlsaStream_Initialize( stream, alsaHostApi, inputParameters, outputParameters, sampleRate, framesPerBuffer, callback, streamFlags, userData )' failed in 'src/hostapi/alsa/pa_linux_alsa.c', line: 2839
Expression 'ret' failed in 'src/hostapi/alsa/pa_linux_alsa.c', line: 1736
Expression 'AlsaOpen( &alsaApi->baseHostApiRep, params, streamDir, &self->pcm )' failed in 'src/hostapi/alsa/pa_linux_alsa.c', line: 1904
Expression 'PaAlsaStreamComponent_Initialize( &self->capture, alsaApi, inParams, StreamDirection_In, NULL != callback )' failed in 'src/hostapi/alsa/pa_linux_alsa.c', line: 2171
Expression 'PaAlsaStream_Initialize( stream, alsaHostApi, inputParameters, outputParameters, sampleRate, framesPerBuffer, callback, streamFlags, userData )' failed in 'src/hostapi/alsa/pa_linux_alsa.c', line: 2839
Expression 'ret' failed in 'src/hostapi/alsa/pa_linux_alsa.c', line: 1736
Expression 'AlsaOpen( &alsaApi->baseHostApiRep, params, streamDir, &self->pcm )' failed in 'src/hostapi/alsa/pa_linux_alsa.c', line: 1904
Expression 'PaAlsaStreamComponent_Initialize( &self->capture, alsaApi, inParams, StreamDirection_In, NULL != callback )' failed in 'src/hostapi/alsa/pa_linux_alsa.c', line: 2171
Expression 'PaAlsaStream_Initialize( stream, alsaHostApi, inputParameters, outputParameters, sampleRate, framesPerBuffer, callback, streamFlags, userData )' failed in 'src/hostapi/alsa/pa_linux_alsa.c', line: 2839
Expression 'ret' failed in 'src/hostapi/alsa/pa_linux_alsa.c', line: 1736
Expression 'AlsaOpen( &alsaApi->baseHostApiRep, params, streamDir, &self->pcm )' failed in 'src/hostapi/alsa/pa_linux_alsa.c', line: 1904
Expression 'PaAlsaStreamComponent_Initialize( &self->capture, alsaApi, inParams, StreamDirection_In, NULL != callback )' failed in 'src/hostapi/alsa/pa_linux_alsa.c', line: 2171
Expression 'PaAlsaStream_Initialize( stream, alsaHostApi, inputParameters, outputParameters, sampleRate, framesPerBuffer, callback, streamFlags, userData )' failed in 'src/hostapi/alsa/pa_linux_alsa.c', line: 2839
Expression 'ret' failed in 'src/hostapi/alsa/pa_linux_alsa.c', line: 1736
Expression 'AlsaOpen( &alsaApi->baseHostApiRep, params, streamDir, &self->pcm )' failed in 'src/hostapi/alsa/pa_linux_alsa.c', line: 1904
Expression 'PaAlsaStreamComponent_Initialize( &self->capture, alsaApi, inParams, StreamDirection_In, NULL != callback )' failed in 'src/hostapi/alsa/pa_linux_alsa.c', line: 2171
Expression 'PaAlsaStream_Initialize( stream, alsaHostApi, inputParameters, outputParameters, sampleRate, framesPerBuffer, callback, streamFlags, userData )' failed in 'src/hostapi/alsa/pa_linux_alsa.c', line: 2839
Expression 'ret' failed in 'src/hostapi/alsa/pa_linux_alsa.c', line: 1736
Expression 'AlsaOpen( &alsaApi->baseHostApiRep, params, streamDir, &self->pcm )' failed in 'src/hostapi/alsa/pa_linux_alsa.c', line: 1904
Expression 'PaAlsaStreamComponent_Initialize( &self->capture, alsaApi, inParams, StreamDirection_In, NULL != callback )' failed in 'src/hostapi/alsa/pa_linux_alsa.c', line: 2171
Expression 'PaAlsaStream_Initialize( stream, alsaHostApi, inputParameters, outputParameters, sampleRate, framesPerBuffer, callback, streamFlags, userData )' failed in 'src/hostapi/alsa/pa_linux_alsa.c', line: 2839
Expression 'ret' failed in 'src/hostapi/alsa/pa_linux_alsa.c', line: 1736
Expression 'AlsaOpen( &alsaApi->baseHostApiRep, params, streamDir, &self->pcm )' failed in 'src/hostapi/alsa/pa_linux_alsa.c', line: 1904
Expression 'PaAlsaStreamComponent_Initialize( &self->capture, alsaApi, inParams, StreamDirection_In, NULL != callback )' failed in 'src/hostapi/alsa/pa_linux_alsa.c', line: 2171
Expression 'PaAlsaStream_Initialize( stream, alsaHostApi, inputParameters, outputParameters, sampleRate, framesPerBuffer, callback, streamFlags, userData )' failed in 'src/hostapi/alsa/pa_linux_alsa.c', line: 2839
Expression 'ret' failed in 'src/hostapi/alsa/pa_linux_alsa.c', line: 1736
Expression 'AlsaOpen( &alsaApi->baseHostApiRep, params, streamDir, &self->pcm )' failed in 'src/hostapi/alsa/pa_linux_alsa.c', line: 1904
Expression 'PaAlsaStreamComponent_Initialize( &self->capture, alsaApi, inParams, StreamDirection_In, NULL != callback )' failed in 'src/hostapi/alsa/pa_linux_alsa.c', line: 2171
Expression 'PaAlsaStream_Initialize( stream, alsaHostApi, inputParameters, outputParameters, sampleRate, framesPerBuffer, callback, streamFlags, userData )' failed in 'src/hostapi/alsa/pa_linux_alsa.c', line: 2839
Expression 'ret' failed in 'src/hostapi/alsa/pa_linux_alsa.c', line: 1736
Expression 'AlsaOpen( &alsaApi->baseHostApiRep, params, streamDir, &self->pcm )' failed in 'src/hostapi/alsa/pa_linux_alsa.c', line: 1904
Expression 'PaAlsaStreamComponent_Initialize( &self->capture, alsaApi, inParams, StreamDirection_In, NULL != callback )' failed in 'src/hostapi/alsa/pa_linux_alsa.c', line: 2171
Expression 'PaAlsaStream_Initialize( stream, alsaHostApi, inputParameters, outputParameters, sampleRate, framesPerBuffer, callback, streamFlags, userData )' failed in 'src/hostapi/alsa/pa_linux_alsa.c', line: 2839
Expression 'ret' failed in 'src/hostapi/alsa/pa_linux_alsa.c', line: 1736
Expression 'AlsaOpen( &alsaApi->baseHostApiRep, params, streamDir, &self->pcm )' failed in 'src/hostapi/alsa/pa_linux_alsa.c', line: 1904
Expression 'PaAlsaStreamComponent_Initialize( &self->capture, alsaApi, inParams, StreamDirection_In, NULL != callback )' failed in 'src/hostapi/alsa/pa_linux_alsa.c', line: 2171
Expression 'PaAlsaStream_Initialize( stream, alsaHostApi, inputParameters, outputParameters, sampleRate, framesPerBuffer, callback, streamFlags, userData )' failed in 'src/hostapi/alsa/pa_linux_alsa.c', line: 2839
Expression 'ret' failed in 'src/hostapi/alsa/pa_linux_alsa.c', line: 1736
Expression 'AlsaOpen( &alsaApi->baseHostApiRep, params, streamDir, &self->pcm )' failed in 'src/hostapi/alsa/pa_linux_alsa.c', line: 1904
Expression 'PaAlsaStreamComponent_Initialize( &self->capture, alsaApi, inParams, StreamDirection_In, NULL != callback )' failed in 'src/hostapi/alsa/pa_linux_alsa.c', line: 2171
Expression 'PaAlsaStream_Initialize( stream, alsaHostApi, inputParameters, outputParameters, sampleRate, framesPerBuffer, callback, streamFlags, userData )' failed in 'src/hostapi/alsa/pa_linux_alsa.c', line: 2839
Expression 'ret' failed in 'src/hostapi/alsa/pa_linux_alsa.c', line: 1736
Expression 'AlsaOpen( &alsaApi->baseHostApiRep, params, streamDir, &self->pcm )' failed in 'src/hostapi/alsa/pa_linux_alsa.c', line: 1904
Expression 'PaAlsaStreamComponent_Initialize( &self->capture, alsaApi, inParams, StreamDirection_In, NULL != callback )' failed in 'src/hostapi/alsa/pa_linux_alsa.c', line: 2171
Expression 'PaAlsaStream_Initialize( stream, alsaHostApi, inputParameters, outputParameters, sampleRate, framesPerBuffer, callback, streamFlags, userData )' failed in 'src/hostapi/alsa/pa_linux_alsa.c', line: 2839
Expression 'ret' failed in 'src/hostapi/alsa/pa_linux_alsa.c', line: 1736
Expression 'AlsaOpen( &alsaApi->baseHostApiRep, params, streamDir, &self->pcm )' failed in 'src/hostapi/alsa/pa_linux_alsa.c', line: 1904
Expression 'PaAlsaStreamComponent_Initialize( &self->capture, alsaApi, inParams, StreamDirection_In, NULL != callback )' failed in 'src/hostapi/alsa/pa_linux_alsa.c', line: 2171
Expression 'PaAlsaStream_Initialize( stream, alsaHostApi, inputParameters, outputParameters, sampleRate, framesPerBuffer, callback, streamFlags, userData )' failed in 'src/hostapi/alsa/pa_linux_alsa.c', line: 2839
Expression 'ret' failed in 'src/hostapi/alsa/pa_linux_alsa.c', line: 1736
Expression 'AlsaOpen( &alsaApi->baseHostApiRep, params, streamDir, &self->pcm )' failed in 'src/hostapi/alsa/pa_linux_alsa.c', line: 1904
Expression 'PaAlsaStreamComponent_Initialize( &self->capture, alsaApi, inParams, StreamDirection_In, NULL != callback )' failed in 'src/hostapi/alsa/pa_linux_alsa.c', line: 2171
Expression 'PaAlsaStream_Initialize( stream, alsaHostApi, inputParameters, outputParameters, sampleRate, framesPerBuffer, callback, streamFlags, userData )' failed in 'src/hostapi/alsa/pa_linux_alsa.c', line: 2839
Expression 'ret' failed in 'src/hostapi/alsa/pa_linux_alsa.c', line: 1736
Expression 'AlsaOpen( &alsaApi->baseHostApiRep, params, streamDir, &self->pcm )' failed in 'src/hostapi/alsa/pa_linux_alsa.c', line: 1904
Expression 'PaAlsaStreamComponent_Initialize( &self->capture, alsaApi, inParams, StreamDirection_In, NULL != callback )' failed in 'src/hostapi/alsa/pa_linux_alsa.c', line: 2171
Expression 'PaAlsaStream_Initialize( stream, alsaHostApi, inputParameters, outputParameters, sampleRate, framesPerBuffer, callback, streamFlags, userData )' failed in 'src/hostapi/alsa/pa_linux_alsa.c', line: 2839
Expression 'ret' failed in 'src/hostapi/alsa/pa_linux_alsa.c', line: 1736
Expression 'AlsaOpen( &alsaApi->baseHostApiRep, params, streamDir, &self->pcm )' failed in 'src/hostapi/alsa/pa_linux_alsa.c', line: 1904
Expression 'PaAlsaStreamComponent_Initialize( &self->capture, alsaApi, inParams, StreamDirection_In, NULL != callback )' failed in 'src/hostapi/alsa/pa_linux_alsa.c', line: 2171
Expression 'PaAlsaStream_Initialize( stream, alsaHostApi, inputParameters, outputParameters, sampleRate, framesPerBuffer, callback, streamFlags, userData )' failed in 'src/hostapi/alsa/pa_linux_alsa.c', line: 2839
Expression 'ret' failed in 'src/hostapi/alsa/pa_linux_alsa.c', line: 1736
Expression 'AlsaOpen( &alsaApi->baseHostApiRep, params, streamDir, &self->pcm )' failed in 'src/hostapi/alsa/pa_linux_alsa.c', line: 1904
Expression 'PaAlsaStreamComponent_Initialize( &self->capture, alsaApi, inParams, StreamDirection_In, NULL != callback )' failed in 'src/hostapi/alsa/pa_linux_alsa.c', line: 2171
Expression 'PaAlsaStream_Initialize( stream, alsaHostApi, inputParameters, outputParameters, sampleRate, framesPerBuffer, callback, streamFlags, userData )' failed in 'src/hostapi/alsa/pa_linux_alsa.c', line: 2839
Expression 'ret' failed in 'src/hostapi/alsa/pa_linux_alsa.c', line: 1736
Expression 'AlsaOpen( &alsaApi->baseHostApiRep, params, streamDir, &self->pcm )' failed in 'src/hostapi/alsa/pa_linux_alsa.c', line: 1904
Expression 'PaAlsaStreamComponent_Initialize( &self->capture, alsaApi, inParams, StreamDirection_In, NULL != callback )' failed in 'src/hostapi/alsa/pa_linux_alsa.c', line: 2171
Expression 'PaAlsaStream_Initialize( stream, alsaHostApi, inputParameters, outputParameters, sampleRate, framesPerBuffer, callback, streamFlags, userData )' failed in 'src/hostapi/alsa/pa_linux_alsa.c', line: 2839
Expression 'ret' failed in 'src/hostapi/alsa/pa_linux_alsa.c', line: 1736
Expression 'AlsaOpen( &alsaApi->baseHostApiRep, params, streamDir, &self->pcm )' failed in 'src/hostapi/alsa/pa_linux_alsa.c', line: 1904
Expression 'PaAlsaStreamComponent_Initialize( &self->capture, alsaApi, inParams, StreamDirection_In, NULL != callback )' failed in 'src/hostapi/alsa/pa_linux_alsa.c', line: 2171
Expression 'PaAlsaStream_Initialize( stream, alsaHostApi, inputParameters, outputParameters, sampleRate, framesPerBuffer, callback, streamFlags, userData )' failed in 'src/hostapi/alsa/pa_linux_alsa.c', line: 2839
Expression 'ret' failed in 'src/hostapi/alsa/pa_linux_alsa.c', line: 1736
Expression 'AlsaOpen( &alsaApi->baseHostApiRep, params, streamDir, &self->pcm )' failed in 'src/hostapi/alsa/pa_linux_alsa.c', line: 1904
Expression 'PaAlsaStreamComponent_Initialize( &self->capture, alsaApi, inParams, StreamDirection_In, NULL != callback )' failed in 'src/hostapi/alsa/pa_linux_alsa.c', line: 2171
Expression 'PaAlsaStream_Initialize( stream, alsaHostApi, inputParameters, outputParameters, sampleRate, framesPerBuffer, callback, streamFlags, userData )' failed in 'src/hostapi/alsa/pa_linux_alsa.c', line: 2839
Expression 'ret' failed in 'src/hostapi/alsa/pa_linux_alsa.c', line: 1736
Expression 'AlsaOpen( &alsaApi->baseHostApiRep, params, streamDir, &self->pcm )' failed in 'src/hostapi/alsa/pa_linux_alsa.c', line: 1904
Expression 'PaAlsaStreamComponent_Initialize( &self->capture, alsaApi, inParams, StreamDirection_In, NULL != callback )' failed in 'src/hostapi/alsa/pa_linux_alsa.c', line: 2171
Expression 'PaAlsaStream_Initialize( stream, alsaHostApi, inputParameters, outputParameters, sampleRate, framesPerBuffer, callback, streamFlags, userData )' failed in 'src/hostapi/alsa/pa_linux_alsa.c', line: 2839
Expression 'ret' failed in 'src/hostapi/alsa/pa_linux_alsa.c', line: 1736
Expression 'AlsaOpen( &alsaApi->baseHostApiRep, params, streamDir, &self->pcm )' failed in 'src/hostapi/alsa/pa_linux_alsa.c', line: 1904
Expression 'PaAlsaStreamComponent_Initialize( &self->capture, alsaApi, inParams, StreamDirection_In, NULL != callback )' failed in 'src/hostapi/alsa/pa_linux_alsa.c', line: 2171
Expression 'PaAlsaStream_Initialize( stream, alsaHostApi, inputParameters, outputParameters, sampleRate, framesPerBuffer, callback, streamFlags, userData )' failed in 'src/hostapi/alsa/pa_linux_alsa.c', line: 2839
Expression 'ret' failed in 'src/hostapi/alsa/pa_linux_alsa.c', line: 1736
Expression 'AlsaOpen( &alsaApi->baseHostApiRep, params, streamDir, &self->pcm )' failed in 'src/hostapi/alsa/pa_linux_alsa.c', line: 1904
Expression 'PaAlsaStreamComponent_Initialize( &self->capture, alsaApi, inParams, StreamDirection_In, NULL != callback )' failed in 'src/hostapi/alsa/pa_linux_alsa.c', line: 2171
Expression 'PaAlsaStream_Initialize( stream, alsaHostApi, inputParameters, outputParameters, sampleRate, framesPerBuffer, callback, streamFlags, userData )' failed in 'src/hostapi/alsa/pa_linux_alsa.c', line: 2839
Expression 'ret' failed in 'src/hostapi/alsa/pa_linux_alsa.c', line: 1736
Expression 'AlsaOpen( &alsaApi->baseHostApiRep, params, streamDir, &self->pcm )' failed in 'src/hostapi/alsa/pa_linux_alsa.c', line: 1904
Expression 'PaAlsaStreamComponent_Initialize( &self->capture, alsaApi, inParams, StreamDirection_In, NULL != callback )' failed in 'src/hostapi/alsa/pa_linux_alsa.c', line: 2171
Expression 'PaAlsaStream_Initialize( stream, alsaHostApi, inputParameters, outputParameters, sampleRate, framesPerBuffer, callback, streamFlags, userData )' failed in 'src/hostapi/alsa/pa_linux_alsa.c', line: 2839
Expression 'ret' failed in 'src/hostapi/alsa/pa_linux_alsa.c', line: 1736
Expression 'AlsaOpen( &alsaApi->baseHostApiRep, params, streamDir, &self->pcm )' failed in 'src/hostapi/alsa/pa_linux_alsa.c', line: 1904
Expression 'PaAlsaStreamComponent_Initialize( &self->capture, alsaApi, inParams, StreamDirection_In, NULL != callback )' failed in 'src/hostapi/alsa/pa_linux_alsa.c', line: 2171
Expression 'PaAlsaStream_Initialize( stream, alsaHostApi, inputParameters, outputParameters, sampleRate, framesPerBuffer, callback, streamFlags, userData )' failed in 'src/hostapi/alsa/pa_linux_alsa.c', line: 2839
Expression 'ret' failed in 'src/hostapi/alsa/pa_linux_alsa.c', line: 1736
Expression 'AlsaOpen( &alsaApi->baseHostApiRep, params, streamDir, &self->pcm )' failed in 'src/hostapi/alsa/pa_linux_alsa.c', line: 1904
Expression 'PaAlsaStreamComponent_Initialize( &self->capture, alsaApi, inParams, StreamDirection_In, NULL != callback )' failed in 'src/hostapi/alsa/pa_linux_alsa.c', line: 2171
Expression 'PaAlsaStream_Initialize( stream, alsaHostApi, inputParameters, outputParameters, sampleRate, framesPerBuffer, callback, streamFlags, userData )' failed in 'src/hostapi/alsa/pa_linux_alsa.c', line: 2839
Expression 'ret' failed in 'src/hostapi/alsa/pa_linux_alsa.c', line: 1736
Expression 'AlsaOpen( &alsaApi->baseHostApiRep, params, streamDir, &self->pcm )' failed in 'src/hostapi/alsa/pa_linux_alsa.c', line: 1904
Expression 'PaAlsaStreamComponent_Initialize( &self->capture, alsaApi, inParams, StreamDirection_In, NULL != callback )' failed in 'src/hostapi/alsa/pa_linux_alsa.c', line: 2171
Expression 'PaAlsaStream_Initialize( stream, alsaHostApi, inputParameters, outputParameters, sampleRate, framesPerBuffer, callback, streamFlags, userData )' failed in 'src/hostapi/alsa/pa_linux_alsa.c', line: 2839
Expression 'ret' failed in 'src/hostapi/alsa/pa_linux_alsa.c', line: 1736
Expression 'AlsaOpen( &alsaApi->baseHostApiRep, params, streamDir, &self->pcm )' failed in 'src/hostapi/alsa/pa_linux_alsa.c', line: 1904
Expression 'PaAlsaStreamComponent_Initialize( &self->capture, alsaApi, inParams, StreamDirection_In, NULL != callback )' failed in 'src/hostapi/alsa/pa_linux_alsa.c', line: 2171
Expression 'PaAlsaStream_Initialize( stream, alsaHostApi, inputParameters, outputParameters, sampleRate, framesPerBuffer, callback, streamFlags, userData )' failed in 'src/hostapi/alsa/pa_linux_alsa.c', line: 2839
Expression 'ret' failed in 'src/hostapi/alsa/pa_linux_alsa.c', line: 1736
Expression 'AlsaOpen( &alsaApi->baseHostApiRep, params, streamDir, &self->pcm )' failed in 'src/hostapi/alsa/pa_linux_alsa.c', line: 1904
Expression 'PaAlsaStreamComponent_Initialize( &self->capture, alsaApi, inParams, StreamDirection_In, NULL != callback )' failed in 'src/hostapi/alsa/pa_linux_alsa.c', line: 2171
Expression 'PaAlsaStream_Initialize( stream, alsaHostApi, inputParameters, outputParameters, sampleRate, framesPerBuffer, callback, streamFlags, userData )' failed in 'src/hostapi/alsa/pa_linux_alsa.c', line: 2839
Expression 'ret' failed in 'src/hostapi/alsa/pa_linux_alsa.c', line: 1736
Expression 'AlsaOpen( &alsaApi->baseHostApiRep, params, streamDir, &self->pcm )' failed in 'src/hostapi/alsa/pa_linux_alsa.c', line: 1904
Expression 'PaAlsaStreamComponent_Initialize( &self->capture, alsaApi, inParams, StreamDirection_In, NULL != callback )' failed in 'src/hostapi/alsa/pa_linux_alsa.c', line: 2171
Expression 'PaAlsaStream_Initialize( stream, alsaHostApi, inputParameters, outputParameters, sampleRate, framesPerBuffer, callback, streamFlags, userData )' failed in 'src/hostapi/alsa/pa_linux_alsa.c', line: 2839
Expression 'ret' failed in 'src/hostapi/alsa/pa_linux_alsa.c', line: 1736
Expression 'AlsaOpen( &alsaApi->baseHostApiRep, params, streamDir, &self->pcm )' failed in 'src/hostapi/alsa/pa_linux_alsa.c', line: 1904
Expression 'PaAlsaStreamComponent_Initialize( &self->capture, alsaApi, inParams, StreamDirection_In, NULL != callback )' failed in 'src/hostapi/alsa/pa_linux_alsa.c', line: 2171
Expression 'PaAlsaStream_Initialize( stream, alsaHostApi, inputParameters, outputParameters, sampleRate, framesPerBuffer, callback, streamFlags, userData )' failed in 'src/hostapi/alsa/pa_linux_alsa.c', line: 2839
Expression 'ret' failed in 'src/hostapi/alsa/pa_linux_alsa.c', line: 1736
Expression 'AlsaOpen( &alsaApi->baseHostApiRep, params, streamDir, &self->pcm )' failed in 'src/hostapi/alsa/pa_linux_alsa.c', line: 1904
Expression 'PaAlsaStreamComponent_Initialize( &self->capture, alsaApi, inParams, StreamDirection_In, NULL != callback )' failed in 'src/hostapi/alsa/pa_linux_alsa.c', line: 2171
Expression 'PaAlsaStream_Initialize( stream, alsaHostApi, inputParameters, outputParameters, sampleRate, framesPerBuffer, callback, streamFlags, userData )' failed in 'src/hostapi/alsa/pa_linux_alsa.c', line: 2839
[Errno -9985] Device unavailable
❌ Mic open error: [Errno -9985] Device unavailable
❌ Mic open error: [Errno -9985] Device unavailable
❌ Mic open error: [Errno -9985] Device unavailable
❌ Mic open error: [Errno -9985] Device unavailable
❌ Mic open error: [Errno -9985] Device unavailable
❌ Mic open error: [Errno -9985] Device unavailable
❌ Mic open error: [Errno -9985] Device unavailable
❌ Mic open error: [Errno -9985] Device unavailable
❌ Mic open error: [Errno -9985] Device unavailable
❌ Mic open error: [Errno -9985] Device unavailable
❌ Mic open error: [Errno -9985] Device unavailable
❌ Mic open error: [Errno -9985] Device unavailable
❌ Mic open error: [Errno -9985] Device unavailable
❌ Mic open error: [Errno -9985] Device unavailable
❌ Mic open error: [Errno -9985] Device unavailable
❌ Mic open error: [Errno -9985] Device unavailable
❌ Mic open error: [Errno -9985] Device unavailable
❌ Mic open error: [Errno -9985] Device unavailable
❌ Mic open error: [Errno -9985] Device unavailable
❌ Mic open error: [Errno -9985] Device unavailable
❌ Mic open error: [Errno -9985] Device unavailable
❌ Mic open error: [Errno -9985] Device unavailable
❌ Mic open error: [Errno -9985] Device unavailable
❌ Mic open error: [Errno -9985] Device unavailable
❌ Mic open error: [Errno -9985] Device unavailable
❌ Mic open error: [Errno -9985] Device unavailable
❌ Mic open error: [Errno -9985] Device unavailable
❌ Mic open error: [Errno -9985] Device unavailable
❌ Mic open error: [Errno -9985] Device unavailable
❌ Mic open error: [Errno -9985] Device unavailable
❌ Mic open error: [Errno -9985] Device unavailable
❌ Mic open error: [Errno -9985] Device unavailable
❌ Mic open error: [Errno -9985] Device unavailable
❌ Mic open error: [Errno -9985] Device unavailable
❌ Mic open error: [Errno -9985] Device unavailable
❌ Mic open error: [Errno -9985] Device unavailable
❌ Mic open error: [Errno -9985] Device unavailable
❌ Mic open error: [Errno -9985] Device unavailable
❌ Mic open error: [Errno -9985] Device unavailable
❌ Mic open error: [Errno -9985] Device unavailable
❌ Mic open error: [Errno -9985] Device unavailable
❌ Mic open error: [Errno -9985] Device unavailable
❌ Mic open error: [Errno -9985] Device unavailable
❌ Mic open error: [Errno -9985] Device unavailable
❌ Mic open error: [Errno -9985] Device unavailable
❌ Mic open error: [Errno -9985] Device unavailable
❌ Mic open error: [Errno -9985] Device unavailable
❌ Mic open error: [Errno -9985] Device unavailable
❌ Mic open error: [Errno -9985] Device unavailable
❌ Mic open error: [Errno -9985] Device unavailable
❌ Mic open error: [Errno -9985] Device unavailable
❌ Mic open error: [Errno -9985] Device unavailable
❌ Mic open error: [Errno -9985] Device unavailable
❌ Mic open error: [Errno -9985] Device unavailable
❌ Mic open error: [Errno -9985] Device unavailable
❌ Mic open error: [Errno -9985] Device unavailable
❌ Mic open error: [Errno -9985] Device unavailable
❌ Mic open error: [Errno -9985] Device unavailable
❌ Mic open error: [Errno -9985] Device unavailable
❌ Mic open error: [Errno -9985] Device unavailable
❌ Mic open error: [Errno -9985] Device unavailable
❌ Mic open error: [Errno -9985] Device unavailable
❌ Mic open error: [Errno -9985] Device unavailable
❌ Mic open error: [Errno -9985] Device unavailable
❌ Mic open error: [Errno -9985] Device unavailable
❌ Mic open error: [Errno -9985] Device unavailable
❌ Mic open error: [Errno -9985] Device unavailable
❌ Mic open error: [Errno -9985] Device unavailable
❌ Mic open error: [Errno -9985] Device unavailable
❌ Mic open error: [Errno -9985] Device unavailable
❌ Mic open error: [Errno -9985] Device unavailable
❌ Mic open error: [Errno -9985] Device unavailable
❌ Mic open error: [Errno -9985] Device unavailable
❌ Mic open error: [Errno -9985] Device unavailable
❌ Mic open error: [Errno -9985] Device unavailable
❌ Mic open error: [Errno -9985] Device unavailable
❌ Mic open error: [Errno -9985] Device unavailable
❌ Mic open error: [Errno -9985] Device unavailable
❌ Mic open error: [Errno -9985] Device unavailable
❌ Mic open error: [Errno -9985] Device unavailable
❌ Mic open error: [Errno -9985] Device unavailable
❌ Mic open error: [Errno -9985] Device unavailable
❌ Mic open error: [Errno -9985] Device unavailable
❌ Mic open error: [Errno -9985] Device unavailable
❌ Mic open error: [Errno -9985] Device unavailable
❌ Mic open error: [Errno -9985] Device unavailable
❌ Mic open error: [Errno -9985] Device unavailable
❌ Mic open error: [Errno -9985] Device unavailable
❌ Mic open error: [Errno -9985] Device unavailable
❌ Mic open error: [Errno -9985] Device unavailable
❌ Mic open error: [Errno -9985] Device unavailable
❌ Mic open error: [Errno -9985] Device unavailable
❌ Mic open error: [Errno -9985] Device unavailable
❌ Mic open error: [Errno -9985] Device unavailable
❌ Mic open error: [Errno -9985] Device unavailable
❌ Mic open error: [Errno -9985] Device unavailable
❌ Mic open error: [Errno -9985] Device unavailable
❌ Mic open error: [Errno -9985] Device unavailable
❌ Mic open error: [Errno -9985] Device unavailable
❌ Mic open error: [Errno -9985] Device unavailable
❌ Mic open error: [Errno -9985] Device unavailable
❌ Mic open error: [Errno -9985] Device unavailable
❌ Mic open error: [Errno -9985] Device unavailable
❌ Mic open error: [Errno -9985] Device unavailable
❌ Mic open error: [Errno -9985] Device unavailable
❌ Mic open error: [Errno -9985] Device unavailable
❌ Mic open error: [Errno -9985] Device unavailable
❌ Mic open error: [Errno -9985] Device unavailable
❌ Mic open error: [Errno -9985] Device unavailable
❌ Mic open error: [Errno -9985] Device unavailable
❌ Mic open error: [Errno -9985] Device unavailable
❌ Mic open error: [Errno -9985] Device unavailable
❌ Mic open error: [Errno -9985] Device unavailable
❌ Mic open error: [Errno -9985] Device unavailable
❌ Mic open error: [Errno -9985] Device unavailable
❌ Mic open error: [Errno -9985] Device unavailable
🎙️ Voice detected (RMS~0.015)
📝 Transcribing audio…
❌ Mic open error: [Errno -9985] Device unavailable
❌ Mic open error: [Errno -9985] Device unavailable
❌ Mic open error: [Errno -9985] Device unavailable
❌ Mic open error: [Errno -9985] Device unavailable
❌ Mic open error: [Errno -9985] Device unavailable
❌ Mic open error: [Errno -9985] Device unavailable
❌ Mic open error: [Errno -9985] Device unavailable
❌ Mic open error: [Errno -9985] Device unavailable
❌ Mic open error: [Errno -9985] Device unavailable
❌ Mic open error: [Errno -9985] Device unavailable
❌ Mic open error: [Errno -9985] Device unavailable
❌ Mic open error: [Errno -9985] Device unavailable
❌ Mic open error: [Errno -9985] Device unavailable
❌ Mic open error: [Errno -9985] Device unavailable
❌ Mic open error: [Errno -9985] Device unavailable
❌ Mic open error: [Errno -9985] Device unavailable
❌ Mic open error: [Errno -9985] Device unavailable
❌ Mic open error: [Errno -9985] Device unavailable
❌ Mic open error: [Errno -9985] Device unavailable
❌ Mic open error: [Errno -9985] Device unavailable
❌ Mic open error: [Errno -9985] Device unavailable
❌ Mic open error: [Errno -9985] Device unavailable
❌ Mic open error: [Errno -9985] Device unavailable
❌ Mic open error: [Errno -9985] Device unavailable
❌ Mic open error: [Errno -9985] Device unavailable
🎙️ Voice detected (RMS~0.032)
📝 Transcribing audio…
❌ Mic open error: [Errno -9985] Device unavailable
❌ Mic open error: [Errno -9985] Device unavailable
❌ Mic open error: [Errno -9985] Device unavailable
❌ Mic open error: [Errno -9985] Device unavailable
❌ Mic open error: [Errno -9985] Device unavailable
❌ Mic open error: [Errno -9985] Device unavailable
❌ Mic open error: [Errno -9985] Device unavailable
❌ Mic open error: [Errno -9985] Device unavailable
❌ Mic open error: [Errno -9985] Device unavailable
❌ Mic open error: [Errno -9985] Device unavailable
❌ Mic open error: Expression 'ret' failed in 'src/hostapi/alsa/pa_linux_alsa.c', line: 1736
Expression 'AlsaOpen( &alsaApi->baseHostApiRep, params, streamDir, &self->pcm )' failed in 'src/hostapi/alsa/pa_linux_alsa.c', line: 1904
Expression 'PaAlsaStreamComponent_Initialize( &self->capture, alsaApi, inParams, StreamDirection_In, NULL != callback )' failed in 'src/hostapi/alsa/pa_linux_alsa.c', line: 2171
Expression 'PaAlsaStream_Initialize( stream, alsaHostApi, inputParameters, outputParameters, sampleRate, framesPerBuffer, callback, streamFlags, userData )' failed in 'src/hostapi/alsa/pa_linux_alsa.c', line: 2839
Expression 'ret' failed in 'src/hostapi/alsa/pa_linux_alsa.c', line: 1736
Expression 'AlsaOpen( &alsaApi->baseHostApiRep, params, streamDir, &self->pcm )' failed in 'src/hostapi/alsa/pa_linux_alsa.c', line: 1904
Expression 'PaAlsaStreamComponent_Initialize( &self->capture, alsaApi, inParams, StreamDirection_In, NULL != callback )' failed in 'src/hostapi/alsa/pa_linux_alsa.c', line: 2171
Expression 'PaAlsaStream_Initialize( stream, alsaHostApi, inputParameters, outputParameters, sampleRate, framesPerBuffer, callback, streamFlags, userData )' failed in 'src/hostapi/alsa/pa_linux_alsa.c', line: 2839
Expression 'ret' failed in 'src/hostapi/alsa/pa_linux_alsa.c', line: 1736
Expression 'AlsaOpen( &alsaApi->baseHostApiRep, params, streamDir, &self->pcm )' failed in 'src/hostapi/alsa/pa_linux_alsa.c', line: 1904
Expression 'PaAlsaStreamComponent_Initialize( &self->capture, alsaApi, inParams, StreamDirection_In, NULL != callback )' failed in 'src/hostapi/alsa/pa_linux_alsa.c', line: 2171
Expression 'PaAlsaStream_Initialize( stream, alsaHostApi, inputParameters, outputParameters, sampleRate, framesPerBuffer, callback, streamFlags, userData )' failed in 'src/hostapi/alsa/pa_linux_alsa.c', line: 2839
Expression 'ret' failed in 'src/hostapi/alsa/pa_linux_alsa.c', line: 1736
Expression 'AlsaOpen( &alsaApi->baseHostApiRep, params, streamDir, &self->pcm )' failed in 'src/hostapi/alsa/pa_linux_alsa.c', line: 1904
Expression 'PaAlsaStreamComponent_Initialize( &self->capture, alsaApi, inParams, StreamDirection_In, NULL != callback )' failed in 'src/hostapi/alsa/pa_linux_alsa.c', line: 2171
Expression 'PaAlsaStream_Initialize( stream, alsaHostApi, inputParameters, outputParameters, sampleRate, framesPerBuffer, callback, streamFlags, userData )' failed in 'src/hostapi/alsa/pa_linux_alsa.c', line: 2839
Expression 'ret' failed in 'src/hostapi/alsa/pa_linux_alsa.c', line: 1736
Expression 'AlsaOpen( &alsaApi->baseHostApiRep, params, streamDir, &self->pcm )' failed in 'src/hostapi/alsa/pa_linux_alsa.c', line: 1904
Expression 'PaAlsaStreamComponent_Initialize( &self->capture, alsaApi, inParams, StreamDirection_In, NULL != callback )' failed in 'src/hostapi/alsa/pa_linux_alsa.c', line: 2171
Expression 'PaAlsaStream_Initialize( stream, alsaHostApi, inputParameters, outputParameters, sampleRate, framesPerBuffer, callback, streamFlags, userData )' failed in 'src/hostapi/alsa/pa_linux_alsa.c', line: 2839
Expression 'ret' failed in 'src/hostapi/alsa/pa_linux_alsa.c', line: 1736
Expression 'AlsaOpen( &alsaApi->baseHostApiRep, params, streamDir, &self->pcm )' failed in 'src/hostapi/alsa/pa_linux_alsa.c', line: 1904
Expression 'PaAlsaStreamComponent_Initialize( &self->capture, alsaApi, inParams, StreamDirection_In, NULL != callback )' failed in 'src/hostapi/alsa/pa_linux_alsa.c', line: 2171
Expression 'PaAlsaStream_Initialize( stream, alsaHostApi, inputParameters, outputParameters, sampleRate, framesPerBuffer, callback, streamFlags, userData )' failed in 'src/hostapi/alsa/pa_linux_alsa.c', line: 2839
Expression 'ret' failed in 'src/hostapi/alsa/pa_linux_alsa.c', line: 1736
Expression 'AlsaOpen( &alsaApi->baseHostApiRep, params, streamDir, &self->pcm )' failed in 'src/hostapi/alsa/pa_linux_alsa.c', line: 1904
Expression 'PaAlsaStreamComponent_Initialize( &self->capture, alsaApi, inParams, StreamDirection_In, NULL != callback )' failed in 'src/hostapi/alsa/pa_linux_alsa.c', line: 2171
Expression 'PaAlsaStream_Initialize( stream, alsaHostApi, inputParameters, outputParameters, sampleRate, framesPerBuffer, callback, streamFlags, userData )' failed in 'src/hostapi/alsa/pa_linux_alsa.c', line: 2839
Expression 'ret' failed in 'src/hostapi/alsa/pa_linux_alsa.c', line: 1736
Expression 'AlsaOpen( &alsaApi->baseHostApiRep, params, streamDir, &self->pcm )' failed in 'src/hostapi/alsa/pa_linux_alsa.c', line: 1904
Expression 'PaAlsaStreamComponent_Initialize( &self->capture, alsaApi, inParams, StreamDirection_In, NULL != callback )' failed in 'src/hostapi/alsa/pa_linux_alsa.c', line: 2171
Expression 'PaAlsaStream_Initialize( stream, alsaHostApi, inputParameters, outputParameters, sampleRate, framesPerBuffer, callback, streamFlags, userData )' failed in 'src/hostapi/alsa/pa_linux_alsa.c', line: 2839
Expression 'ret' failed in 'src/hostapi/alsa/pa_linux_alsa.c', line: 1736
Expression 'AlsaOpen( &alsaApi->baseHostApiRep, params, streamDir, &self->pcm )' failed in 'src/hostapi/alsa/pa_linux_alsa.c', line: 1904
Expression 'PaAlsaStreamComponent_Initialize( &self->capture, alsaApi, inParams, StreamDirection_In, NULL != callback )' failed in 'src/hostapi/alsa/pa_linux_alsa.c', line: 2171
Expression 'PaAlsaStream_Initialize( stream, alsaHostApi, inputParameters, outputParameters, sampleRate, framesPerBuffer, callback, streamFlags, userData )' failed in 'src/hostapi/alsa/pa_linux_alsa.c', line: 2839
Expression 'ret' failed in 'src/hostapi/alsa/pa_linux_alsa.c', line: 1736
Expression 'AlsaOpen( &alsaApi->baseHostApiRep, params, streamDir, &self->pcm )' failed in 'src/hostapi/alsa/pa_linux_alsa.c', line: 1904
Expression 'PaAlsaStreamComponent_Initialize( &self->capture, alsaApi, inParams, StreamDirection_In, NULL != callback )' failed in 'src/hostapi/alsa/pa_linux_alsa.c', line: 2171
Expression 'PaAlsaStream_Initialize( stream, alsaHostApi, inputParameters, outputParameters, sampleRate, framesPerBuffer, callback, streamFlags, userData )' failed in 'src/hostapi/alsa/pa_linux_alsa.c', line: 2839
Expression 'ret' failed in 'src/hostapi/alsa/pa_linux_alsa.c', line: 1736
Expression 'AlsaOpen( &alsaApi->baseHostApiRep, params, streamDir, &self->pcm )' failed in 'src/hostapi/alsa/pa_linux_alsa.c', line: 1904
Expression 'PaAlsaStreamComponent_Initialize( &self->capture, alsaApi, inParams, StreamDirection_In, NULL != callback )' failed in 'src/hostapi/alsa/pa_linux_alsa.c', line: 2171
Expression 'PaAlsaStream_Initialize( stream, alsaHostApi, inputParameters, outputParameters, sampleRate, framesPerBuffer, callback, streamFlags, userData )' failed in 'src/hostapi/alsa/pa_linux_alsa.c', line: 2839
Expression 'ret' failed in 'src/hostapi/alsa/pa_linux_alsa.c', line: 1736
Expression 'AlsaOpen( &alsaApi->baseHostApiRep, params, streamDir, &self->pcm )' failed in 'src/hostapi/alsa/pa_linux_alsa.c', line: 1904
Expression 'PaAlsaStreamComponent_Initialize( &self->capture, alsaApi, inParams, StreamDirection_In, NULL != callback )' failed in 'src/hostapi/alsa/pa_linux_alsa.c', line: 2171
Expression 'PaAlsaStream_Initialize( stream, alsaHostApi, inputParameters, outputParameters, sampleRate, framesPerBuffer, callback, streamFlags, userData )' failed in 'src/hostapi/alsa/pa_linux_alsa.c', line: 2839
Expression 'ret' failed in 'src/hostapi/alsa/pa_linux_alsa.c', line: 1736
Expression 'AlsaOpen( &alsaApi->baseHostApiRep, params, streamDir, &self->pcm )' failed in 'src/hostapi/alsa/pa_linux_alsa.c', line: 1904
Expression 'PaAlsaStreamComponent_Initialize( &self->capture, alsaApi, inParams, StreamDirection_In, NULL != callback )' failed in 'src/hostapi/alsa/pa_linux_alsa.c', line: 2171
Expression 'PaAlsaStream_Initialize( stream, alsaHostApi, inputParameters, outputParameters, sampleRate, framesPerBuffer, callback, streamFlags, userData )' failed in 'src/hostapi/alsa/pa_linux_alsa.c', line: 2839
Expression 'ret' failed in 'src/hostapi/alsa/pa_linux_alsa.c', line: 1736
Expression 'AlsaOpen( &alsaApi->baseHostApiRep, params, streamDir, &self->pcm )' failed in 'src/hostapi/alsa/pa_linux_alsa.c', line: 1904
Expression 'PaAlsaStreamComponent_Initialize( &self->capture, alsaApi, inParams, StreamDirection_In, NULL != callback )' failed in 'src/hostapi/alsa/pa_linux_alsa.c', line: 2171
Expression 'PaAlsaStream_Initialize( stream, alsaHostApi, inputParameters, outputParameters, sampleRate, framesPerBuffer, callback, streamFlags, userData )' failed in 'src/hostapi/alsa/pa_linux_alsa.c', line: 2839
Expression 'ret' failed in 'src/hostapi/alsa/pa_linux_alsa.c', line: 1736
Expression 'AlsaOpen( &alsaApi->baseHostApiRep, params, streamDir, &self->pcm )' failed in 'src/hostapi/alsa/pa_linux_alsa.c', line: 1904
Expression 'PaAlsaStreamComponent_Initialize( &self->capture, alsaApi, inParams, StreamDirection_In, NULL != callback )' failed in 'src/hostapi/alsa/pa_linux_alsa.c', line: 2171
Expression 'PaAlsaStream_Initialize( stream, alsaHostApi, inputParameters, outputParameters, sampleRate, framesPerBuffer, callback, streamFlags, userData )' failed in 'src/hostapi/alsa/pa_linux_alsa.c', line: 2839
Expression 'ret' failed in 'src/hostapi/alsa/pa_linux_alsa.c', line: 1736
Expression 'AlsaOpen( &alsaApi->baseHostApiRep, params, streamDir, &self->pcm )' failed in 'src/hostapi/alsa/pa_linux_alsa.c', line: 1904
Expression 'PaAlsaStreamComponent_Initialize( &self->capture, alsaApi, inParams, StreamDirection_In, NULL != callback )' failed in 'src/hostapi/alsa/pa_linux_alsa.c', line: 2171
Expression 'PaAlsaStream_Initialize( stream, alsaHostApi, inputParameters, outputParameters, sampleRate, framesPerBuffer, callback, streamFlags, userData )' failed in 'src/hostapi/alsa/pa_linux_alsa.c', line: 2839
Expression 'ret' failed in 'src/hostapi/alsa/pa_linux_alsa.c', line: 1736
Expression 'AlsaOpen( &alsaApi->baseHostApiRep, params, streamDir, &self->pcm )' failed in 'src/hostapi/alsa/pa_linux_alsa.c', line: 1904
Expression 'PaAlsaStreamComponent_Initialize( &self->capture, alsaApi, inParams, StreamDirection_In, NULL != callback )' failed in 'src/hostapi/alsa/pa_linux_alsa.c', line: 2171
Expression 'PaAlsaStream_Initialize( stream, alsaHostApi, inputParameters, outputParameters, sampleRate, framesPerBuffer, callback, streamFlags, userData )' failed in 'src/hostapi/alsa/pa_linux_alsa.c', line: 2839
Expression 'ret' failed in 'src/hostapi/alsa/pa_linux_alsa.c', line: 1736
Expression 'AlsaOpen( &alsaApi->baseHostApiRep, params, streamDir, &self->pcm )' failed in 'src/hostapi/alsa/pa_linux_alsa.c', line: 1904
Expression 'PaAlsaStreamComponent_Initialize( &self->capture, alsaApi, inParams, StreamDirection_In, NULL != callback )' failed in 'src/hostapi/alsa/pa_linux_alsa.c', line: 2171
Expression 'PaAlsaStream_Initialize( stream, alsaHostApi, inputParameters, outputParameters, sampleRate, framesPerBuffer, callback, streamFlags, userData )' failed in 'src/hostapi/alsa/pa_linux_alsa.c', line: 2839
Expression 'ret' failed in 'src/hostapi/alsa/pa_linux_alsa.c', line: 1736
Expression 'AlsaOpen( &alsaApi->baseHostApiRep, params, streamDir, &self->pcm )' failed in 'src/hostapi/alsa/pa_linux_alsa.c', line: 1904
Expression 'PaAlsaStreamComponent_Initialize( &self->capture, alsaApi, inParams, StreamDirection_In, NULL != callback )' failed in 'src/hostapi/alsa/pa_linux_alsa.c', line: 2171
Expression 'PaAlsaStream_Initialize( stream, alsaHostApi, inputParameters, outputParameters, sampleRate, framesPerBuffer, callback, streamFlags, userData )' failed in 'src/hostapi/alsa/pa_linux_alsa.c', line: 2839
Expression 'ret' failed in 'src/hostapi/alsa/pa_linux_alsa.c', line: 1736
Expression 'AlsaOpen( &alsaApi->baseHostApiRep, params, streamDir, &self->pcm )' failed in 'src/hostapi/alsa/pa_linux_alsa.c', line: 1904
Expression 'PaAlsaStreamComponent_Initialize( &self->capture, alsaApi, inParams, StreamDirection_In, NULL != callback )' failed in 'src/hostapi/alsa/pa_linux_alsa.c', line: 2171
Expression 'PaAlsaStream_Initialize( stream, alsaHostApi, inputParameters, outputParameters, sampleRate, framesPerBuffer, callback, streamFlags, userData )' failed in 'src/hostapi/alsa/pa_linux_alsa.c', line: 2839
Expression 'ret' failed in 'src/hostapi/alsa/pa_linux_alsa.c', line: 1736
Expression 'AlsaOpen( &alsaApi->baseHostApiRep, params, streamDir, &self->pcm )' failed in 'src/hostapi/alsa/pa_linux_alsa.c', line: 1904
Expression 'PaAlsaStreamComponent_Initialize( &self->capture, alsaApi, inParams, StreamDirection_In, NULL != callback )' failed in 'src/hostapi/alsa/pa_linux_alsa.c', line: 2171
Expression 'PaAlsaStream_Initialize( stream, alsaHostApi, inputParameters, outputParameters, sampleRate, framesPerBuffer, callback, streamFlags, userData )' failed in 'src/hostapi/alsa/pa_linux_alsa.c', line: 2839
Expression 'ret' failed in 'src/hostapi/alsa/pa_linux_alsa.c', line: 1736
Expression 'AlsaOpen( &alsaApi->baseHostApiRep, params, streamDir, &self->pcm )' failed in 'src/hostapi/alsa/pa_linux_alsa.c', line: 1904
Expression 'PaAlsaStreamComponent_Initialize( &self->capture, alsaApi, inParams, StreamDirection_In, NULL != callback )' failed in 'src/hostapi/alsa/pa_linux_alsa.c', line: 2171
Expression 'PaAlsaStream_Initialize( stream, alsaHostApi, inputParameters, outputParameters, sampleRate, framesPerBuffer, callback, streamFlags, userData )' failed in 'src/hostapi/alsa/pa_linux_alsa.c', line: 2839
Expression 'ret' failed in 'src/hostapi/alsa/pa_linux_alsa.c', line: 1736
Expression 'AlsaOpen( &alsaApi->baseHostApiRep, params, streamDir, &self->pcm )' failed in 'src/hostapi/alsa/pa_linux_alsa.c', line: 1904
Expression 'PaAlsaStreamComponent_Initialize( &self->capture, alsaApi, inParams, StreamDirection_In, NULL != callback )' failed in 'src/hostapi/alsa/pa_linux_alsa.c', line: 2171
Expression 'PaAlsaStream_Initialize( stream, alsaHostApi, inputParameters, outputParameters, sampleRate, framesPerBuffer, callback, streamFlags, userData )' failed in 'src/hostapi/alsa/pa_linux_alsa.c', line: 2839
Expression 'ret' failed in 'src/hostapi/alsa/pa_linux_alsa.c', line: 1736
Expression 'AlsaOpen( &alsaApi->baseHostApiRep, params, streamDir, &self->pcm )' failed in 'src/hostapi/alsa/pa_linux_alsa.c', line: 1904
Expression 'PaAlsaStreamComponent_Initialize( &self->capture, alsaApi, inParams, StreamDirection_In, NULL != callback )' failed in 'src/hostapi/alsa/pa_linux_alsa.c', line: 2171
Expression 'PaAlsaStream_Initialize( stream, alsaHostApi, inputParameters, outputParameters, sampleRate, framesPerBuffer, callback, streamFlags, userData )' failed in 'src/hostapi/alsa/pa_linux_alsa.c', line: 2839
Expression 'ret' failed in 'src/hostapi/alsa/pa_linux_alsa.c', line: 1736
Expression 'AlsaOpen( &alsaApi->baseHostApiRep, params, streamDir, &self->pcm )' failed in 'src/hostapi/alsa/pa_linux_alsa.c', line: 1904
Expression 'PaAlsaStreamComponent_Initialize( &self->capture, alsaApi, inParams, StreamDirection_In, NULL != callback )' failed in 'src/hostapi/alsa/pa_linux_alsa.c', line: 2171
Expression 'PaAlsaStream_Initialize( stream, alsaHostApi, inputParameters, outputParameters, sampleRate, framesPerBuffer, callback, streamFlags, userData )' failed in 'src/hostapi/alsa/pa_linux_alsa.c', line: 2839
Expression 'ret' failed in 'src/hostapi/alsa/pa_linux_alsa.c', line: 1736
Expression 'AlsaOpen( &alsaApi->baseHostApiRep, params, streamDir, &self->pcm )' failed in 'src/hostapi/alsa/pa_linux_alsa.c', line: 1904
Expression 'PaAlsaStreamComponent_Initialize( &self->capture, alsaApi, inParams, StreamDirection_In, NULL != callback )' failed in 'src/hostapi/alsa/pa_linux_alsa.c', line: 2171
Expression 'PaAlsaStream_Initialize( stream, alsaHostApi, inputParameters, outputParameters, sampleRate, framesPerBuffer, callback, streamFlags, userData )' failed in 'src/hostapi/alsa/pa_linux_alsa.c', line: 2839
Expression 'ret' failed in 'src/hostapi/alsa/pa_linux_alsa.c', line: 1736
Expression 'AlsaOpen( &alsaApi->baseHostApiRep, params, streamDir, &self->pcm )' failed in 'src/hostapi/alsa/pa_linux_alsa.c', line: 1904
Expression 'PaAlsaStreamComponent_Initialize( &self->capture, alsaApi, inParams, StreamDirection_In, NULL != callback )' failed in 'src/hostapi/alsa/pa_linux_alsa.c', line: 2171
Expression 'PaAlsaStream_Initialize( stream, alsaHostApi, inputParameters, outputParameters, sampleRate, framesPerBuffer, callback, streamFlags, userData )' failed in 'src/hostapi/alsa/pa_linux_alsa.c', line: 2839
Expression 'ret' failed in 'src/hostapi/alsa/pa_linux_alsa.c', line: 1736
Expression 'AlsaOpen( &alsaApi->baseHostApiRep, params, streamDir, &self->pcm )' failed in 'src/hostapi/alsa/pa_linux_alsa.c', line: 1904
Expression 'PaAlsaStreamComponent_Initialize( &self->capture, alsaApi, inParams, StreamDirection_In, NULL != callback )' failed in 'src/hostapi/alsa/pa_linux_alsa.c', line: 2171
Expression 'PaAlsaStream_Initialize( stream, alsaHostApi, inputParameters, outputParameters, sampleRate, framesPerBuffer, callback, streamFlags, userData )' failed in 'src/hostapi/alsa/pa_linux_alsa.c', line: 2839
Expression 'ret' failed in 'src/hostapi/alsa/pa_linux_alsa.c', line: 1736
Expression 'AlsaOpen( &alsaApi->baseHostApiRep, params, streamDir, &self->pcm )' failed in 'src/hostapi/alsa/pa_linux_alsa.c', line: 1904
Expression 'PaAlsaStreamComponent_Initialize( &self->capture, alsaApi, inParams, StreamDirection_In, NULL != callback )' failed in 'src/hostapi/alsa/pa_linux_alsa.c', line: 2171
Expression 'PaAlsaStream_Initialize( stream, alsaHostApi, inputParameters, outputParameters, sampleRate, framesPerBuffer, callback, streamFlags, userData )' failed in 'src/hostapi/alsa/pa_linux_alsa.c', line: 2839
Expression 'ret' failed in 'src/hostapi/alsa/pa_linux_alsa.c', line: 1736
Expression 'AlsaOpen( &alsaApi->baseHostApiRep, params, streamDir, &self->pcm )' failed in 'src/hostapi/alsa/pa_linux_alsa.c', line: 1904
Expression 'PaAlsaStreamComponent_Initialize( &self->capture, alsaApi, inParams, StreamDirection_In, NULL != callback )' failed in 'src/hostapi/alsa/pa_linux_alsa.c', line: 2171
Expression 'PaAlsaStream_Initialize( stream, alsaHostApi, inputParameters, outputParameters, sampleRate, framesPerBuffer, callback, streamFlags, userData )' failed in 'src/hostapi/alsa/pa_linux_alsa.c', line: 2839
Expression 'ret' failed in 'src/hostapi/alsa/pa_linux_alsa.c', line: 1736
Expression 'AlsaOpen( &alsaApi->baseHostApiRep, params, streamDir, &self->pcm )' failed in 'src/hostapi/alsa/pa_linux_alsa.c', line: 1904
Expression 'PaAlsaStreamComponent_Initialize( &self->capture, alsaApi, inParams, StreamDirection_In, NULL != callback )' failed in 'src/hostapi/alsa/pa_linux_alsa.c', line: 2171
Expression 'PaAlsaStream_Initialize( stream, alsaHostApi, inputParameters, outputParameters, sampleRate, framesPerBuffer, callback, streamFlags, userData )' failed in 'src/hostapi/alsa/pa_linux_alsa.c', line: 2839
Expression 'ret' failed in 'src/hostapi/alsa/pa_linux_alsa.c', line: 1736
Expression 'AlsaOpen( &alsaApi->baseHostApiRep, params, streamDir, &self->pcm )' failed in 'src/hostapi/alsa/pa_linux_alsa.c', line: 1904
Expression 'PaAlsaStreamComponent_Initialize( &self->capture, alsaApi, inParams, StreamDirection_In, NULL != callback )' failed in 'src/hostapi/alsa/pa_linux_alsa.c', line: 2171
Expression 'PaAlsaStream_Initialize( stream, alsaHostApi, inputParameters, outputParameters, sampleRate, framesPerBuffer, callback, streamFlags, userData )' failed in 'src/hostapi/alsa/pa_linux_alsa.c', line: 2839
Expression 'ret' failed in 'src/hostapi/alsa/pa_linux_alsa.c', line: 1736
Expression 'AlsaOpen( &alsaApi->baseHostApiRep, params, streamDir, &self->pcm )' failed in 'src/hostapi/alsa/pa_linux_alsa.c', line: 1904
Expression 'PaAlsaStreamComponent_Initialize( &self->capture, alsaApi, inParams, StreamDirection_In, NULL != callback )' failed in 'src/hostapi/alsa/pa_linux_alsa.c', line: 2171
Expression 'PaAlsaStream_Initialize( stream, alsaHostApi, inputParameters, outputParameters, sampleRate, framesPerBuffer, callback, streamFlags, userData )' failed in 'src/hostapi/alsa/pa_linux_alsa.c', line: 2839
Expression 'ret' failed in 'src/hostapi/alsa/pa_linux_alsa.c', line: 1736
Expression 'AlsaOpen( &alsaApi->baseHostApiRep, params, streamDir, &self->pcm )' failed in 'src/hostapi/alsa/pa_linux_alsa.c', line: 1904
Expression 'PaAlsaStreamComponent_Initialize( &self->capture, alsaApi, inParams, StreamDirection_In, NULL != callback )' failed in 'src/hostapi/alsa/pa_linux_alsa.c', line: 2171
Expression 'PaAlsaStream_Initialize( stream, alsaHostApi, inputParameters, outputParameters, sampleRate, framesPerBuffer, callback, streamFlags, userData )' failed in 'src/hostapi/alsa/pa_linux_alsa.c', line: 2839
Expression 'ret' failed in 'src/hostapi/alsa/pa_linux_alsa.c', line: 1736
Expression 'AlsaOpen( &alsaApi->baseHostApiRep, params, streamDir, &self->pcm )' failed in 'src/hostapi/alsa/pa_linux_alsa.c', line: 1904
Expression 'PaAlsaStreamComponent_Initialize( &self->capture, alsaApi, inParams, StreamDirection_In, NULL != callback )' failed in 'src/hostapi/alsa/pa_linux_alsa.c', line: 2171
Expression 'PaAlsaStream_Initialize( stream, alsaHostApi, inputParameters, outputParameters, sampleRate, framesPerBuffer, callback, streamFlags, userData )' failed in 'src/hostapi/alsa/pa_linux_alsa.c', line: 2839
Expression 'ret' failed in 'src/hostapi/alsa/pa_linux_alsa.c', line: 1736
Expression 'AlsaOpen( &alsaApi->baseHostApiRep, params, streamDir, &self->pcm )' failed in 'src/hostapi/alsa/pa_linux_alsa.c', line: 1904
Expression 'PaAlsaStreamComponent_Initialize( &self->capture, alsaApi, inParams, StreamDirection_In, NULL != callback )' failed in 'src/hostapi/alsa/pa_linux_alsa.c', line: 2171
Expression 'PaAlsaStream_Initialize( stream, alsaHostApi, inputParameters, outputParameters, sampleRate, framesPerBuffer, callback, streamFlags, userData )' failed in 'src/hostapi/alsa/pa_linux_alsa.c', line: 2839
Expression 'ret' failed in 'src/hostapi/alsa/pa_linux_alsa.c', line: 1736
Expression 'AlsaOpen( &alsaApi->baseHostApiRep, params, streamDir, &self->pcm )' failed in 'src/hostapi/alsa/pa_linux_alsa.c', line: 1904
Expression 'PaAlsaStreamComponent_Initialize( &self->capture, alsaApi, inParams, StreamDirection_In, NULL != callback )' failed in 'src/hostapi/alsa/pa_linux_alsa.c', line: 2171
Expression 'PaAlsaStream_Initialize( stream, alsaHostApi, inputParameters, outputParameters, sampleRate, framesPerBuffer, callback, streamFlags, userData )' failed in 'src/hostapi/alsa/pa_linux_alsa.c', line: 2839
Expression 'ret' failed in 'src/hostapi/alsa/pa_linux_alsa.c', line: 1736
Expression 'AlsaOpen( &alsaApi->baseHostApiRep, params, streamDir, &self->pcm )' failed in 'src/hostapi/alsa/pa_linux_alsa.c', line: 1904
Expression 'PaAlsaStreamComponent_Initialize( &self->capture, alsaApi, inParams, StreamDirection_In, NULL != callback )' failed in 'src/hostapi/alsa/pa_linux_alsa.c', line: 2171
Expression 'PaAlsaStream_Initialize( stream, alsaHostApi, inputParameters, outputParameters, sampleRate, framesPerBuffer, callback, streamFlags, userData )' failed in 'src/hostapi/alsa/pa_linux_alsa.c', line: 2839
Expression 'ret' failed in 'src/hostapi/alsa/pa_linux_alsa.c', line: 1736
Expression 'AlsaOpen( &alsaApi->baseHostApiRep, params, streamDir, &self->pcm )' failed in 'src/hostapi/alsa/pa_linux_alsa.c', line: 1904
Expression 'PaAlsaStreamComponent_Initialize( &self->capture, alsaApi, inParams, StreamDirection_In, NULL != callback )' failed in 'src/hostapi/alsa/pa_linux_alsa.c', line: 2171
Expression 'PaAlsaStream_Initialize( stream, alsaHostApi, inputParameters, outputParameters, sampleRate, framesPerBuffer, callback, streamFlags, userData )' failed in 'src/hostapi/alsa/pa_linux_alsa.c', line: 2839
Expression 'ret' failed in 'src/hostapi/alsa/pa_linux_alsa.c', line: 1736
Expression 'AlsaOpen( &alsaApi->baseHostApiRep, params, streamDir, &self->pcm )' failed in 'src/hostapi/alsa/pa_linux_alsa.c', line: 1904
Expression 'PaAlsaStreamComponent_Initialize( &self->capture, alsaApi, inParams, StreamDirection_In, NULL != callback )' failed in 'src/hostapi/alsa/pa_linux_alsa.c', line: 2171
Expression 'PaAlsaStream_Initialize( stream, alsaHostApi, inputParameters, outputParameters, sampleRate, framesPerBuffer, callback, streamFlags, userData )' failed in 'src/hostapi/alsa/pa_linux_alsa.c', line: 2839
Expression 'ret' failed in 'src/hostapi/alsa/pa_linux_alsa.c', line: 1736
Expression 'AlsaOpen( &alsaApi->baseHostApiRep, params, streamDir, &self->pcm )' failed in 'src/hostapi/alsa/pa_linux_alsa.c', line: 1904
Expression 'PaAlsaStreamComponent_Initialize( &self->capture, alsaApi, inParams, StreamDirection_In, NULL != callback )' failed in 'src/hostapi/alsa/pa_linux_alsa.c', line: 2171
Expression 'PaAlsaStream_Initialize( stream, alsaHostApi, inputParameters, outputParameters, sampleRate, framesPerBuffer, callback, streamFlags, userData )' failed in 'src/hostapi/alsa/pa_linux_alsa.c', line: 2839
Expression 'ret' failed in 'src/hostapi/alsa/pa_linux_alsa.c', line: 1736
Expression 'AlsaOpen( &alsaApi->baseHostApiRep, params, streamDir, &self->pcm )' failed in 'src/hostapi/alsa/pa_linux_alsa.c', line: 1904
Expression 'PaAlsaStreamComponent_Initialize( &self->capture, alsaApi, inParams, StreamDirection_In, NULL != callback )' failed in 'src/hostapi/alsa/pa_linux_alsa.c', line: 2171
Expression 'PaAlsaStream_Initialize( stream, alsaHostApi, inputParameters, outputParameters, sampleRate, framesPerBuffer, callback, streamFlags, userData )' failed in 'src/hostapi/alsa/pa_linux_alsa.c', line: 2839
Expression 'ret' failed in 'src/hostapi/alsa/pa_linux_alsa.c', line: 1736
Expression 'AlsaOpen( &alsaApi->baseHostApiRep, params, streamDir, &self->pcm )' failed in 'src/hostapi/alsa/pa_linux_alsa.c', line: 1904
Expression 'PaAlsaStreamComponent_Initialize( &self->capture, alsaApi, inParams, StreamDirection_In, NULL != callback )' failed in 'src/hostapi/alsa/pa_linux_alsa.c', line: 2171
Expression 'PaAlsaStream_Initialize( stream, alsaHostApi, inputParameters, outputParameters, sampleRate, framesPerBuffer, callback, streamFlags, userData )' failed in 'src/hostapi/alsa/pa_linux_alsa.c', line: 2839
Expression 'ret' failed in 'src/hostapi/alsa/pa_linux_alsa.c', line: 1736
Expression 'AlsaOpen( &alsaApi->baseHostApiRep, params, streamDir, &self->pcm )' failed in 'src/hostapi/alsa/pa_linux_alsa.c', line: 1904
Expression 'PaAlsaStreamComponent_Initialize( &self->capture, alsaApi, inParams, StreamDirection_In, NULL != callback )' failed in 'src/hostapi/alsa/pa_linux_alsa.c', line: 2171
Expression 'PaAlsaStream_Initialize( stream, alsaHostApi, inputParameters, outputParameters, sampleRate, framesPerBuffer, callback, streamFlags, userData )' failed in 'src/hostapi/alsa/pa_linux_alsa.c', line: 2839
Expression 'ret' failed in 'src/hostapi/alsa/pa_linux_alsa.c', line: 1736
Expression 'AlsaOpen( &alsaApi->baseHostApiRep, params, streamDir, &self->pcm )' failed in 'src/hostapi/alsa/pa_linux_alsa.c', line: 1904
Expression 'PaAlsaStreamComponent_Initialize( &self->capture, alsaApi, inParams, StreamDirection_In, NULL != callback )' failed in 'src/hostapi/alsa/pa_linux_alsa.c', line: 2171
Expression 'PaAlsaStream_Initialize( stream, alsaHostApi, inputParameters, outputParameters, sampleRate, framesPerBuffer, callback, streamFlags, userData )' failed in 'src/hostapi/alsa/pa_linux_alsa.c', line: 2839
Expression 'ret' failed in 'src/hostapi/alsa/pa_linux_alsa.c', line: 1736
Expression 'AlsaOpen( &alsaApi->baseHostApiRep, params, streamDir, &self->pcm )' failed in 'src/hostapi/alsa/pa_linux_alsa.c', line: 1904
Expression 'PaAlsaStreamComponent_Initialize( &self->capture, alsaApi, inParams, StreamDirection_In, NULL != callback )' failed in 'src/hostapi/alsa/pa_linux_alsa.c', line: 2171
Expression 'PaAlsaStream_Initialize( stream, alsaHostApi, inputParameters, outputParameters, sampleRate, framesPerBuffer, callback, streamFlags, userData )' failed in 'src/hostapi/alsa/pa_linux_alsa.c', line: 2839
Expression 'ret' failed in 'src/hostapi/alsa/pa_linux_alsa.c', line: 1736
Expression 'AlsaOpen( &alsaApi->baseHostApiRep, params, streamDir, &self->pcm )' failed in 'src/hostapi/alsa/pa_linux_alsa.c', line: 1904
Expression 'PaAlsaStreamComponent_Initialize( &self->capture, alsaApi, inParams, StreamDirection_In, NULL != callback )' failed in 'src/hostapi/alsa/pa_linux_alsa.c', line: 2171
Expression 'PaAlsaStream_Initialize( stream, alsaHostApi, inputParameters, outputParameters, sampleRate, framesPerBuffer, callback, streamFlags, userData )' failed in 'src/hostapi/alsa/pa_linux_alsa.c', line: 2839
Expression 'ret' failed in 'src/hostapi/alsa/pa_linux_alsa.c', line: 1736
Expression 'AlsaOpen( &alsaApi->baseHostApiRep, params, streamDir, &self->pcm )' failed in 'src/hostapi/alsa/pa_linux_alsa.c', line: 1904
Expression 'PaAlsaStreamComponent_Initialize( &self->capture, alsaApi, inParams, StreamDirection_In, NULL != callback )' failed in 'src/hostapi/alsa/pa_linux_alsa.c', line: 2171
Expression 'PaAlsaStream_Initialize( stream, alsaHostApi, inputParameters, outputParameters, sampleRate, framesPerBuffer, callback, streamFlags, userData )' failed in 'src/hostapi/alsa/pa_linux_alsa.c', line: 2839
Expression 'ret' failed in 'src/hostapi/alsa/pa_linux_alsa.c', line: 1736
Expression 'AlsaOpen( &alsaApi->baseHostApiRep, params, streamDir, &self->pcm )' failed in 'src/hostapi/alsa/pa_linux_alsa.c', line: 1904
Expression 'PaAlsaStreamComponent_Initialize( &self->capture, alsaApi, inParams, StreamDirection_In, NULL != callback )' failed in 'src/hostapi/alsa/pa_linux_alsa.c', line: 2171
Expression 'PaAlsaStream_Initialize( stream, alsaHostApi, inputParameters, outputParameters, sampleRate, framesPerBuffer, callback, streamFlags, userData )' failed in 'src/hostapi/alsa/pa_linux_alsa.c', line: 2839
Expression 'ret' failed in 'src/hostapi/alsa/pa_linux_alsa.c', line: 1736
Expression 'AlsaOpen( &alsaApi->baseHostApiRep, params, streamDir, &self->pcm )' failed in 'src/hostapi/alsa/pa_linux_alsa.c', line: 1904
Expression 'PaAlsaStreamComponent_Initialize( &self->capture, alsaApi, inParams, StreamDirection_In, NULL != callback )' failed in 'src/hostapi/alsa/pa_linux_alsa.c', line: 2171
Expression 'PaAlsaStream_Initialize( stream, alsaHostApi, inputParameters, outputParameters, sampleRate, framesPerBuffer, callback, streamFlags, userData )' failed in 'src/hostapi/alsa/pa_linux_alsa.c', line: 2839
Expression 'ret' failed in 'src/hostapi/alsa/pa_linux_alsa.c', line: 1736
Expression 'AlsaOpen( &alsaApi->baseHostApiRep, params, streamDir, &self->pcm )' failed in 'src/hostapi/alsa/pa_linux_alsa.c', line: 1904
Expression 'PaAlsaStreamComponent_Initialize( &self->capture, alsaApi, inParams, StreamDirection_In, NULL != callback )' failed in 'src/hostapi/alsa/pa_linux_alsa.c', line: 2171
Expression 'PaAlsaStream_Initialize( stream, alsaHostApi, inputParameters, outputParameters, sampleRate, framesPerBuffer, callback, streamFlags, userData )' failed in 'src/hostapi/alsa/pa_linux_alsa.c', line: 2839
Expression 'ret' failed in 'src/hostapi/alsa/pa_linux_alsa.c', line: 1736
Expression 'AlsaOpen( &alsaApi->baseHostApiRep, params, streamDir, &self->pcm )' failed in 'src/hostapi/alsa/pa_linux_alsa.c', line: 1904
Expression 'PaAlsaStreamComponent_Initialize( &self->capture, alsaApi, inParams, StreamDirection_In, NULL != callback )' failed in 'src/hostapi/alsa/pa_linux_alsa.c', line: 2171
Expression 'PaAlsaStream_Initialize( stream, alsaHostApi, inputParameters, outputParameters, sampleRate, framesPerBuffer, callback, streamFlags, userData )' failed in 'src/hostapi/alsa/pa_linux_alsa.c', line: 2839
Expression 'ret' failed in 'src/hostapi/alsa/pa_linux_alsa.c', line: 1736
Expression 'AlsaOpen( &alsaApi->baseHostApiRep, params, streamDir, &self->pcm )' failed in 'src/hostapi/alsa/pa_linux_alsa.c', line: 1904
Expression 'PaAlsaStreamComponent_Initialize( &self->capture, alsaApi, inParams, StreamDirection_In, NULL != callback )' failed in 'src/hostapi/alsa/pa_linux_alsa.c', line: 2171
Expression 'PaAlsaStream_Initialize( stream, alsaHostApi, inputParameters, outputParameters, sampleRate, framesPerBuffer, callback, streamFlags, userData )' failed in 'src/hostapi/alsa/pa_linux_alsa.c', line: 2839
Expression 'ret' failed in 'src/hostapi/alsa/pa_linux_alsa.c', line: 1736
Expression 'AlsaOpen( &alsaApi->baseHostApiRep, params, streamDir, &self->pcm )' failed in 'src/hostapi/alsa/pa_linux_alsa.c', line: 1904
Expression 'PaAlsaStreamComponent_Initialize( &self->capture, alsaApi, inParams, StreamDirection_In, NULL != callback )' failed in 'src/hostapi/alsa/pa_linux_alsa.c', line: 2171
Expression 'PaAlsaStream_Initialize( stream, alsaHostApi, inputParameters, outputParameters, sampleRate, framesPerBuffer, callback, streamFlags, userData )' failed in 'src/hostapi/alsa/pa_linux_alsa.c', line: 2839
Expression 'ret' failed in 'src/hostapi/alsa/pa_linux_alsa.c', line: 1736
Expression 'AlsaOpen( &alsaApi->baseHostApiRep, params, streamDir, &self->pcm )' failed in 'src/hostapi/alsa/pa_linux_alsa.c', line: 1904
Expression 'PaAlsaStreamComponent_Initialize( &self->capture, alsaApi, inParams, StreamDirection_In, NULL != callback )' failed in 'src/hostapi/alsa/pa_linux_alsa.c', line: 2171
Expression 'PaAlsaStream_Initialize( stream, alsaHostApi, inputParameters, outputParameters, sampleRate, framesPerBuffer, callback, streamFlags, userData )' failed in 'src/hostapi/alsa/pa_linux_alsa.c', line: 2839
Expression 'ret' failed in 'src/hostapi/alsa/pa_linux_alsa.c', line: 1736
Expression 'AlsaOpen( &alsaApi->baseHostApiRep, params, streamDir, &self->pcm )' failed in 'src/hostapi/alsa/pa_linux_alsa.c', line: 1904
Expression 'PaAlsaStreamComponent_Initialize( &self->capture, alsaApi, inParams, StreamDirection_In, NULL != callback )' failed in 'src/hostapi/alsa/pa_linux_alsa.c', line: 2171
Expression 'PaAlsaStream_Initialize( stream, alsaHostApi, inputParameters, outputParameters, sampleRate, framesPerBuffer, callback, streamFlags, userData )' failed in 'src/hostapi/alsa/pa_linux_alsa.c', line: 2839
Expression 'ret' failed in 'src/hostapi/alsa/pa_linux_alsa.c', line: 1736
Expression 'AlsaOpen( &alsaApi->baseHostApiRep, params, streamDir, &self->pcm )' failed in 'src/hostapi/alsa/pa_linux_alsa.c', line: 1904
Expression 'PaAlsaStreamComponent_Initialize( &self->capture, alsaApi, inParams, StreamDirection_In, NULL != callback )' failed in 'src/hostapi/alsa/pa_linux_alsa.c', line: 2171
Expression 'PaAlsaStream_Initialize( stream, alsaHostApi, inputParameters, outputParameters, sampleRate, framesPerBuffer, callback, streamFlags, userData )' failed in 'src/hostapi/alsa/pa_linux_alsa.c', line: 2839
Expression 'ret' failed in 'src/hostapi/alsa/pa_linux_alsa.c', line: 1736
Expression 'AlsaOpen( &alsaApi->baseHostApiRep, params, streamDir, &self->pcm )' failed in 'src/hostapi/alsa/pa_linux_alsa.c', line: 1904
Expression 'PaAlsaStreamComponent_Initialize( &self->capture, alsaApi, inParams, StreamDirection_In, NULL != callback )' failed in 'src/hostapi/alsa/pa_linux_alsa.c', line: 2171
Expression 'PaAlsaStream_Initialize( stream, alsaHostApi, inputParameters, outputParameters, sampleRate, framesPerBuffer, callback, streamFlags, userData )' failed in 'src/hostapi/alsa/pa_linux_alsa.c', line: 2839
Expression 'ret' failed in 'src/hostapi/alsa/pa_linux_alsa.c', line: 1736
Expression 'AlsaOpen( &alsaApi->baseHostApiRep, params, streamDir, &self->pcm )' failed in 'src/hostapi/alsa/pa_linux_alsa.c', line: 1904
Expression 'PaAlsaStreamComponent_Initialize( &self->capture, alsaApi, inParams, StreamDirection_In, NULL != callback )' failed in 'src/hostapi/alsa/pa_linux_alsa.c', line: 2171
Expression 'PaAlsaStream_Initialize( stream, alsaHostApi, inputParameters, outputParameters, sampleRate, framesPerBuffer, callback, streamFlags, userData )' failed in 'src/hostapi/alsa/pa_linux_alsa.c', line: 2839
Expression 'ret' failed in 'src/hostapi/alsa/pa_linux_alsa.c', line: 1736
Expression 'AlsaOpen( &alsaApi->baseHostApiRep, params, streamDir, &self->pcm )' failed in 'src/hostapi/alsa/pa_linux_alsa.c', line: 1904
Expression 'PaAlsaStreamComponent_Initialize( &self->capture, alsaApi, inParams, StreamDirection_In, NULL != callback )' failed in 'src/hostapi/alsa/pa_linux_alsa.c', line: 2171
Expression 'PaAlsaStream_Initialize( stream, alsaHostApi, inputParameters, outputParameters, sampleRate, framesPerBuffer, callback, streamFlags, userData )' failed in 'src/hostapi/alsa/pa_linux_alsa.c', line: 2839
Expression 'ret' failed in 'src/hostapi/alsa/pa_linux_alsa.c', line: 1736
Expression 'AlsaOpen( &alsaApi->baseHostApiRep, params, streamDir, &self->pcm )' failed in 'src/hostapi/alsa/pa_linux_alsa.c', line: 1904
Expression 'PaAlsaStreamComponent_Initialize( &self->capture, alsaApi, inParams, StreamDirection_In, NULL != callback )' failed in 'src/hostapi/alsa/pa_linux_alsa.c', line: 2171
Expression 'PaAlsaStream_Initialize( stream, alsaHostApi, inputParameters, outputParameters, sampleRate, framesPerBuffer, callback, streamFlags, userData )' failed in 'src/hostapi/alsa/pa_linux_alsa.c', line: 2839
Expression 'ret' failed in 'src/hostapi/alsa/pa_linux_alsa.c', line: 1736
Expression 'AlsaOpen( &alsaApi->baseHostApiRep, params, streamDir, &self->pcm )' failed in 'src/hostapi/alsa/pa_linux_alsa.c', line: 1904
Expression 'PaAlsaStreamComponent_Initialize( &self->capture, alsaApi, inParams, StreamDirection_In, NULL != callback )' failed in 'src/hostapi/alsa/pa_linux_alsa.c', line: 2171
Expression 'PaAlsaStream_Initialize( stream, alsaHostApi, inputParameters, outputParameters, sampleRate, framesPerBuffer, callback, streamFlags, userData )' failed in 'src/hostapi/alsa/pa_linux_alsa.c', line: 2839
Expression 'ret' failed in 'src/hostapi/alsa/pa_linux_alsa.c', line: 1736
Expression 'AlsaOpen( &alsaApi->baseHostApiRep, params, streamDir, &self->pcm )' failed in 'src/hostapi/alsa/pa_linux_alsa.c', line: 1904
Expression 'PaAlsaStreamComponent_Initialize( &self->capture, alsaApi, inParams, StreamDirection_In, NULL != callback )' failed in 'src/hostapi/alsa/pa_linux_alsa.c', line: 2171
Expression 'PaAlsaStream_Initialize( stream, alsaHostApi, inputParameters, outputParameters, sampleRate, framesPerBuffer, callback, streamFlags, userData )' failed in 'src/hostapi/alsa/pa_linux_alsa.c', line: 2839
Expression 'ret' failed in 'src/hostapi/alsa/pa_linux_alsa.c', line: 1736
Expression 'AlsaOpen( &alsaApi->baseHostApiRep, params, streamDir, &self->pcm )' failed in 'src/hostapi/alsa/pa_linux_alsa.c', line: 1904
Expression 'PaAlsaStreamComponent_Initialize( &self->capture, alsaApi, inParams, StreamDirection_In, NULL != callback )' failed in 'src/hostapi/alsa/pa_linux_alsa.c', line: 2171
Expression 'PaAlsaStream_Initialize( stream, alsaHostApi, inputParameters, outputParameters, sampleRate, framesPerBuffer, callback, streamFlags, userData )' failed in 'src/hostapi/alsa/pa_linux_alsa.c', line: 2839
Expression 'ret' failed in 'src/hostapi/alsa/pa_linux_alsa.c', line: 1736
Expression 'AlsaOpen( &alsaApi->baseHostApiRep, params, streamDir, &self->pcm )' failed in 'src/hostapi/alsa/pa_linux_alsa.c', line: 1904
Expression 'PaAlsaStreamComponent_Initialize( &self->capture, alsaApi, inParams, StreamDirection_In, NULL != callback )' failed in 'src/hostapi/alsa/pa_linux_alsa.c', line: 2171
Expression 'PaAlsaStream_Initialize( stream, alsaHostApi, inputParameters, outputParameters, sampleRate, framesPerBuffer, callback, streamFlags, userData )' failed in 'src/hostapi/alsa/pa_linux_alsa.c', line: 2839
Expression 'ret' failed in 'src/hostapi/alsa/pa_linux_alsa.c', line: 1736
Expression 'AlsaOpen( &alsaApi->baseHostApiRep, params, streamDir, &self->pcm )' failed in 'src/hostapi/alsa/pa_linux_alsa.c', line: 1904
Expression 'PaAlsaStreamComponent_Initialize( &self->capture, alsaApi, inParams, StreamDirection_In, NULL != callback )' failed in 'src/hostapi/alsa/pa_linux_alsa.c', line: 2171
Expression 'PaAlsaStream_Initialize( stream, alsaHostApi, inputParameters, outputParameters, sampleRate, framesPerBuffer, callback, streamFlags, userData )' failed in 'src/hostapi/alsa/pa_linux_alsa.c', line: 2839
Expression 'ret' failed in 'src/hostapi/alsa/pa_linux_alsa.c', line: 1736
Expression 'AlsaOpen( &alsaApi->baseHostApiRep, params, streamDir, &self->pcm )' failed in 'src/hostapi/alsa/pa_linux_alsa.c', line: 1904
Expression 'PaAlsaStreamComponent_Initialize( &self->capture, alsaApi, inParams, StreamDirection_In, NULL != callback )' failed in 'src/hostapi/alsa/pa_linux_alsa.c', line: 2171
Expression 'PaAlsaStream_Initialize( stream, alsaHostApi, inputParameters, outputParameters, sampleRate, framesPerBuffer, callback, streamFlags, userData )' failed in 'src/hostapi/alsa/pa_linux_alsa.c', line: 2839
Expression 'ret' failed in 'src/hostapi/alsa/pa_linux_alsa.c', line: 1736
Expression 'AlsaOpen( &alsaApi->baseHostApiRep, params, streamDir, &self->pcm )' failed in 'src/hostapi/alsa/pa_linux_alsa.c', line: 1904
Expression 'PaAlsaStreamComponent_Initialize( &self->capture, alsaApi, inParams, StreamDirection_In, NULL != callback )' failed in 'src/hostapi/alsa/pa_linux_alsa.c', line: 2171
Expression 'PaAlsaStream_Initialize( stream, alsaHostApi, inputParameters, outputParameters, sampleRate, framesPerBuffer, callback, streamFlags, userData )' failed in 'src/hostapi/alsa/pa_linux_alsa.c', line: 2839
Expression 'ret' failed in 'src/hostapi/alsa/pa_linux_alsa.c', line: 1736
Expression 'AlsaOpen( &alsaApi->baseHostApiRep, params, streamDir, &self->pcm )' failed in 'src/hostapi/alsa/pa_linux_alsa.c', line: 1904
Expression 'PaAlsaStreamComponent_Initialize( &self->capture, alsaApi, inParams, StreamDirection_In, NULL != callback )' failed in 'src/hostapi/alsa/pa_linux_alsa.c', line: 2171
Expression 'PaAlsaStream_Initialize( stream, alsaHostApi, inputParameters, outputParameters, sampleRate, framesPerBuffer, callback, streamFlags, userData )' failed in 'src/hostapi/alsa/pa_linux_alsa.c', line: 2839
Expression 'ret' failed in 'src/hostapi/alsa/pa_linux_alsa.c', line: 1736
Expression 'AlsaOpen( &alsaApi->baseHostApiRep, params, streamDir, &self->pcm )' failed in 'src/hostapi/alsa/pa_linux_alsa.c', line: 1904
Expression 'PaAlsaStreamComponent_Initialize( &self->capture, alsaApi, inParams, StreamDirection_In, NULL != callback )' failed in 'src/hostapi/alsa/pa_linux_alsa.c', line: 2171
Expression 'PaAlsaStream_Initialize( stream, alsaHostApi, inputParameters, outputParameters, sampleRate, framesPerBuffer, callback, streamFlags, userData )' failed in 'src/hostapi/alsa/pa_linux_alsa.c', line: 2839
Expression 'ret' failed in 'src/hostapi/alsa/pa_linux_alsa.c', line: 1736
Expression 'AlsaOpen( &alsaApi->baseHostApiRep, params, streamDir, &self->pcm )' failed in 'src/hostapi/alsa/pa_linux_alsa.c', line: 1904
Expression 'PaAlsaStreamComponent_Initialize( &self->capture, alsaApi, inParams, StreamDirection_In, NULL != callback )' failed in 'src/hostapi/alsa/pa_linux_alsa.c', line: 2171
Expression 'PaAlsaStream_Initialize( stream, alsaHostApi, inputParameters, outputParameters, sampleRate, framesPerBuffer, callback, streamFlags, userData )' failed in 'src/hostapi/alsa/pa_linux_alsa.c', line: 2839
Expression 'ret' failed in 'src/hostapi/alsa/pa_linux_alsa.c', line: 1736
Expression 'AlsaOpen( &alsaApi->baseHostApiRep, params, streamDir, &self->pcm )' failed in 'src/hostapi/alsa/pa_linux_alsa.c', line: 1904
Expression 'PaAlsaStreamComponent_Initialize( &self->capture, alsaApi, inParams, StreamDirection_In, NULL != callback )' failed in 'src/hostapi/alsa/pa_linux_alsa.c', line: 2171
Expression 'PaAlsaStream_Initialize( stream, alsaHostApi, inputParameters, outputParameters, sampleRate, framesPerBuffer, callback, streamFlags, userData )' failed in 'src/hostapi/alsa/pa_linux_alsa.c', line: 2839
Expression 'ret' failed in 'src/hostapi/alsa/pa_linux_alsa.c', line: 1736
Expression 'AlsaOpen( &alsaApi->baseHostApiRep, params, streamDir, &self->pcm )' failed in 'src/hostapi/alsa/pa_linux_alsa.c', line: 1904
Expression 'PaAlsaStreamComponent_Initialize( &self->capture, alsaApi, inParams, StreamDirection_In, NULL != callback )' failed in 'src/hostapi/alsa/pa_linux_alsa.c', line: 2171
Expression 'PaAlsaStream_Initialize( stream, alsaHostApi, inputParameters, outputParameters, sampleRate, framesPerBuffer, callback, streamFlags, userData )' failed in 'src/hostapi/alsa/pa_linux_alsa.c', line: 2839
Expression 'ret' failed in 'src/hostapi/alsa/pa_linux_alsa.c', line: 1736
Expression 'AlsaOpen( &alsaApi->baseHostApiRep, params, streamDir, &self->pcm )' failed in 'src/hostapi/alsa/pa_linux_alsa.c', line: 1904
Expression 'PaAlsaStreamComponent_Initialize( &self->capture, alsaApi, inParams, StreamDirection_In, NULL != callback )' failed in 'src/hostapi/alsa/pa_linux_alsa.c', line: 2171
Expression 'PaAlsaStream_Initialize( stream, alsaHostApi, inputParameters, outputParameters, sampleRate, framesPerBuffer, callback, streamFlags, userData )' failed in 'src/hostapi/alsa/pa_linux_alsa.c', line: 2839
Expression 'ret' failed in 'src/hostapi/alsa/pa_linux_alsa.c', line: 1736
Expression 'AlsaOpen( &alsaApi->baseHostApiRep, params, streamDir, &self->pcm )' failed in 'src/hostapi/alsa/pa_linux_alsa.c', line: 1904
Expression 'PaAlsaStreamComponent_Initialize( &self->capture, alsaApi, inParams, StreamDirection_In, NULL != callback )' failed in 'src/hostapi/alsa/pa_linux_alsa.c', line: 2171
Expression 'PaAlsaStream_Initialize( stream, alsaHostApi, inputParameters, outputParameters, sampleRate, framesPerBuffer, callback, streamFlags, userData )' failed in 'src/hostapi/alsa/pa_linux_alsa.c', line: 2839
Expression 'ret' failed in 'src/hostapi/alsa/pa_linux_alsa.c', line: 1736
Expression 'AlsaOpen( &alsaApi->baseHostApiRep, params, streamDir, &self->pcm )' failed in 'src/hostapi/alsa/pa_linux_alsa.c', line: 1904
Expression 'PaAlsaStreamComponent_Initialize( &self->capture, alsaApi, inParams, StreamDirection_In, NULL != callback )' failed in 'src/hostapi/alsa/pa_linux_alsa.c', line: 2171
Expression 'PaAlsaStream_Initialize( stream, alsaHostApi, inputParameters, outputParameters, sampleRate, framesPerBuffer, callback, streamFlags, userData )' failed in 'src/hostapi/alsa/pa_linux_alsa.c', line: 2839
Expression 'ret' failed in 'src/hostapi/alsa/pa_linux_alsa.c', line: 1736
Expression 'AlsaOpen( &alsaApi->baseHostApiRep, params, streamDir, &self->pcm )' failed in 'src/hostapi/alsa/pa_linux_alsa.c', line: 1904
Expression 'PaAlsaStreamComponent_Initialize( &self->capture, alsaApi, inParams, StreamDirection_In, NULL != callback )' failed in 'src/hostapi/alsa/pa_linux_alsa.c', line: 2171
Expression 'PaAlsaStream_Initialize( stream, alsaHostApi, inputParameters, outputParameters, sampleRate, framesPerBuffer, callback, streamFlags, userData )' failed in 'src/hostapi/alsa/pa_linux_alsa.c', line: 2839
Expression 'ret' failed in 'src/hostapi/alsa/pa_linux_alsa.c', line: 1736
Expression 'AlsaOpen( &alsaApi->baseHostApiRep, params, streamDir, &self->pcm )' failed in 'src/hostapi/alsa/pa_linux_alsa.c', line: 1904
Expression 'PaAlsaStreamComponent_Initialize( &self->capture, alsaApi, inParams, StreamDirection_In, NULL != callback )' failed in 'src/hostapi/alsa/pa_linux_alsa.c', line: 2171
Expression 'PaAlsaStream_Initialize( stream, alsaHostApi, inputParameters, outputParameters, sampleRate, framesPerBuffer, callback, streamFlags, userData )' failed in 'src/hostapi/alsa/pa_linux_alsa.c', line: 2839
Expression 'ret' failed in 'src/hostapi/alsa/pa_linux_alsa.c', line: 1736
Expression 'AlsaOpen( &alsaApi->baseHostApiRep, params, streamDir, &self->pcm )' failed in 'src/hostapi/alsa/pa_linux_alsa.c', line: 1904
Expression 'PaAlsaStreamComponent_Initialize( &self->capture, alsaApi, inParams, StreamDirection_In, NULL != callback )' failed in 'src/hostapi/alsa/pa_linux_alsa.c', line: 2171
Expression 'PaAlsaStream_Initialize( stream, alsaHostApi, inputParameters, outputParameters, sampleRate, framesPerBuffer, callback, streamFlags, userData )' failed in 'src/hostapi/alsa/pa_linux_alsa.c', line: 2839
Expression 'ret' failed in 'src/hostapi/alsa/pa_linux_alsa.c', line: 1736
Expression 'AlsaOpen( &alsaApi->baseHostApiRep, params, streamDir, &self->pcm )' failed in 'src/hostapi/alsa/pa_linux_alsa.c', line: 1904
Expression 'PaAlsaStreamComponent_Initialize( &self->capture, alsaApi, inParams, StreamDirection_In, NULL != callback )' failed in 'src/hostapi/alsa/pa_linux_alsa.c', line: 2171
Expression 'PaAlsaStream_Initialize( stream, alsaHostApi, inputParameters, outputParameters, sampleRate, framesPerBuffer, callback, streamFlags, userData )' failed in 'src/hostapi/alsa/pa_linux_alsa.c', line: 2839
Expression 'ret' failed in 'src/hostapi/alsa/pa_linux_alsa.c', line: 1736
Expression 'AlsaOpen( &alsaApi->baseHostApiRep, params, streamDir, &self->pcm )' failed in 'src/hostapi/alsa/pa_linux_alsa.c', line: 1904
Expression 'PaAlsaStreamComponent_Initialize( &self->capture, alsaApi, inParams, StreamDirection_In, NULL != callback )' failed in 'src/hostapi/alsa/pa_linux_alsa.c', line: 2171
Expression 'PaAlsaStream_Initialize( stream, alsaHostApi, inputParameters, outputParameters, sampleRate, framesPerBuffer, callback, streamFlags, userData )' failed in 'src/hostapi/alsa/pa_linux_alsa.c', line: 2839
Expression 'ret' failed in 'src/hostapi/alsa/pa_linux_alsa.c', line: 1736
Expression 'AlsaOpen( &alsaApi->baseHostApiRep, params, streamDir, &self->pcm )' failed in 'src/hostapi/alsa/pa_linux_alsa.c', line: 1904
Expression 'PaAlsaStreamComponent_Initialize( &self->capture, alsaApi, inParams, StreamDirection_In, NULL != callback )' failed in 'src/hostapi/alsa/pa_linux_alsa.c', line: 2171
Expression 'PaAlsaStream_Initialize( stream, alsaHostApi, inputParameters, outputParameters, sampleRate, framesPerBuffer, callback, streamFlags, userData )' failed in 'src/hostapi/alsa/pa_linux_alsa.c', line: 2839
Expression 'ret' failed in 'src/hostapi/alsa/pa_linux_alsa.c', line: 1736
Expression 'AlsaOpen( &alsaApi->baseHostApiRep, params, streamDir, &self->pcm )' failed in 'src/hostapi/alsa/pa_linux_alsa.c', line: 1904
Expression 'PaAlsaStreamComponent_Initialize( &self->capture, alsaApi, inParams, StreamDirection_In, NULL != callback )' failed in 'src/hostapi/alsa/pa_linux_alsa.c', line: 2171
Expression 'PaAlsaStream_Initialize( stream, alsaHostApi, inputParameters, outputParameters, sampleRate, framesPerBuffer, callback, streamFlags, userData )' failed in 'src/hostapi/alsa/pa_linux_alsa.c', line: 2839
Expression 'ret' failed in 'src/hostapi/alsa/pa_linux_alsa.c', line: 1736
Expression 'AlsaOpen( &alsaApi->baseHostApiRep, params, streamDir, &self->pcm )' failed in 'src/hostapi/alsa/pa_linux_alsa.c', line: 1904
Expression 'PaAlsaStreamComponent_Initialize( &self->capture, alsaApi, inParams, StreamDirection_In, NULL != callback )' failed in 'src/hostapi/alsa/pa_linux_alsa.c', line: 2171
Expression 'PaAlsaStream_Initialize( stream, alsaHostApi, inputParameters, outputParameters, sampleRate, framesPerBuffer, callback, streamFlags, userData )' failed in 'src/hostapi/alsa/pa_linux_alsa.c', line: 2839
Expression 'ret' failed in 'src/hostapi/alsa/pa_linux_alsa.c', line: 1736
Expression 'AlsaOpen( &alsaApi->baseHostApiRep, params, streamDir, &self->pcm )' failed in 'src/hostapi/alsa/pa_linux_alsa.c', line: 1904
Expression 'PaAlsaStreamComponent_Initialize( &self->capture, alsaApi, inParams, StreamDirection_In, NULL != callback )' failed in 'src/hostapi/alsa/pa_linux_alsa.c', line: 2171
Expression 'PaAlsaStream_Initialize( stream, alsaHostApi, inputParameters, outputParameters, sampleRate, framesPerBuffer, callback, streamFlags, userData )' failed in 'src/hostapi/alsa/pa_linux_alsa.c', line: 2839
Expression 'ret' failed in 'src/hostapi/alsa/pa_linux_alsa.c', line: 1736
Expression 'AlsaOpen( &alsaApi->baseHostApiRep, params, streamDir, &self->pcm )' failed in 'src/hostapi/alsa/pa_linux_alsa.c', line: 1904
Expression 'PaAlsaStreamComponent_Initialize( &self->capture, alsaApi, inParams, StreamDirection_In, NULL != callback )' failed in 'src/hostapi/alsa/pa_linux_alsa.c', line: 2171
Expression 'PaAlsaStream_Initialize( stream, alsaHostApi, inputParameters, outputParameters, sampleRate, framesPerBuffer, callback, streamFlags, userData )' failed in 'src/hostapi/alsa/pa_linux_alsa.c', line: 2839
Expression 'ret' failed in 'src/hostapi/alsa/pa_linux_alsa.c', line: 1736
Expression 'AlsaOpen( &alsaApi->baseHostApiRep, params, streamDir, &self->pcm )' failed in 'src/hostapi/alsa/pa_linux_alsa.c', line: 1904
Expression 'PaAlsaStreamComponent_Initialize( &self->capture, alsaApi, inParams, StreamDirection_In, NULL != callback )' failed in 'src/hostapi/alsa/pa_linux_alsa.c', line: 2171
Expression 'PaAlsaStream_Initialize( stream, alsaHostApi, inputParameters, outputParameters, sampleRate, framesPerBuffer, callback, streamFlags, userData )' failed in 'src/hostapi/alsa/pa_linux_alsa.c', line: 2839
Expression 'ret' failed in 'src/hostapi/alsa/pa_linux_alsa.c', line: 1736
Expression 'AlsaOpen( &alsaApi->baseHostApiRep, params, streamDir, &self->pcm )' failed in 'src/hostapi/alsa/pa_linux_alsa.c', line: 1904
Expression 'PaAlsaStreamComponent_Initialize( &self->capture, alsaApi, inParams, StreamDirection_In, NULL != callback )' failed in 'src/hostapi/alsa/pa_linux_alsa.c', line: 2171
Expression 'PaAlsaStream_Initialize( stream, alsaHostApi, inputParameters, outputParameters, sampleRate, framesPerBuffer, callback, streamFlags, userData )' failed in 'src/hostapi/alsa/pa_linux_alsa.c', line: 2839
Expression 'ret' failed in 'src/hostapi/alsa/pa_linux_alsa.c', line: 1736
Expression 'AlsaOpen( &alsaApi->baseHostApiRep, params, streamDir, &self->pcm )' failed in 'src/hostapi/alsa/pa_linux_alsa.c', line: 1904
Expression 'PaAlsaStreamComponent_Initialize( &self->capture, alsaApi, inParams, StreamDirection_In, NULL != callback )' failed in 'src/hostapi/alsa/pa_linux_alsa.c', line: 2171
Expression 'PaAlsaStream_Initialize( stream, alsaHostApi, inputParameters, outputParameters, sampleRate, framesPerBuffer, callback, streamFlags, userData )' failed in 'src/hostapi/alsa/pa_linux_alsa.c', line: 2839
Expression 'ret' failed in 'src/hostapi/alsa/pa_linux_alsa.c', line: 1736
Expression 'AlsaOpen( &alsaApi->baseHostApiRep, params, streamDir, &self->pcm )' failed in 'src/hostapi/alsa/pa_linux_alsa.c', line: 1904
Expression 'PaAlsaStreamComponent_Initialize( &self->capture, alsaApi, inParams, StreamDirection_In, NULL != callback )' failed in 'src/hostapi/alsa/pa_linux_alsa.c', line: 2171
Expression 'PaAlsaStream_Initialize( stream, alsaHostApi, inputParameters, outputParameters, sampleRate, framesPerBuffer, callback, streamFlags, userData )' failed in 'src/hostapi/alsa/pa_linux_alsa.c', line: 2839
Expression 'ret' failed in 'src/hostapi/alsa/pa_linux_alsa.c', line: 1736
Expression 'AlsaOpen( &alsaApi->baseHostApiRep, params, streamDir, &self->pcm )' failed in 'src/hostapi/alsa/pa_linux_alsa.c', line: 1904
Expression 'PaAlsaStreamComponent_Initialize( &self->capture, alsaApi, inParams, StreamDirection_In, NULL != callback )' failed in 'src/hostapi/alsa/pa_linux_alsa.c', line: 2171
Expression 'PaAlsaStream_Initialize( stream, alsaHostApi, inputParameters, outputParameters, sampleRate, framesPerBuffer, callback, streamFlags, userData )' failed in 'src/hostapi/alsa/pa_linux_alsa.c', line: 2839
Expression 'ret' failed in 'src/hostapi/alsa/pa_linux_alsa.c', line: 1736
Expression 'AlsaOpen( &alsaApi->baseHostApiRep, params, streamDir, &self->pcm )' failed in 'src/hostapi/alsa/pa_linux_alsa.c', line: 1904
Expression 'PaAlsaStreamComponent_Initialize( &self->capture, alsaApi, inParams, StreamDirection_In, NULL != callback )' failed in 'src/hostapi/alsa/pa_linux_alsa.c', line: 2171
Expression 'PaAlsaStream_Initialize( stream, alsaHostApi, inputParameters, outputParameters, sampleRate, framesPerBuffer, callback, streamFlags, userData )' failed in 'src/hostapi/alsa/pa_linux_alsa.c', line: 2839
Expression 'ret' failed in 'src/hostapi/alsa/pa_linux_alsa.c', line: 1736
Expression 'AlsaOpen( &alsaApi->baseHostApiRep, params, streamDir, &self->pcm )' failed in 'src/hostapi/alsa/pa_linux_alsa.c', line: 1904
Expression 'PaAlsaStreamComponent_Initialize( &self->capture, alsaApi, inParams, StreamDirection_In, NULL != callback )' failed in 'src/hostapi/alsa/pa_linux_alsa.c', line: 2171
Expression 'PaAlsaStream_Initialize( stream, alsaHostApi, inputParameters, outputParameters, sampleRate, framesPerBuffer, callback, streamFlags, userData )' failed in 'src/hostapi/alsa/pa_linux_alsa.c', line: 2839
Expression 'ret' failed in 'src/hostapi/alsa/pa_linux_alsa.c', line: 1736
Expression 'AlsaOpen( &alsaApi->baseHostApiRep, params, streamDir, &self->pcm )' failed in 'src/hostapi/alsa/pa_linux_alsa.c', line: 1904
Expression 'PaAlsaStreamComponent_Initialize( &self->capture, alsaApi, inParams, StreamDirection_In, NULL != callback )' failed in 'src/hostapi/alsa/pa_linux_alsa.c', line: 2171
Expression 'PaAlsaStream_Initialize( stream, alsaHostApi, inputParameters, outputParameters, sampleRate, framesPerBuffer, callback, streamFlags, userData )' failed in 'src/hostapi/alsa/pa_linux_alsa.c', line: 2839
Expression 'ret' failed in 'src/hostapi/alsa/pa_linux_alsa.c', line: 1736
Expression 'AlsaOpen( &alsaApi->baseHostApiRep, params, streamDir, &self->pcm )' failed in 'src/hostapi/alsa/pa_linux_alsa.c', line: 1904
Expression 'PaAlsaStreamComponent_Initialize( &self->capture, alsaApi, inParams, StreamDirection_In, NULL != callback )' failed in 'src/hostapi/alsa/pa_linux_alsa.c', line: 2171
Expression 'PaAlsaStream_Initialize( stream, alsaHostApi, inputParameters, outputParameters, sampleRate, framesPerBuffer, callback, streamFlags, userData )' failed in 'src/hostapi/alsa/pa_linux_alsa.c', line: 2839
Expression 'ret' failed in 'src/hostapi/alsa/pa_linux_alsa.c', line: 1736
Expression 'AlsaOpen( &alsaApi->baseHostApiRep, params, streamDir, &self->pcm )' failed in 'src/hostapi/alsa/pa_linux_alsa.c', line: 1904
Expression 'PaAlsaStreamComponent_Initialize( &self->capture, alsaApi, inParams, StreamDirection_In, NULL != callback )' failed in 'src/hostapi/alsa/pa_linux_alsa.c', line: 2171
Expression 'PaAlsaStream_Initialize( stream, alsaHostApi, inputParameters, outputParameters, sampleRate, framesPerBuffer, callback, streamFlags, userData )' failed in 'src/hostapi/alsa/pa_linux_alsa.c', line: 2839
Expression 'ret' failed in 'src/hostapi/alsa/pa_linux_alsa.c', line: 1736
Expression 'AlsaOpen( &alsaApi->baseHostApiRep, params, streamDir, &self->pcm )' failed in 'src/hostapi/alsa/pa_linux_alsa.c', line: 1904
Expression 'PaAlsaStreamComponent_Initialize( &self->capture, alsaApi, inParams, StreamDirection_In, NULL != callback )' failed in 'src/hostapi/alsa/pa_linux_alsa.c', line: 2171
Expression 'PaAlsaStream_Initialize( stream, alsaHostApi, inputParameters, outputParameters, sampleRate, framesPerBuffer, callback, streamFlags, userData )' failed in 'src/hostapi/alsa/pa_linux_alsa.c', line: 2839
Expression 'ret' failed in 'src/hostapi/alsa/pa_linux_alsa.c', line: 1736
Expression 'AlsaOpen( &alsaApi->baseHostApiRep, params, streamDir, &self->pcm )' failed in 'src/hostapi/alsa/pa_linux_alsa.c', line: 1904
Expression 'PaAlsaStreamComponent_Initialize( &self->capture, alsaApi, inParams, StreamDirection_In, NULL != callback )' failed in 'src/hostapi/alsa/pa_linux_alsa.c', line: 2171
Expression 'PaAlsaStream_Initialize( stream, alsaHostApi, inputParameters, outputParameters, sampleRate, framesPerBuffer, callback, streamFlags, userData )' failed in 'src/hostapi/alsa/pa_linux_alsa.c', line: 2839
Expression 'ret' failed in 'src/hostapi/alsa/pa_linux_alsa.c', line: 1736
Expression 'AlsaOpen( &alsaApi->baseHostApiRep, params, streamDir, &self->pcm )' failed in 'src/hostapi/alsa/pa_linux_alsa.c', line: 1904
Expression 'PaAlsaStreamComponent_Initialize( &self->capture, alsaApi, inParams, StreamDirection_In, NULL != callback )' failed in 'src/hostapi/alsa/pa_linux_alsa.c', line: 2171
Expression 'PaAlsaStream_Initialize( stream, alsaHostApi, inputParameters, outputParameters, sampleRate, framesPerBuffer, callback, streamFlags, userData )' failed in 'src/hostapi/alsa/pa_linux_alsa.c', line: 2839
Expression 'ret' failed in 'src/hostapi/alsa/pa_linux_alsa.c', line: 1736
Expression 'AlsaOpen( &alsaApi->baseHostApiRep, params, streamDir, &self->pcm )' failed in 'src/hostapi/alsa/pa_linux_alsa.c', line: 1904
Expression 'PaAlsaStreamComponent_Initialize( &self->capture, alsaApi, inParams, StreamDirection_In, NULL != callback )' failed in 'src/hostapi/alsa/pa_linux_alsa.c', line: 2171
Expression 'PaAlsaStream_Initialize( stream, alsaHostApi, inputParameters, outputParameters, sampleRate, framesPerBuffer, callback, streamFlags, userData )' failed in 'src/hostapi/alsa/pa_linux_alsa.c', line: 2839
Expression 'ret' failed in 'src/hostapi/alsa/pa_linux_alsa.c', line: 1736
Expression 'AlsaOpen( &alsaApi->baseHostApiRep, params, streamDir, &self->pcm )' failed in 'src/hostapi/alsa/pa_linux_alsa.c', line: 1904
Expression 'PaAlsaStreamComponent_Initialize( &self->capture, alsaApi, inParams, StreamDirection_In, NULL != callback )' failed in 'src/hostapi/alsa/pa_linux_alsa.c', line: 2171
Expression 'PaAlsaStream_Initialize( stream, alsaHostApi, inputParameters, outputParameters, sampleRate, framesPerBuffer, callback, streamFlags, userData )' failed in 'src/hostapi/alsa/pa_linux_alsa.c', line: 2839
Expression 'ret' failed in 'src/hostapi/alsa/pa_linux_alsa.c', line: 1736
Expression 'AlsaOpen( &alsaApi->baseHostApiRep, params, streamDir, &self->pcm )' failed in 'src/hostapi/alsa/pa_linux_alsa.c', line: 1904
Expression 'PaAlsaStreamComponent_Initialize( &self->capture, alsaApi, inParams, StreamDirection_In, NULL != callback )' failed in 'src/hostapi/alsa/pa_linux_alsa.c', line: 2171
Expression 'PaAlsaStream_Initialize( stream, alsaHostApi, inputParameters, outputParameters, sampleRate, framesPerBuffer, callback, streamFlags, userData )' failed in 'src/hostapi/alsa/pa_linux_alsa.c', line: 2839
Expression 'ret' failed in 'src/hostapi/alsa/pa_linux_alsa.c', line: 1736
Expression 'AlsaOpen( &alsaApi->baseHostApiRep, params, streamDir, &self->pcm )' failed in 'src/hostapi/alsa/pa_linux_alsa.c', line: 1904
Expression 'PaAlsaStreamComponent_Initialize( &self->capture, alsaApi, inParams, StreamDirection_In, NULL != callback )' failed in 'src/hostapi/alsa/pa_linux_alsa.c', line: 2171
Expression 'PaAlsaStream_Initialize( stream, alsaHostApi, inputParameters, outputParameters, sampleRate, framesPerBuffer, callback, streamFlags, userData )' failed in 'src/hostapi/alsa/pa_linux_alsa.c', line: 2839
Expression 'ret' failed in 'src/hostapi/alsa/pa_linux_alsa.c', line: 1736
Expression 'AlsaOpen( &alsaApi->baseHostApiRep, params, streamDir, &self->pcm )' failed in 'src/hostapi/alsa/pa_linux_alsa.c', line: 1904
Expression 'PaAlsaStreamComponent_Initialize( &self->capture, alsaApi, inParams, StreamDirection_In, NULL != callback )' failed in 'src/hostapi/alsa/pa_linux_alsa.c', line: 2171
Expression 'PaAlsaStream_Initialize( stream, alsaHostApi, inputParameters, outputParameters, sampleRate, framesPerBuffer, callback, streamFlags, userData )' failed in 'src/hostapi/alsa/pa_linux_alsa.c', line: 2839
Expression 'ret' failed in 'src/hostapi/alsa/pa_linux_alsa.c', line: 1736
Expression 'AlsaOpen( &alsaApi->baseHostApiRep, params, streamDir, &self->pcm )' failed in 'src/hostapi/alsa/pa_linux_alsa.c', line: 1904
Expression 'PaAlsaStreamComponent_Initialize( &self->capture, alsaApi, inParams, StreamDirection_In, NULL != callback )' failed in 'src/hostapi/alsa/pa_linux_alsa.c', line: 2171
Expression 'PaAlsaStream_Initialize( stream, alsaHostApi, inputParameters, outputParameters, sampleRate, framesPerBuffer, callback, streamFlags, userData )' failed in 'src/hostapi/alsa/pa_linux_alsa.c', line: 2839
Expression 'ret' failed in 'src/hostapi/alsa/pa_linux_alsa.c', line: 1736
Expression 'AlsaOpen( &alsaApi->baseHostApiRep, params, streamDir, &self->pcm )' failed in 'src/hostapi/alsa/pa_linux_alsa.c', line: 1904
Expression 'PaAlsaStreamComponent_Initialize( &self->capture, alsaApi, inParams, StreamDirection_In, NULL != callback )' failed in 'src/hostapi/alsa/pa_linux_alsa.c', line: 2171
Expression 'PaAlsaStream_Initialize( stream, alsaHostApi, inputParameters, outputParameters, sampleRate, framesPerBuffer, callback, streamFlags, userData )' failed in 'src/hostapi/alsa/pa_linux_alsa.c', line: 2839
Expression 'ret' failed in 'src/hostapi/alsa/pa_linux_alsa.c', line: 1736
Expression 'AlsaOpen( &alsaApi->baseHostApiRep, params, streamDir, &self->pcm )' failed in 'src/hostapi/alsa/pa_linux_alsa.c', line: 1904
Expression 'PaAlsaStreamComponent_Initialize( &self->capture, alsaApi, inParams, StreamDirection_In, NULL != callback )' failed in 'src/hostapi/alsa/pa_linux_alsa.c', line: 2171
Expression 'PaAlsaStream_Initialize( stream, alsaHostApi, inputParameters, outputParameters, sampleRate, framesPerBuffer, callback, streamFlags, userData )' failed in 'src/hostapi/alsa/pa_linux_alsa.c', line: 2839
Expression 'ret' failed in 'src/hostapi/alsa/pa_linux_alsa.c', line: 1736
Expression 'AlsaOpen( &alsaApi->baseHostApiRep, params, streamDir, &self->pcm )' failed in 'src/hostapi/alsa/pa_linux_alsa.c', line: 1904
Expression 'PaAlsaStreamComponent_Initialize( &self->capture, alsaApi, inParams, StreamDirection_In, NULL != callback )' failed in 'src/hostapi/alsa/pa_linux_alsa.c', line: 2171
Expression 'PaAlsaStream_Initialize( stream, alsaHostApi, inputParameters, outputParameters, sampleRate, framesPerBuffer, callback, streamFlags, userData )' failed in 'src/hostapi/alsa/pa_linux_alsa.c', line: 2839
Expression 'ret' failed in 'src/hostapi/alsa/pa_linux_alsa.c', line: 1736
Expression 'AlsaOpen( &alsaApi->baseHostApiRep, params, streamDir, &self->pcm )' failed in 'src/hostapi/alsa/pa_linux_alsa.c', line: 1904
Expression 'PaAlsaStreamComponent_Initialize( &self->capture, alsaApi, inParams, StreamDirection_In, NULL != callback )' failed in 'src/hostapi/alsa/pa_linux_alsa.c', line: 2171
Expression 'PaAlsaStream_Initialize( stream, alsaHostApi, inputParameters, outputParameters, sampleRate, framesPerBuffer, callback, streamFlags, userData )' failed in 'src/hostapi/alsa/pa_linux_alsa.c', line: 2839
Expression 'ret' failed in 'src/hostapi/alsa/pa_linux_alsa.c', line: 1736
Expression 'AlsaOpen( &alsaApi->baseHostApiRep, params, streamDir, &self->pcm )' failed in 'src/hostapi/alsa/pa_linux_alsa.c', line: 1904
Expression 'PaAlsaStreamComponent_Initialize( &self->capture, alsaApi, inParams, StreamDirection_In, NULL != callback )' failed in 'src/hostapi/alsa/pa_linux_alsa.c', line: 2171
Expression 'PaAlsaStream_Initialize( stream, alsaHostApi, inputParameters, outputParameters, sampleRate, framesPerBuffer, callback, streamFlags, userData )' failed in 'src/hostapi/alsa/pa_linux_alsa.c', line: 2839
Expression 'ret' failed in 'src/hostapi/alsa/pa_linux_alsa.c', line: 1736
Expression 'AlsaOpen( &alsaApi->baseHostApiRep, params, streamDir, &self->pcm )' failed in 'src/hostapi/alsa/pa_linux_alsa.c', line: 1904
Expression 'PaAlsaStreamComponent_Initialize( &self->capture, alsaApi, inParams, StreamDirection_In, NULL != callback )' failed in 'src/hostapi/alsa/pa_linux_alsa.c', line: 2171
Expression 'PaAlsaStream_Initialize( stream, alsaHostApi, inputParameters, outputParameters, sampleRate, framesPerBuffer, callback, streamFlags, userData )' failed in 'src/hostapi/alsa/pa_linux_alsa.c', line: 2839
Expression 'ret' failed in 'src/hostapi/alsa/pa_linux_alsa.c', line: 1736
Expression 'AlsaOpen( &alsaApi->baseHostApiRep, params, streamDir, &self->pcm )' failed in 'src/hostapi/alsa/pa_linux_alsa.c', line: 1904
Expression 'PaAlsaStreamComponent_Initialize( &self->capture, alsaApi, inParams, StreamDirection_In, NULL != callback )' failed in 'src/hostapi/alsa/pa_linux_alsa.c', line: 2171
Expression 'PaAlsaStream_Initialize( stream, alsaHostApi, inputParameters, outputParameters, sampleRate, framesPerBuffer, callback, streamFlags, userData )' failed in 'src/hostapi/alsa/pa_linux_alsa.c', line: 2839
Expression 'ret' failed in 'src/hostapi/alsa/pa_linux_alsa.c', line: 1736
Expression 'AlsaOpen( &alsaApi->baseHostApiRep, params, streamDir, &self->pcm )' failed in 'src/hostapi/alsa/pa_linux_alsa.c', line: 1904
Expression 'PaAlsaStreamComponent_Initialize( &self->capture, alsaApi, inParams, StreamDirection_In, NULL != callback )' failed in 'src/hostapi/alsa/pa_linux_alsa.c', line: 2171
Expression 'PaAlsaStream_Initialize( stream, alsaHostApi, inputParameters, outputParameters, sampleRate, framesPerBuffer, callback, streamFlags, userData )' failed in 'src/hostapi/alsa/pa_linux_alsa.c', line: 2839
Expression 'ret' failed in 'src/hostapi/alsa/pa_linux_alsa.c', line: 1736
Expression 'AlsaOpen( &alsaApi->baseHostApiRep, params, streamDir, &self->pcm )' failed in 'src/hostapi/alsa/pa_linux_alsa.c', line: 1904
Expression 'PaAlsaStreamComponent_Initialize( &self->capture, alsaApi, inParams, StreamDirection_In, NULL != callback )' failed in 'src/hostapi/alsa/pa_linux_alsa.c', line: 2171
Expression 'PaAlsaStream_Initialize( stream, alsaHostApi, inputParameters, outputParameters, sampleRate, framesPerBuffer, callback, streamFlags, userData )' failed in 'src/hostapi/alsa/pa_linux_alsa.c', line: 2839
Expression 'ret' failed in 'src/hostapi/alsa/pa_linux_alsa.c', line: 1736
Expression 'AlsaOpen( &alsaApi->baseHostApiRep, params, streamDir, &self->pcm )' failed in 'src/hostapi/alsa/pa_linux_alsa.c', line: 1904
Expression 'PaAlsaStreamComponent_Initialize( &self->capture, alsaApi, inParams, StreamDirection_In, NULL != callback )' failed in 'src/hostapi/alsa/pa_linux_alsa.c', line: 2171
Expression 'PaAlsaStream_Initialize( stream, alsaHostApi, inputParameters, outputParameters, sampleRate, framesPerBuffer, callback, streamFlags, userData )' failed in 'src/hostapi/alsa/pa_linux_alsa.c', line: 2839
Expression 'ret' failed in 'src/hostapi/alsa/pa_linux_alsa.c', line: 1736
Expression 'AlsaOpen( &alsaApi->baseHostApiRep, params, streamDir, &self->pcm )' failed in 'src/hostapi/alsa/pa_linux_alsa.c', line: 1904
Expression 'PaAlsaStreamComponent_Initialize( &self->capture, alsaApi, inParams, StreamDirection_In, NULL != callback )' failed in 'src/hostapi/alsa/pa_linux_alsa.c', line: 2171
Expression 'PaAlsaStream_Initialize( stream, alsaHostApi, inputParameters, outputParameters, sampleRate, framesPerBuffer, callback, streamFlags, userData )' failed in 'src/hostapi/alsa/pa_linux_alsa.c', line: 2839
Expression 'ret' failed in 'src/hostapi/alsa/pa_linux_alsa.c', line: 1736
Expression 'AlsaOpen( &alsaApi->baseHostApiRep, params, streamDir, &self->pcm )' failed in 'src/hostapi/alsa/pa_linux_alsa.c', line: 1904
Expression 'PaAlsaStreamComponent_Initialize( &self->capture, alsaApi, inParams, StreamDirection_In, NULL != callback )' failed in 'src/hostapi/alsa/pa_linux_alsa.c', line: 2171
Expression 'PaAlsaStream_Initialize( stream, alsaHostApi, inputParameters, outputParameters, sampleRate, framesPerBuffer, callback, streamFlags, userData )' failed in 'src/hostapi/alsa/pa_linux_alsa.c', line: 2839
Expression 'ret' failed in 'src/hostapi/alsa/pa_linux_alsa.c', line: 1736
Expression 'AlsaOpen( &alsaApi->baseHostApiRep, params, streamDir, &self->pcm )' failed in 'src/hostapi/alsa/pa_linux_alsa.c', line: 1904
Expression 'PaAlsaStreamComponent_Initialize( &self->capture, alsaApi, inParams, StreamDirection_In, NULL != callback )' failed in 'src/hostapi/alsa/pa_linux_alsa.c', line: 2171
Expression 'PaAlsaStream_Initialize( stream, alsaHostApi, inputParameters, outputParameters, sampleRate, framesPerBuffer, callback, streamFlags, userData )' failed in 'src/hostapi/alsa/pa_linux_alsa.c', line: 2839
Expression 'ret' failed in 'src/hostapi/alsa/pa_linux_alsa.c', line: 1736
Expression 'AlsaOpen( &alsaApi->baseHostApiRep, params, streamDir, &self->pcm )' failed in 'src/hostapi/alsa/pa_linux_alsa.c', line: 1904
Expression 'PaAlsaStreamComponent_Initialize( &self->capture, alsaApi, inParams, StreamDirection_In, NULL != callback )' failed in 'src/hostapi/alsa/pa_linux_alsa.c', line: 2171
Expression 'PaAlsaStream_Initialize( stream, alsaHostApi, inputParameters, outputParameters, sampleRate, framesPerBuffer, callback, streamFlags, userData )' failed in 'src/hostapi/alsa/pa_linux_alsa.c', line: 2839
Expression 'ret' failed in 'src/hostapi/alsa/pa_linux_alsa.c', line: 1736
Expression 'AlsaOpen( &alsaApi->baseHostApiRep, params, streamDir, &self->pcm )' failed in 'src/hostapi/alsa/pa_linux_alsa.c', line: 1904
Expression 'PaAlsaStreamComponent_Initialize( &self->capture, alsaApi, inParams, StreamDirection_In, NULL != callback )' failed in 'src/hostapi/alsa/pa_linux_alsa.c', line: 2171
Expression 'PaAlsaStream_Initialize( stream, alsaHostApi, inputParameters, outputParameters, sampleRate, framesPerBuffer, callback, streamFlags, userData )' failed in 'src/hostapi/alsa/pa_linux_alsa.c', line: 2839
Expression 'ret' failed in 'src/hostapi/alsa/pa_linux_alsa.c', line: 1736
Expression 'AlsaOpen( &alsaApi->baseHostApiRep, params, streamDir, &self->pcm )' failed in 'src/hostapi/alsa/pa_linux_alsa.c', line: 1904
Expression 'PaAlsaStreamComponent_Initialize( &self->capture, alsaApi, inParams, StreamDirection_In, NULL != callback )' failed in 'src/hostapi/alsa/pa_linux_alsa.c', line: 2171
Expression 'PaAlsaStream_Initialize( stream, alsaHostApi, inputParameters, outputParameters, sampleRate, framesPerBuffer, callback, streamFlags, userData )' failed in 'src/hostapi/alsa/pa_linux_alsa.c', line: 2839
Expression 'ret' failed in 'src/hostapi/alsa/pa_linux_alsa.c', line: 1736
Expression 'AlsaOpen( &alsaApi->baseHostApiRep, params, streamDir, &self->pcm )' failed in 'src/hostapi/alsa/pa_linux_alsa.c', line: 1904
Expression 'PaAlsaStreamComponent_Initialize( &self->capture, alsaApi, inParams, StreamDirection_In, NULL != callback )' failed in 'src/hostapi/alsa/pa_linux_alsa.c', line: 2171
Expression 'PaAlsaStream_Initialize( stream, alsaHostApi, inputParameters, outputParameters, sampleRate, framesPerBuffer, callback, streamFlags, userData )' failed in 'src/hostapi/alsa/pa_linux_alsa.c', line: 2839
Expression 'ret' failed in 'src/hostapi/alsa/pa_linux_alsa.c', line: 1736
Expression 'AlsaOpen( &alsaApi->baseHostApiRep, params, streamDir, &self->pcm )' failed in 'src/hostapi/alsa/pa_linux_alsa.c', line: 1904
Expression 'PaAlsaStreamComponent_Initialize( &self->capture, alsaApi, inParams, StreamDirection_In, NULL != callback )' failed in 'src/hostapi/alsa/pa_linux_alsa.c', line: 2171
Expression 'PaAlsaStream_Initialize( stream, alsaHostApi, inputParameters, outputParameters, sampleRate, framesPerBuffer, callback, streamFlags, userData )' failed in 'src/hostapi/alsa/pa_linux_alsa.c', line: 2839
Expression 'ret' failed in 'src/hostapi/alsa/pa_linux_alsa.c', line: 1736
Expression 'AlsaOpen( &alsaApi->baseHostApiRep, params, streamDir, &self->pcm )' failed in 'src/hostapi/alsa/pa_linux_alsa.c', line: 1904
Expression 'PaAlsaStreamComponent_Initialize( &self->capture, alsaApi, inParams, StreamDirection_In, NULL != callback )' failed in 'src/hostapi/alsa/pa_linux_alsa.c', line: 2171
Expression 'PaAlsaStream_Initialize( stream, alsaHostApi, inputParameters, outputParameters, sampleRate, framesPerBuffer, callback, streamFlags, userData )' failed in 'src/hostapi/alsa/pa_linux_alsa.c', line: 2839
Expression 'ret' failed in 'src/hostapi/alsa/pa_linux_alsa.c', line: 1736
Expression 'AlsaOpen( &alsaApi->baseHostApiRep, params, streamDir, &self->pcm )' failed in 'src/hostapi/alsa/pa_linux_alsa.c', line: 1904
Expression 'PaAlsaStreamComponent_Initialize( &self->capture, alsaApi, inParams, StreamDirection_In, NULL != callback )' failed in 'src/hostapi/alsa/pa_linux_alsa.c', line: 2171
Expression 'PaAlsaStream_Initialize( stream, alsaHostApi, inputParameters, outputParameters, sampleRate, framesPerBuffer, callback, streamFlags, userData )' failed in 'src/hostapi/alsa/pa_linux_alsa.c', line: 2839
Expression 'ret' failed in 'src/hostapi/alsa/pa_linux_alsa.c', line: 1736
Expression 'AlsaOpen( &alsaApi->baseHostApiRep, params, streamDir, &self->pcm )' failed in 'src/hostapi/alsa/pa_linux_alsa.c', line: 1904
Expression 'PaAlsaStreamComponent_Initialize( &self->capture, alsaApi, inParams, StreamDirection_In, NULL != callback )' failed in 'src/hostapi/alsa/pa_linux_alsa.c', line: 2171
Expression 'PaAlsaStream_Initialize( stream, alsaHostApi, inputParameters, outputParameters, sampleRate, framesPerBuffer, callback, streamFlags, userData )' failed in 'src/hostapi/alsa/pa_linux_alsa.c', line: 2839
Expression 'ret' failed in 'src/hostapi/alsa/pa_linux_alsa.c', line: 1736
Expression 'AlsaOpen( &alsaApi->baseHostApiRep, params, streamDir, &self->pcm )' failed in 'src/hostapi/alsa/pa_linux_alsa.c', line: 1904
Expression 'PaAlsaStreamComponent_Initialize( &self->capture, alsaApi, inParams, StreamDirection_In, NULL != callback )' failed in 'src/hostapi/alsa/pa_linux_alsa.c', line: 2171
Expression 'PaAlsaStream_Initialize( stream, alsaHostApi, inputParameters, outputParameters, sampleRate, framesPerBuffer, callback, streamFlags, userData )' failed in 'src/hostapi/alsa/pa_linux_alsa.c', line: 2839
Expression 'ret' failed in 'src/hostapi/alsa/pa_linux_alsa.c', line: 1736
Expression 'AlsaOpen( &alsaApi->baseHostApiRep, params, streamDir, &self->pcm )' failed in 'src/hostapi/alsa/pa_linux_alsa.c', line: 1904
Expression 'PaAlsaStreamComponent_Initialize( &self->capture, alsaApi, inParams, StreamDirection_In, NULL != callback )' failed in 'src/hostapi/alsa/pa_linux_alsa.c', line: 2171
Expression 'PaAlsaStream_Initialize( stream, alsaHostApi, inputParameters, outputParameters, sampleRate, framesPerBuffer, callback, streamFlags, userData )' failed in 'src/hostapi/alsa/pa_linux_alsa.c', line: 2839
Expression 'ret' failed in 'src/hostapi/alsa/pa_linux_alsa.c', line: 1736
Expression 'AlsaOpen( &alsaApi->baseHostApiRep, params, streamDir, &self->pcm )' failed in 'src/hostapi/alsa/pa_linux_alsa.c', line: 1904
Expression 'PaAlsaStreamComponent_Initialize( &self->capture, alsaApi, inParams, StreamDirection_In, NULL != callback )' failed in 'src/hostapi/alsa/pa_linux_alsa.c', line: 2171
Expression 'PaAlsaStream_Initialize( stream, alsaHostApi, inputParameters, outputParameters, sampleRate, framesPerBuffer, callback, streamFlags, userData )' failed in 'src/hostapi/alsa/pa_linux_alsa.c', line: 2839
Expression 'ret' failed in 'src/hostapi/alsa/pa_linux_alsa.c', line: 1736
Expression 'AlsaOpen( &alsaApi->baseHostApiRep, params, streamDir, &self->pcm )' failed in 'src/hostapi/alsa/pa_linux_alsa.c', line: 1904
Expression 'PaAlsaStreamComponent_Initialize( &self->capture, alsaApi, inParams, StreamDirection_In, NULL != callback )' failed in 'src/hostapi/alsa/pa_linux_alsa.c', line: 2171
Expression 'PaAlsaStream_Initialize( stream, alsaHostApi, inputParameters, outputParameters, sampleRate, framesPerBuffer, callback, streamFlags, userData )' failed in 'src/hostapi/alsa/pa_linux_alsa.c', line: 2839
Expression 'ret' failed in 'src/hostapi/alsa/pa_linux_alsa.c', line: 1736
Expression 'AlsaOpen( &alsaApi->baseHostApiRep, params, streamDir, &self->pcm )' failed in 'src/hostapi/alsa/pa_linux_alsa.c', line: 1904
Expression 'PaAlsaStreamComponent_Initialize( &self->capture, alsaApi, inParams, StreamDirection_In, NULL != callback )' failed in 'src/hostapi/alsa/pa_linux_alsa.c', line: 2171
Expression 'PaAlsaStream_Initialize( stream, alsaHostApi, inputParameters, outputParameters, sampleRate, framesPerBuffer, callback, streamFlags, userData )' failed in 'src/hostapi/alsa/pa_linux_alsa.c', line: 2839
xcb_connection_has_error() returned true
xcb_connection_has_error() returned true
Expression 'ret' failed in 'src/hostapi/alsa/pa_linux_alsa.c', line: 1736
Expression 'AlsaOpen( &alsaApi->baseHostApiRep, params, streamDir, &self->pcm )' failed in 'src/hostapi/alsa/pa_linux_alsa.c', line: 1904
Expression 'PaAlsaStreamComponent_Initialize( &self->capture, alsaApi, inParams, StreamDirection_In, NULL != callback )' failed in 'src/hostapi/alsa/pa_linux_alsa.c', line: 2171
Expression 'PaAlsaStream_Initialize( stream, alsaHostApi, inputParameters, outputParameters, sampleRate, framesPerBuffer, callback, streamFlags, userData )' failed in 'src/hostapi/alsa/pa_linux_alsa.c', line: 2839
Expression 'ret' failed in 'src/hostapi/alsa/pa_linux_alsa.c', line: 1736
Expression 'AlsaOpen( &alsaApi->baseHostApiRep, params, streamDir, &self->pcm )' failed in 'src/hostapi/alsa/pa_linux_alsa.c', line: 1904
Expression 'PaAlsaStreamComponent_Initialize( &self->capture, alsaApi, inParams, StreamDirection_In, NULL != callback )' failed in 'src/hostapi/alsa/pa_linux_alsa.c', line: 2171
Expression 'PaAlsaStream_Initialize( stream, alsaHostApi, inputParameters, outputParameters, sampleRate, framesPerBuffer, callback, streamFlags, userData )' failed in 'src/hostapi/alsa/pa_linux_alsa.c', line: 2839
Expression 'ret' failed in 'src/hostapi/alsa/pa_linux_alsa.c', line: 1736
Expression 'AlsaOpen( &alsaApi->baseHostApiRep, params, streamDir, &self->pcm )' failed in 'src/hostapi/alsa/pa_linux_alsa.c', line: 1904
Expression 'PaAlsaStreamComponent_Initialize( &self->capture, alsaApi, inParams, StreamDirection_In, NULL != callback )' failed in 'src/hostapi/alsa/pa_linux_alsa.c', line: 2171
Expression 'PaAlsaStream_Initialize( stream, alsaHostApi, inputParameters, outputParameters, sampleRate, framesPerBuffer, callback, streamFlags, userData )' failed in 'src/hostapi/alsa/pa_linux_alsa.c', line: 2839
Expression 'ret' failed in 'src/hostapi/alsa/pa_linux_alsa.c', line: 1736
Expression 'AlsaOpen( &alsaApi->baseHostApiRep, params, streamDir, &self->pcm )' failed in 'src/hostapi/alsa/pa_linux_alsa.c', line: 1904
Expression 'PaAlsaStreamComponent_Initialize( &self->capture, alsaApi, inParams, StreamDirection_In, NULL != callback )' failed in 'src/hostapi/alsa/pa_linux_alsa.c', line: 2171
Expression 'PaAlsaStream_Initialize( stream, alsaHostApi, inputParameters, outputParameters, sampleRate, framesPerBuffer, callback, streamFlags, userData )' failed in 'src/hostapi/alsa/pa_linux_alsa.c', line: 2839
Expression 'ret' failed in 'src/hostapi/alsa/pa_linux_alsa.c', line: 1736
Expression 'AlsaOpen( &alsaApi->baseHostApiRep, params, streamDir, &self->pcm )' failed in 'src/hostapi/alsa/pa_linux_alsa.c', line: 1904
Expression 'PaAlsaStreamComponent_Initialize( &self->capture, alsaApi, inParams, StreamDirection_In, NULL != callback )' failed in 'src/hostapi/alsa/pa_linux_alsa.c', line: 2171
Expression 'PaAlsaStream_Initialize( stream, alsaHostApi, inputParameters, outputParameters, sampleRate, framesPerBuffer, callback, streamFlags, userData )' failed in 'src/hostapi/alsa/pa_linux_alsa.c', line: 2839
Expression 'ret' failed in 'src/hostapi/alsa/pa_linux_alsa.c', line: 1736
Expression 'AlsaOpen( &alsaApi->baseHostApiRep, params, streamDir, &self->pcm )' failed in 'src/hostapi/alsa/pa_linux_alsa.c', line: 1904
Expression 'PaAlsaStreamComponent_Initialize( &self->capture, alsaApi, inParams, StreamDirection_In, NULL != callback )' failed in 'src/hostapi/alsa/pa_linux_alsa.c', line: 2171
Expression 'PaAlsaStream_Initialize( stream, alsaHostApi, inputParameters, outputParameters, sampleRate, framesPerBuffer, callback, streamFlags, userData )' failed in 'src/hostapi/alsa/pa_linux_alsa.c', line: 2839
Expression 'ret' failed in 'src/hostapi/alsa/pa_linux_alsa.c', line: 1736
Expression 'AlsaOpen( &alsaApi->baseHostApiRep, params, streamDir, &self->pcm )' failed in 'src/hostapi/alsa/pa_linux_alsa.c', line: 1904
Expression 'PaAlsaStreamComponent_Initialize( &self->capture, alsaApi, inParams, StreamDirection_In, NULL != callback )' failed in 'src/hostapi/alsa/pa_linux_alsa.c', line: 2171
Expression 'PaAlsaStream_Initialize( stream, alsaHostApi, inputParameters, outputParameters, sampleRate, framesPerBuffer, callback, streamFlags, userData )' failed in 'src/hostapi/alsa/pa_linux_alsa.c', line: 2839
Expression 'ret' failed in 'src/hostapi/alsa/pa_linux_alsa.c', line: 1736
Expression 'AlsaOpen( &alsaApi->baseHostApiRep, params, streamDir, &self->pcm )' failed in 'src/hostapi/alsa/pa_linux_alsa.c', line: 1904
Expression 'PaAlsaStreamComponent_Initialize( &self->capture, alsaApi, inParams, StreamDirection_In, NULL != callback )' failed in 'src/hostapi/alsa/pa_linux_alsa.c', line: 2171
Expression 'PaAlsaStream_Initialize( stream, alsaHostApi, inputParameters, outputParameters, sampleRate, framesPerBuffer, callback, streamFlags, userData )' failed in 'src/hostapi/alsa/pa_linux_alsa.c', line: 2839
Expression 'ret' failed in 'src/hostapi/alsa/pa_linux_alsa.c', line: 1736
Expression 'AlsaOpen( &alsaApi->baseHostApiRep, params, streamDir, &self->pcm )' failed in 'src/hostapi/alsa/pa_linux_alsa.c', line: 1904
Expression 'PaAlsaStreamComponent_Initialize( &self->capture, alsaApi, inParams, StreamDirection_In, NULL != callback )' failed in 'src/hostapi/alsa/pa_linux_alsa.c', line: 2171
Expression 'PaAlsaStream_Initialize( stream, alsaHostApi, inputParameters, outputParameters, sampleRate, framesPerBuffer, callback, streamFlags, userData )' failed in 'src/hostapi/alsa/pa_linux_alsa.c', line: 2839
Expression 'ret' failed in 'src/hostapi/alsa/pa_linux_alsa.c', line: 1736
Expression 'AlsaOpen( &alsaApi->baseHostApiRep, params, streamDir, &self->pcm )' failed in 'src/hostapi/alsa/pa_linux_alsa.c', line: 1904
Expression 'PaAlsaStreamComponent_Initialize( &self->capture, alsaApi, inParams, StreamDirection_In, NULL != callback )' failed in 'src/hostapi/alsa/pa_linux_alsa.c', line: 2171
Expression 'PaAlsaStream_Initialize( stream, alsaHostApi, inputParameters, outputParameters, sampleRate, framesPerBuffer, callback, streamFlags, userData )' failed in 'src/hostapi/alsa/pa_linux_alsa.c', line: 2839
Expression 'ret' failed in 'src/hostapi/alsa/pa_linux_alsa.c', line: 1736
Expression 'AlsaOpen( &alsaApi->baseHostApiRep, params, streamDir, &self->pcm )' failed in 'src/hostapi/alsa/pa_linux_alsa.c', line: 1904
Expression 'PaAlsaStreamComponent_Initialize( &self->capture, alsaApi, inParams, StreamDirection_In, NULL != callback )' failed in 'src/hostapi/alsa/pa_linux_alsa.c', line: 2171
Expression 'PaAlsaStream_Initialize( stream, alsaHostApi, inputParameters, outputParameters, sampleRate, framesPerBuffer, callback, streamFlags, userData )' failed in 'src/hostapi/alsa/pa_linux_alsa.c', line: 2839
Expression 'ret' failed in 'src/hostapi/alsa/pa_linux_alsa.c', line: 1736
Expression 'AlsaOpen( &alsaApi->baseHostApiRep, params, streamDir, &self->pcm )' failed in 'src/hostapi/alsa/pa_linux_alsa.c', line: 1904
Expression 'PaAlsaStreamComponent_Initialize( &self->capture, alsaApi, inParams, StreamDirection_In, NULL != callback )' failed in 'src/hostapi/alsa/pa_linux_alsa.c', line: 2171
Expression 'PaAlsaStream_Initialize( stream, alsaHostApi, inputParameters, outputParameters, sampleRate, framesPerBuffer, callback, streamFlags, userData )' failed in 'src/hostapi/alsa/pa_linux_alsa.c', line: 2839
[Errno -9985] Device unavailable
❌ Mic open error: [Errno -9985] Device unavailable
❌ Mic open error: [Errno -9985] Device unavailable
❌ Mic open error: [Errno -9985] Device unavailable
❌ Mic open error: [Errno -9985] Device unavailable
❌ Mic open error: [Errno -9985] Device unavailable
❌ Mic open error: [Errno -9985] Device unavailable
❌ Mic open error: [Errno -9985] Device unavailable
❌ Mic open error: [Errno -9985] Device unavailable
❌ Mic open error: [Errno -9985] Device unavailable
❌ Mic open error: [Errno -9985] Device unavailable
❌ Mic open error: [Errno -9985] Device unavailable
❌ Mic open error: [Errno -9985] Device unavailable
❌ Mic open error: [Errno -9985] Device unavailable
❌ Mic open error: [Errno -9985] Device unavailable
❌ Mic open error: [Errno -9985] Device unavailable
❌ Mic open error: [Errno -9985] Device unavailable
❌ Mic open error: [Errno -9985] Device unavailable
❌ Mic open error: [Errno -9985] Device unavailable
❌ Mic open error: [Errno -9985] Device unavailable
❌ Mic open error: [Errno -9985] Device unavailable
❌ Mic open error: [Errno -9985] Device unavailable
❌ Mic open error: [Errno -9985] Device unavailable
❌ Mic open error: [Errno -9985] Device unavailable
❌ Mic open error: [Errno -9985] Device unavailable
❌ Mic open error: [Errno -9985] Device unavailable
❌ Mic open error: [Errno -9985] Device unavailable
🎙️ Voice detected (RMS~0.017)
📝 Transcribing audio…
❌ Mic open error: [Errno -9985] Device unavailable
❌ Mic open error: [Errno -9985] Device unavailable
❌ Mic open error: [Errno -9985] Device unavailable
❌ Mic open error: [Errno -9985] Device unavailable
❌ Mic open error: [Errno -9985] Device unavailable
❌ Mic open error: [Errno -9985] Device unavailable
❌ Mic open error: [Errno -9985] Device unavailable
❌ Mic open error: [Errno -9985] Device unavailable
❌ Mic open error: [Errno -9985] Device unavailable
❌ Mic open error: [Errno -9985] Device unavailable
❌ Mic open error: [Errno -9985] Device unavailable
❌ Mic open error: [Errno -9985] Device unavailable
❌ Mic open error: [Errno -9985] Device unavailable
🎙️ Voice detected (RMS~0.022)
📝 Transcribing audio…
❌ Mic open error: [Errno -9985] Device unavailable
❌ Mic open error: [Errno -9985] Device unavailable
❌ Mic open error: [Errno -9985] Device unavailable
❌ Mic open error: [Errno -9985] Device unavailable
❌ Mic open error: [Errno -9985] Device unavailable
❌ Mic open error: [Errno -9985] Device unavailable
❌ Mic open error: [Errno -9985] Device unavailable
❌ Mic open error: [Errno -9985] Device unavailable
❌ Mic open error: [Errno -9985] Device unavailable
❌ Mic open error: [Errno -9985] Device unavailable
❌ Mic open error: [Errno -9985] Device unavailable
❌ Mic open error: [Errno -9985] Device unavailable
🎙️ Voice detected (RMS~0.017)
📝 Transcribing audio…
❌ Mic open error: [Errno -9985] Device unavailable
❌ Mic open error: [Errno -9985] Device unavailable
❌ Mic open error: [Errno -9985] Device unavailable
❌ Mic open error: [Errno -9985] Device unavailable
❌ Mic open error: [Errno -9985] Device unavailable
❌ Mic open error: [Errno -9985] Device unavailable
❌ Mic open error: [Errno -9985] Device unavailable
❌ Mic open error: [Errno -9985] Device unavailable
❌ Mic open error: [Errno -9985] Device unavailable
🎙️ Voice detected (RMS~0.035)
📝 Transcribing audio…
❌ Mic open error: [Errno -9985] Device unavailable
❌ Mic open error: [Errno -9985] Device unavailable
❌ Mic open error: [Errno -9985] Device unavailable
❌ Mic open error: [Errno -9985] Device unavailable
❌ Mic open error: [Errno -9985] Device unavailable
❌ Mic open error: [Errno -9985] Device unavailable
❌ Mic open error: [Errno -9985] Device unavailable
❌ Mic open error: [Errno -9985] Device unavailable
❌ Mic open error: [Errno -9985] Device unavailable
❌ Mic open error: [Errno -9985] Device unavailable
❌ Mic open error: [Errno -9985] Device unavailable
❌ Mic open error: [Errno -9985] Device unavailable
❌ Mic open error: [Errno -9985] Device unavailable
❌ Mic open error: [Errno -9985] Device unavailable
❌ Mic open error: [Errno -9985] Device unavailable
❌ Mic open error: [Errno -9985] Device unavailable
❌ Mic open error: [Errno -9985] Device unavailable
❌ Mic open error: [Errno -9985] Device unavailable
❌ Mic open error: [Errno -9985] Device unavailable
❌ Mic open error: [Errno -9985] Device unavailable
❌ Mic open error: [Errno -9985] Device unavailable
❌ Mic open error: [Errno -9985] Device unavailable
❌ Mic open error: [Errno -9985] Device unavailable
❌ Mic open error: [Errno -9985] Device unavailable
❌ Mic open error: [Errno -9985] Device unavailable
❌ Mic open error: [Errno -9985] Device unavailable
❌ Mic open error: [Errno -9985] Device unavailable
❌ Mic open error: [Errno -9985] Device unavailable
❌ Mic open error: [Errno -9985] Device unavailable
❌ Mic open error: [Errno -9985] Device unavailable
❌ Mic open error: [Errno -9985] Device unavailable
❌ Mic open error: [Errno -9985] Device unavailable
❌ Mic open error: [Errno -9985] Device unavailable
❌ Mic open error: [Errno -9985] Device unavailable
❌ Mic open error: [Errno -9985] Device unavailable
❌ Mic open error: [Errno -9985] Device unavailable
🎙️ Voice detected (RMS~0.015)
📝 Transcribing audio…
❌ Mic open error: [Errno -9985] Device unavailable
❌ Mic open error: [Errno -9985] Device unavailable
❌ Mic open error: [Errno -9985] Device unavailable
❌ Mic open error: [Errno -9985] Device unavailable
❌ Mic open error: [Errno -9985] Device unavailable
❌ Mic open error: [Errno -9985] Device unavailable
❌ Mic open error: [Errno -9985] Device unavailable
❌ Mic open error: [Errno -9985] Device unavailable
❌ Mic open error: [Errno -9985] Device unavailable
❌ Mic open error: [Errno -9985] Device unavailable
❌ Mic open error: [Errno -9985] Device unavailable
❌ Mic open error: [Errno -9985] Device unavailable
❌ Mic open error: [Errno -9985] Device unavailable
❌ Mic open error: [Errno -9985] Device unavailable
❌ Mic open error: [Errno -9985] Device unavailable
❌ Mic open error: [Errno -9985] Device unavailable
❌ Mic open error: [Errno -9985] Device unavailable
❌ Mic open error: [Errno -9985] Device unavailable
❌ Mic open error: [Errno -9985] Device unavailable
❌ Mic open error: [Errno -9985] Device unavailable
❌ Mic open error: [Errno -9985] Device unavailable
❌ Mic open error: [Errno -9985] Device unavailable
❌ Mic open error: [Errno -9985] Device unavailable
❌ Mic open error: [Errno -9985] Device unavailable
❌ Mic open error: [Errno -9985] Device unavailable
❌ Mic open error: [Errno -9985] Device unavailable
❌ Mic open error: [Errno -9985] Device unavailable
❌ Mic open error: [Errno -9985] Device unavailable
❌ Mic open error: [Errno -9985] Device unavailable
❌ Mic open error: [Errno -9985] Device unavailable
❌ Mic open error: [Errno -9985] Device unavailable
❌ Mic open error: [Errno -9985] Device unavailable
❌ Mic open error: [Errno -9985] Device unavailable
❌ Mic open error: [Errno -9985] Device unavailable
❌ Mic open error: [Errno -9985] Device unavailable
🎙️ Voice detected (RMS~0.015)
📝 Transcribing audio…
🗣️ You said: Thank you very much.
🤖 Generating AI response…
🧠 AI: You're welcome!
🔊 Playing audio…
🎚️ Played via default
❌ Mic open error: [Errno -9985] Device unavailable
❌ Mic open error: [Errno -9985] Device unavailable
❌ Mic open error: [Errno -9985] Device unavailable
❌ Mic open error: [Errno -9985] Device unavailable
❌ Mic open error: [Errno -9985] Device unavailable
❌ Mic open error: [Errno -9985] Device unavailable
🎙️ Voice detected (RMS~0.042)
📝 Transcribing audio…
🗣️ You said: Always heart.
🔄 Switched to heart voice.
🔊 Playing audio…
🎚️ Played via default
❌ Mic open error: [Errno -9985] Device unavailable
❌ Mic open error: [Errno -9985] Device unavailable
❌ Mic open error: [Errno -9985] Device unavailable
❌ Mic open error: Expression 'ret' failed in 'src/hostapi/alsa/pa_linux_alsa.c', line: 1736
Expression 'AlsaOpen( &alsaApi->baseHostApiRep, params, streamDir, &self->pcm )' failed in 'src/hostapi/alsa/pa_linux_alsa.c', line: 1904
Expression 'PaAlsaStreamComponent_Initialize( &self->capture, alsaApi, inParams, StreamDirection_In, NULL != callback )' failed in 'src/hostapi/alsa/pa_linux_alsa.c', line: 2171
Expression 'PaAlsaStream_Initialize( stream, alsaHostApi, inputParameters, outputParameters, sampleRate, framesPerBuffer, callback, streamFlags, userData )' failed in 'src/hostapi/alsa/pa_linux_alsa.c', line: 2839
Expression 'ret' failed in 'src/hostapi/alsa/pa_linux_alsa.c', line: 1736
Expression 'AlsaOpen( &alsaApi->baseHostApiRep, params, streamDir, &self->pcm )' failed in 'src/hostapi/alsa/pa_linux_alsa.c', line: 1904
Expression 'PaAlsaStreamComponent_Initialize( &self->capture, alsaApi, inParams, StreamDirection_In, NULL != callback )' failed in 'src/hostapi/alsa/pa_linux_alsa.c', line: 2171
Expression 'PaAlsaStream_Initialize( stream, alsaHostApi, inputParameters, outputParameters, sampleRate, framesPerBuffer, callback, streamFlags, userData )' failed in 'src/hostapi/alsa/pa_linux_alsa.c', line: 2839
Expression 'ret' failed in 'src/hostapi/alsa/pa_linux_alsa.c', line: 1736
Expression 'AlsaOpen( &alsaApi->baseHostApiRep, params, streamDir, &self->pcm )' failed in 'src/hostapi/alsa/pa_linux_alsa.c', line: 1904
Expression 'PaAlsaStreamComponent_Initialize( &self->capture, alsaApi, inParams, StreamDirection_In, NULL != callback )' failed in 'src/hostapi/alsa/pa_linux_alsa.c', line: 2171
Expression 'PaAlsaStream_Initialize( stream, alsaHostApi, inputParameters, outputParameters, sampleRate, framesPerBuffer, callback, streamFlags, userData )' failed in 'src/hostapi/alsa/pa_linux_alsa.c', line: 2839
Expression 'ret' failed in 'src/hostapi/alsa/pa_linux_alsa.c', line: 1736
Expression 'AlsaOpen( &alsaApi->baseHostApiRep, params, streamDir, &self->pcm )' failed in 'src/hostapi/alsa/pa_linux_alsa.c', line: 1904
Expression 'PaAlsaStreamComponent_Initialize( &self->capture, alsaApi, inParams, StreamDirection_In, NULL != callback )' failed in 'src/hostapi/alsa/pa_linux_alsa.c', line: 2171
Expression 'PaAlsaStream_Initialize( stream, alsaHostApi, inputParameters, outputParameters, sampleRate, framesPerBuffer, callback, streamFlags, userData )' failed in 'src/hostapi/alsa/pa_linux_alsa.c', line: 2839
Expression 'ret' failed in 'src/hostapi/alsa/pa_linux_alsa.c', line: 1736
Expression 'AlsaOpen( &alsaApi->baseHostApiRep, params, streamDir, &self->pcm )' failed in 'src/hostapi/alsa/pa_linux_alsa.c', line: 1904
Expression 'PaAlsaStreamComponent_Initialize( &self->capture, alsaApi, inParams, StreamDirection_In, NULL != callback )' failed in 'src/hostapi/alsa/pa_linux_alsa.c', line: 2171
Expression 'PaAlsaStream_Initialize( stream, alsaHostApi, inputParameters, outputParameters, sampleRate, framesPerBuffer, callback, streamFlags, userData )' failed in 'src/hostapi/alsa/pa_linux_alsa.c', line: 2839
Expression 'ret' failed in 'src/hostapi/alsa/pa_linux_alsa.c', line: 1736
Expression 'AlsaOpen( &alsaApi->baseHostApiRep, params, streamDir, &self->pcm )' failed in 'src/hostapi/alsa/pa_linux_alsa.c', line: 1904
Expression 'PaAlsaStreamComponent_Initialize( &self->capture, alsaApi, inParams, StreamDirection_In, NULL != callback )' failed in 'src/hostapi/alsa/pa_linux_alsa.c', line: 2171
Expression 'PaAlsaStream_Initialize( stream, alsaHostApi, inputParameters, outputParameters, sampleRate, framesPerBuffer, callback, streamFlags, userData )' failed in 'src/hostapi/alsa/pa_linux_alsa.c', line: 2839
Expression 'ret' failed in 'src/hostapi/alsa/pa_linux_alsa.c', line: 1736
Expression 'AlsaOpen( &alsaApi->baseHostApiRep, params, streamDir, &self->pcm )' failed in 'src/hostapi/alsa/pa_linux_alsa.c', line: 1904
Expression 'PaAlsaStreamComponent_Initialize( &self->capture, alsaApi, inParams, StreamDirection_In, NULL != callback )' failed in 'src/hostapi/alsa/pa_linux_alsa.c', line: 2171
Expression 'PaAlsaStream_Initialize( stream, alsaHostApi, inputParameters, outputParameters, sampleRate, framesPerBuffer, callback, streamFlags, userData )' failed in 'src/hostapi/alsa/pa_linux_alsa.c', line: 2839
Expression 'ret' failed in 'src/hostapi/alsa/pa_linux_alsa.c', line: 1736
Expression 'AlsaOpen( &alsaApi->baseHostApiRep, params, streamDir, &self->pcm )' failed in 'src/hostapi/alsa/pa_linux_alsa.c', line: 1904
Expression 'PaAlsaStreamComponent_Initialize( &self->capture, alsaApi, inParams, StreamDirection_In, NULL != callback )' failed in 'src/hostapi/alsa/pa_linux_alsa.c', line: 2171
Expression 'PaAlsaStream_Initialize( stream, alsaHostApi, inputParameters, outputParameters, sampleRate, framesPerBuffer, callback, streamFlags, userData )' failed in 'src/hostapi/alsa/pa_linux_alsa.c', line: 2839
Expression 'ret' failed in 'src/hostapi/alsa/pa_linux_alsa.c', line: 1736
Expression 'AlsaOpen( &alsaApi->baseHostApiRep, params, streamDir, &self->pcm )' failed in 'src/hostapi/alsa/pa_linux_alsa.c', line: 1904
Expression 'PaAlsaStreamComponent_Initialize( &self->capture, alsaApi, inParams, StreamDirection_In, NULL != callback )' failed in 'src/hostapi/alsa/pa_linux_alsa.c', line: 2171
Expression 'PaAlsaStream_Initialize( stream, alsaHostApi, inputParameters, outputParameters, sampleRate, framesPerBuffer, callback, streamFlags, userData )' failed in 'src/hostapi/alsa/pa_linux_alsa.c', line: 2839
Expression 'ret' failed in 'src/hostapi/alsa/pa_linux_alsa.c', line: 1736
Expression 'AlsaOpen( &alsaApi->baseHostApiRep, params, streamDir, &self->pcm )' failed in 'src/hostapi/alsa/pa_linux_alsa.c', line: 1904
Expression 'PaAlsaStreamComponent_Initialize( &self->capture, alsaApi, inParams, StreamDirection_In, NULL != callback )' failed in 'src/hostapi/alsa/pa_linux_alsa.c', line: 2171
Expression 'PaAlsaStream_Initialize( stream, alsaHostApi, inputParameters, outputParameters, sampleRate, framesPerBuffer, callback, streamFlags, userData )' failed in 'src/hostapi/alsa/pa_linux_alsa.c', line: 2839
Expression 'ret' failed in 'src/hostapi/alsa/pa_linux_alsa.c', line: 1736
Expression 'AlsaOpen( &alsaApi->baseHostApiRep, params, streamDir, &self->pcm )' failed in 'src/hostapi/alsa/pa_linux_alsa.c', line: 1904
Expression 'PaAlsaStreamComponent_Initialize( &self->capture, alsaApi, inParams, StreamDirection_In, NULL != callback )' failed in 'src/hostapi/alsa/pa_linux_alsa.c', line: 2171
Expression 'PaAlsaStream_Initialize( stream, alsaHostApi, inputParameters, outputParameters, sampleRate, framesPerBuffer, callback, streamFlags, userData )' failed in 'src/hostapi/alsa/pa_linux_alsa.c', line: 2839
Expression 'ret' failed in 'src/hostapi/alsa/pa_linux_alsa.c', line: 1736
Expression 'AlsaOpen( &alsaApi->baseHostApiRep, params, streamDir, &self->pcm )' failed in 'src/hostapi/alsa/pa_linux_alsa.c', line: 1904
Expression 'PaAlsaStreamComponent_Initialize( &self->capture, alsaApi, inParams, StreamDirection_In, NULL != callback )' failed in 'src/hostapi/alsa/pa_linux_alsa.c', line: 2171
Expression 'PaAlsaStream_Initialize( stream, alsaHostApi, inputParameters, outputParameters, sampleRate, framesPerBuffer, callback, streamFlags, userData )' failed in 'src/hostapi/alsa/pa_linux_alsa.c', line: 2839
Expression 'ret' failed in 'src/hostapi/alsa/pa_linux_alsa.c', line: 1736
Expression 'AlsaOpen( &alsaApi->baseHostApiRep, params, streamDir, &self->pcm )' failed in 'src/hostapi/alsa/pa_linux_alsa.c', line: 1904
Expression 'PaAlsaStreamComponent_Initialize( &self->capture, alsaApi, inParams, StreamDirection_In, NULL != callback )' failed in 'src/hostapi/alsa/pa_linux_alsa.c', line: 2171
Expression 'PaAlsaStream_Initialize( stream, alsaHostApi, inputParameters, outputParameters, sampleRate, framesPerBuffer, callback, streamFlags, userData )' failed in 'src/hostapi/alsa/pa_linux_alsa.c', line: 2839
Expression 'ret' failed in 'src/hostapi/alsa/pa_linux_alsa.c', line: 1736
Expression 'AlsaOpen( &alsaApi->baseHostApiRep, params, streamDir, &self->pcm )' failed in 'src/hostapi/alsa/pa_linux_alsa.c', line: 1904
Expression 'PaAlsaStreamComponent_Initialize( &self->capture, alsaApi, inParams, StreamDirection_In, NULL != callback )' failed in 'src/hostapi/alsa/pa_linux_alsa.c', line: 2171
Expression 'PaAlsaStream_Initialize( stream, alsaHostApi, inputParameters, outputParameters, sampleRate, framesPerBuffer, callback, streamFlags, userData )' failed in 'src/hostapi/alsa/pa_linux_alsa.c', line: 2839
Expression 'ret' failed in 'src/hostapi/alsa/pa_linux_alsa.c', line: 1736
Expression 'AlsaOpen( &alsaApi->baseHostApiRep, params, streamDir, &self->pcm )' failed in 'src/hostapi/alsa/pa_linux_alsa.c', line: 1904
Expression 'PaAlsaStreamComponent_Initialize( &self->capture, alsaApi, inParams, StreamDirection_In, NULL != callback )' failed in 'src/hostapi/alsa/pa_linux_alsa.c', line: 2171
Expression 'PaAlsaStream_Initialize( stream, alsaHostApi, inputParameters, outputParameters, sampleRate, framesPerBuffer, callback, streamFlags, userData )' failed in 'src/hostapi/alsa/pa_linux_alsa.c', line: 2839
Expression 'ret' failed in 'src/hostapi/alsa/pa_linux_alsa.c', line: 1736
Expression 'AlsaOpen( &alsaApi->baseHostApiRep, params, streamDir, &self->pcm )' failed in 'src/hostapi/alsa/pa_linux_alsa.c', line: 1904
Expression 'PaAlsaStreamComponent_Initialize( &self->capture, alsaApi, inParams, StreamDirection_In, NULL != callback )' failed in 'src/hostapi/alsa/pa_linux_alsa.c', line: 2171
Expression 'PaAlsaStream_Initialize( stream, alsaHostApi, inputParameters, outputParameters, sampleRate, framesPerBuffer, callback, streamFlags, userData )' failed in 'src/hostapi/alsa/pa_linux_alsa.c', line: 2839
Expression 'ret' failed in 'src/hostapi/alsa/pa_linux_alsa.c', line: 1736
Expression 'AlsaOpen( &alsaApi->baseHostApiRep, params, streamDir, &self->pcm )' failed in 'src/hostapi/alsa/pa_linux_alsa.c', line: 1904
Expression 'PaAlsaStreamComponent_Initialize( &self->capture, alsaApi, inParams, StreamDirection_In, NULL != callback )' failed in 'src/hostapi/alsa/pa_linux_alsa.c', line: 2171
Expression 'PaAlsaStream_Initialize( stream, alsaHostApi, inputParameters, outputParameters, sampleRate, framesPerBuffer, callback, streamFlags, userData )' failed in 'src/hostapi/alsa/pa_linux_alsa.c', line: 2839
Expression 'ret' failed in 'src/hostapi/alsa/pa_linux_alsa.c', line: 1736
Expression 'AlsaOpen( &alsaApi->baseHostApiRep, params, streamDir, &self->pcm )' failed in 'src/hostapi/alsa/pa_linux_alsa.c', line: 1904
Expression 'PaAlsaStreamComponent_Initialize( &self->capture, alsaApi, inParams, StreamDirection_In, NULL != callback )' failed in 'src/hostapi/alsa/pa_linux_alsa.c', line: 2171
Expression 'PaAlsaStream_Initialize( stream, alsaHostApi, inputParameters, outputParameters, sampleRate, framesPerBuffer, callback, streamFlags, userData )' failed in 'src/hostapi/alsa/pa_linux_alsa.c', line: 2839
Expression 'ret' failed in 'src/hostapi/alsa/pa_linux_alsa.c', line: 1736
Expression 'AlsaOpen( &alsaApi->baseHostApiRep, params, streamDir, &self->pcm )' failed in 'src/hostapi/alsa/pa_linux_alsa.c', line: 1904
Expression 'PaAlsaStreamComponent_Initialize( &self->capture, alsaApi, inParams, StreamDirection_In, NULL != callback )' failed in 'src/hostapi/alsa/pa_linux_alsa.c', line: 2171
Expression 'PaAlsaStream_Initialize( stream, alsaHostApi, inputParameters, outputParameters, sampleRate, framesPerBuffer, callback, streamFlags, userData )' failed in 'src/hostapi/alsa/pa_linux_alsa.c', line: 2839
Expression 'ret' failed in 'src/hostapi/alsa/pa_linux_alsa.c', line: 1736
Expression 'AlsaOpen( &alsaApi->baseHostApiRep, params, streamDir, &self->pcm )' failed in 'src/hostapi/alsa/pa_linux_alsa.c', line: 1904
Expression 'PaAlsaStreamComponent_Initialize( &self->capture, alsaApi, inParams, StreamDirection_In, NULL != callback )' failed in 'src/hostapi/alsa/pa_linux_alsa.c', line: 2171
Expression 'PaAlsaStream_Initialize( stream, alsaHostApi, inputParameters, outputParameters, sampleRate, framesPerBuffer, callback, streamFlags, userData )' failed in 'src/hostapi/alsa/pa_linux_alsa.c', line: 2839
Expression 'ret' failed in 'src/hostapi/alsa/pa_linux_alsa.c', line: 1736
Expression 'AlsaOpen( &alsaApi->baseHostApiRep, params, streamDir, &self->pcm )' failed in 'src/hostapi/alsa/pa_linux_alsa.c', line: 1904
Expression 'PaAlsaStreamComponent_Initialize( &self->capture, alsaApi, inParams, StreamDirection_In, NULL != callback )' failed in 'src/hostapi/alsa/pa_linux_alsa.c', line: 2171
Expression 'PaAlsaStream_Initialize( stream, alsaHostApi, inputParameters, outputParameters, sampleRate, framesPerBuffer, callback, streamFlags, userData )' failed in 'src/hostapi/alsa/pa_linux_alsa.c', line: 2839
Expression 'ret' failed in 'src/hostapi/alsa/pa_linux_alsa.c', line: 1736
Expression 'AlsaOpen( &alsaApi->baseHostApiRep, params, streamDir, &self->pcm )' failed in 'src/hostapi/alsa/pa_linux_alsa.c', line: 1904
Expression 'PaAlsaStreamComponent_Initialize( &self->capture, alsaApi, inParams, StreamDirection_In, NULL != callback )' failed in 'src/hostapi/alsa/pa_linux_alsa.c', line: 2171
Expression 'PaAlsaStream_Initialize( stream, alsaHostApi, inputParameters, outputParameters, sampleRate, framesPerBuffer, callback, streamFlags, userData )' failed in 'src/hostapi/alsa/pa_linux_alsa.c', line: 2839
Expression 'ret' failed in 'src/hostapi/alsa/pa_linux_alsa.c', line: 1736
Expression 'AlsaOpen( &alsaApi->baseHostApiRep, params, streamDir, &self->pcm )' failed in 'src/hostapi/alsa/pa_linux_alsa.c', line: 1904
Expression 'PaAlsaStreamComponent_Initialize( &self->capture, alsaApi, inParams, StreamDirection_In, NULL != callback )' failed in 'src/hostapi/alsa/pa_linux_alsa.c', line: 2171
Expression 'PaAlsaStream_Initialize( stream, alsaHostApi, inputParameters, outputParameters, sampleRate, framesPerBuffer, callback, streamFlags, userData )' failed in 'src/hostapi/alsa/pa_linux_alsa.c', line: 2839
Expression 'ret' failed in 'src/hostapi/alsa/pa_linux_alsa.c', line: 1736
Expression 'AlsaOpen( &alsaApi->baseHostApiRep, params, streamDir, &self->pcm )' failed in 'src/hostapi/alsa/pa_linux_alsa.c', line: 1904
Expression 'PaAlsaStreamComponent_Initialize( &self->capture, alsaApi, inParams, StreamDirection_In, NULL != callback )' failed in 'src/hostapi/alsa/pa_linux_alsa.c', line: 2171
Expression 'PaAlsaStream_Initialize( stream, alsaHostApi, inputParameters, outputParameters, sampleRate, framesPerBuffer, callback, streamFlags, userData )' failed in 'src/hostapi/alsa/pa_linux_alsa.c', line: 2839
Expression 'ret' failed in 'src/hostapi/alsa/pa_linux_alsa.c', line: 1736
Expression 'AlsaOpen( &alsaApi->baseHostApiRep, params, streamDir, &self->pcm )' failed in 'src/hostapi/alsa/pa_linux_alsa.c', line: 1904
Expression 'PaAlsaStreamComponent_Initialize( &self->capture, alsaApi, inParams, StreamDirection_In, NULL != callback )' failed in 'src/hostapi/alsa/pa_linux_alsa.c', line: 2171
Expression 'PaAlsaStream_Initialize( stream, alsaHostApi, inputParameters, outputParameters, sampleRate, framesPerBuffer, callback, streamFlags, userData )' failed in 'src/hostapi/alsa/pa_linux_alsa.c', line: 2839
Expression 'ret' failed in 'src/hostapi/alsa/pa_linux_alsa.c', line: 1736
Expression 'AlsaOpen( &alsaApi->baseHostApiRep, params, streamDir, &self->pcm )' failed in 'src/hostapi/alsa/pa_linux_alsa.c', line: 1904
Expression 'PaAlsaStreamComponent_Initialize( &self->capture, alsaApi, inParams, StreamDirection_In, NULL != callback )' failed in 'src/hostapi/alsa/pa_linux_alsa.c', line: 2171
Expression 'PaAlsaStream_Initialize( stream, alsaHostApi, inputParameters, outputParameters, sampleRate, framesPerBuffer, callback, streamFlags, userData )' failed in 'src/hostapi/alsa/pa_linux_alsa.c', line: 2839
Expression 'ret' failed in 'src/hostapi/alsa/pa_linux_alsa.c', line: 1736
Expression 'AlsaOpen( &alsaApi->baseHostApiRep, params, streamDir, &self->pcm )' failed in 'src/hostapi/alsa/pa_linux_alsa.c', line: 1904
Expression 'PaAlsaStreamComponent_Initialize( &self->capture, alsaApi, inParams, StreamDirection_In, NULL != callback )' failed in 'src/hostapi/alsa/pa_linux_alsa.c', line: 2171
Expression 'PaAlsaStream_Initialize( stream, alsaHostApi, inputParameters, outputParameters, sampleRate, framesPerBuffer, callback, streamFlags, userData )' failed in 'src/hostapi/alsa/pa_linux_alsa.c', line: 2839
Expression 'ret' failed in 'src/hostapi/alsa/pa_linux_alsa.c', line: 1736
Expression 'AlsaOpen( &alsaApi->baseHostApiRep, params, streamDir, &self->pcm )' failed in 'src/hostapi/alsa/pa_linux_alsa.c', line: 1904
Expression 'PaAlsaStreamComponent_Initialize( &self->capture, alsaApi, inParams, StreamDirection_In, NULL != callback )' failed in 'src/hostapi/alsa/pa_linux_alsa.c', line: 2171
Expression 'PaAlsaStream_Initialize( stream, alsaHostApi, inputParameters, outputParameters, sampleRate, framesPerBuffer, callback, streamFlags, userData )' failed in 'src/hostapi/alsa/pa_linux_alsa.c', line: 2839
Expression 'ret' failed in 'src/hostapi/alsa/pa_linux_alsa.c', line: 1736
Expression 'AlsaOpen( &alsaApi->baseHostApiRep, params, streamDir, &self->pcm )' failed in 'src/hostapi/alsa/pa_linux_alsa.c', line: 1904
Expression 'PaAlsaStreamComponent_Initialize( &self->capture, alsaApi, inParams, StreamDirection_In, NULL != callback )' failed in 'src/hostapi/alsa/pa_linux_alsa.c', line: 2171
Expression 'PaAlsaStream_Initialize( stream, alsaHostApi, inputParameters, outputParameters, sampleRate, framesPerBuffer, callback, streamFlags, userData )' failed in 'src/hostapi/alsa/pa_linux_alsa.c', line: 2839
Expression 'ret' failed in 'src/hostapi/alsa/pa_linux_alsa.c', line: 1736
Expression 'AlsaOpen( &alsaApi->baseHostApiRep, params, streamDir, &self->pcm )' failed in 'src/hostapi/alsa/pa_linux_alsa.c', line: 1904
Expression 'PaAlsaStreamComponent_Initialize( &self->capture, alsaApi, inParams, StreamDirection_In, NULL != callback )' failed in 'src/hostapi/alsa/pa_linux_alsa.c', line: 2171
Expression 'PaAlsaStream_Initialize( stream, alsaHostApi, inputParameters, outputParameters, sampleRate, framesPerBuffer, callback, streamFlags, userData )' failed in 'src/hostapi/alsa/pa_linux_alsa.c', line: 2839
Expression 'ret' failed in 'src/hostapi/alsa/pa_linux_alsa.c', line: 1736
Expression 'AlsaOpen( &alsaApi->baseHostApiRep, params, streamDir, &self->pcm )' failed in 'src/hostapi/alsa/pa_linux_alsa.c', line: 1904
Expression 'PaAlsaStreamComponent_Initialize( &self->capture, alsaApi, inParams, StreamDirection_In, NULL != callback )' failed in 'src/hostapi/alsa/pa_linux_alsa.c', line: 2171
Expression 'PaAlsaStream_Initialize( stream, alsaHostApi, inputParameters, outputParameters, sampleRate, framesPerBuffer, callback, streamFlags, userData )' failed in 'src/hostapi/alsa/pa_linux_alsa.c', line: 2839
Expression 'ret' failed in 'src/hostapi/alsa/pa_linux_alsa.c', line: 1736
Expression 'AlsaOpen( &alsaApi->baseHostApiRep, params, streamDir, &self->pcm )' failed in 'src/hostapi/alsa/pa_linux_alsa.c', line: 1904
Expression 'PaAlsaStreamComponent_Initialize( &self->capture, alsaApi, inParams, StreamDirection_In, NULL != callback )' failed in 'src/hostapi/alsa/pa_linux_alsa.c', line: 2171
Expression 'PaAlsaStream_Initialize( stream, alsaHostApi, inputParameters, outputParameters, sampleRate, framesPerBuffer, callback, streamFlags, userData )' failed in 'src/hostapi/alsa/pa_linux_alsa.c', line: 2839
Expression 'ret' failed in 'src/hostapi/alsa/pa_linux_alsa.c', line: 1736
Expression 'AlsaOpen( &alsaApi->baseHostApiRep, params, streamDir, &self->pcm )' failed in 'src/hostapi/alsa/pa_linux_alsa.c', line: 1904
Expression 'PaAlsaStreamComponent_Initialize( &self->capture, alsaApi, inParams, StreamDirection_In, NULL != callback )' failed in 'src/hostapi/alsa/pa_linux_alsa.c', line: 2171
Expression 'PaAlsaStream_Initialize( stream, alsaHostApi, inputParameters, outputParameters, sampleRate, framesPerBuffer, callback, streamFlags, userData )' failed in 'src/hostapi/alsa/pa_linux_alsa.c', line: 2839
Expression 'ret' failed in 'src/hostapi/alsa/pa_linux_alsa.c', line: 1736
Expression 'AlsaOpen( &alsaApi->baseHostApiRep, params, streamDir, &self->pcm )' failed in 'src/hostapi/alsa/pa_linux_alsa.c', line: 1904
Expression 'PaAlsaStreamComponent_Initialize( &self->capture, alsaApi, inParams, StreamDirection_In, NULL != callback )' failed in 'src/hostapi/alsa/pa_linux_alsa.c', line: 2171
Expression 'PaAlsaStream_Initialize( stream, alsaHostApi, inputParameters, outputParameters, sampleRate, framesPerBuffer, callback, streamFlags, userData )' failed in 'src/hostapi/alsa/pa_linux_alsa.c', line: 2839
Expression 'ret' failed in 'src/hostapi/alsa/pa_linux_alsa.c', line: 1736
Expression 'AlsaOpen( &alsaApi->baseHostApiRep, params, streamDir, &self->pcm )' failed in 'src/hostapi/alsa/pa_linux_alsa.c', line: 1904
Expression 'PaAlsaStreamComponent_Initialize( &self->capture, alsaApi, inParams, StreamDirection_In, NULL != callback )' failed in 'src/hostapi/alsa/pa_linux_alsa.c', line: 2171
Expression 'PaAlsaStream_Initialize( stream, alsaHostApi, inputParameters, outputParameters, sampleRate, framesPerBuffer, callback, streamFlags, userData )' failed in 'src/hostapi/alsa/pa_linux_alsa.c', line: 2839
Expression 'ret' failed in 'src/hostapi/alsa/pa_linux_alsa.c', line: 1736
Expression 'AlsaOpen( &alsaApi->baseHostApiRep, params, streamDir, &self->pcm )' failed in 'src/hostapi/alsa/pa_linux_alsa.c', line: 1904
Expression 'PaAlsaStreamComponent_Initialize( &self->capture, alsaApi, inParams, StreamDirection_In, NULL != callback )' failed in 'src/hostapi/alsa/pa_linux_alsa.c', line: 2171
Expression 'PaAlsaStream_Initialize( stream, alsaHostApi, inputParameters, outputParameters, sampleRate, framesPerBuffer, callback, streamFlags, userData )' failed in 'src/hostapi/alsa/pa_linux_alsa.c', line: 2839
Expression 'ret' failed in 'src/hostapi/alsa/pa_linux_alsa.c', line: 1736
Expression 'AlsaOpen( &alsaApi->baseHostApiRep, params, streamDir, &self->pcm )' failed in 'src/hostapi/alsa/pa_linux_alsa.c', line: 1904
Expression 'PaAlsaStreamComponent_Initialize( &self->capture, alsaApi, inParams, StreamDirection_In, NULL != callback )' failed in 'src/hostapi/alsa/pa_linux_alsa.c', line: 2171
Expression 'PaAlsaStream_Initialize( stream, alsaHostApi, inputParameters, outputParameters, sampleRate, framesPerBuffer, callback, streamFlags, userData )' failed in 'src/hostapi/alsa/pa_linux_alsa.c', line: 2839
Expression 'ret' failed in 'src/hostapi/alsa/pa_linux_alsa.c', line: 1736
Expression 'AlsaOpen( &alsaApi->baseHostApiRep, params, streamDir, &self->pcm )' failed in 'src/hostapi/alsa/pa_linux_alsa.c', line: 1904
Expression 'PaAlsaStreamComponent_Initialize( &self->capture, alsaApi, inParams, StreamDirection_In, NULL != callback )' failed in 'src/hostapi/alsa/pa_linux_alsa.c', line: 2171
Expression 'PaAlsaStream_Initialize( stream, alsaHostApi, inputParameters, outputParameters, sampleRate, framesPerBuffer, callback, streamFlags, userData )' failed in 'src/hostapi/alsa/pa_linux_alsa.c', line: 2839
Expression 'ret' failed in 'src/hostapi/alsa/pa_linux_alsa.c', line: 1736
Expression 'AlsaOpen( &alsaApi->baseHostApiRep, params, streamDir, &self->pcm )' failed in 'src/hostapi/alsa/pa_linux_alsa.c', line: 1904
Expression 'PaAlsaStreamComponent_Initialize( &self->capture, alsaApi, inParams, StreamDirection_In, NULL != callback )' failed in 'src/hostapi/alsa/pa_linux_alsa.c', line: 2171
Expression 'PaAlsaStream_Initialize( stream, alsaHostApi, inputParameters, outputParameters, sampleRate, framesPerBuffer, callback, streamFlags, userData )' failed in 'src/hostapi/alsa/pa_linux_alsa.c', line: 2839
Expression 'ret' failed in 'src/hostapi/alsa/pa_linux_alsa.c', line: 1736
Expression 'AlsaOpen( &alsaApi->baseHostApiRep, params, streamDir, &self->pcm )' failed in 'src/hostapi/alsa/pa_linux_alsa.c', line: 1904
Expression 'PaAlsaStreamComponent_Initialize( &self->capture, alsaApi, inParams, StreamDirection_In, NULL != callback )' failed in 'src/hostapi/alsa/pa_linux_alsa.c', line: 2171
Expression 'PaAlsaStream_Initialize( stream, alsaHostApi, inputParameters, outputParameters, sampleRate, framesPerBuffer, callback, streamFlags, userData )' failed in 'src/hostapi/alsa/pa_linux_alsa.c', line: 2839
Expression 'ret' failed in 'src/hostapi/alsa/pa_linux_alsa.c', line: 1736
Expression 'AlsaOpen( &alsaApi->baseHostApiRep, params, streamDir, &self->pcm )' failed in 'src/hostapi/alsa/pa_linux_alsa.c', line: 1904
Expression 'PaAlsaStreamComponent_Initialize( &self->capture, alsaApi, inParams, StreamDirection_In, NULL != callback )' failed in 'src/hostapi/alsa/pa_linux_alsa.c', line: 2171
Expression 'PaAlsaStream_Initialize( stream, alsaHostApi, inputParameters, outputParameters, sampleRate, framesPerBuffer, callback, streamFlags, userData )' failed in 'src/hostapi/alsa/pa_linux_alsa.c', line: 2839
Expression 'ret' failed in 'src/hostapi/alsa/pa_linux_alsa.c', line: 1736
Expression 'AlsaOpen( &alsaApi->baseHostApiRep, params, streamDir, &self->pcm )' failed in 'src/hostapi/alsa/pa_linux_alsa.c', line: 1904
Expression 'PaAlsaStreamComponent_Initialize( &self->capture, alsaApi, inParams, StreamDirection_In, NULL != callback )' failed in 'src/hostapi/alsa/pa_linux_alsa.c', line: 2171
Expression 'PaAlsaStream_Initialize( stream, alsaHostApi, inputParameters, outputParameters, sampleRate, framesPerBuffer, callback, streamFlags, userData )' failed in 'src/hostapi/alsa/pa_linux_alsa.c', line: 2839
Expression 'ret' failed in 'src/hostapi/alsa/pa_linux_alsa.c', line: 1736
Expression 'AlsaOpen( &alsaApi->baseHostApiRep, params, streamDir, &self->pcm )' failed in 'src/hostapi/alsa/pa_linux_alsa.c', line: 1904
Expression 'PaAlsaStreamComponent_Initialize( &self->capture, alsaApi, inParams, StreamDirection_In, NULL != callback )' failed in 'src/hostapi/alsa/pa_linux_alsa.c', line: 2171
Expression 'PaAlsaStream_Initialize( stream, alsaHostApi, inputParameters, outputParameters, sampleRate, framesPerBuffer, callback, streamFlags, userData )' failed in 'src/hostapi/alsa/pa_linux_alsa.c', line: 2839
Expression 'ret' failed in 'src/hostapi/alsa/pa_linux_alsa.c', line: 1736
Expression 'AlsaOpen( &alsaApi->baseHostApiRep, params, streamDir, &self->pcm )' failed in 'src/hostapi/alsa/pa_linux_alsa.c', line: 1904
Expression 'PaAlsaStreamComponent_Initialize( &self->capture, alsaApi, inParams, StreamDirection_In, NULL != callback )' failed in 'src/hostapi/alsa/pa_linux_alsa.c', line: 2171
Expression 'PaAlsaStream_Initialize( stream, alsaHostApi, inputParameters, outputParameters, sampleRate, framesPerBuffer, callback, streamFlags, userData )' failed in 'src/hostapi/alsa/pa_linux_alsa.c', line: 2839
Expression 'ret' failed in 'src/hostapi/alsa/pa_linux_alsa.c', line: 1736
Expression 'AlsaOpen( &alsaApi->baseHostApiRep, params, streamDir, &self->pcm )' failed in 'src/hostapi/alsa/pa_linux_alsa.c', line: 1904
Expression 'PaAlsaStreamComponent_Initialize( &self->capture, alsaApi, inParams, StreamDirection_In, NULL != callback )' failed in 'src/hostapi/alsa/pa_linux_alsa.c', line: 2171
Expression 'PaAlsaStream_Initialize( stream, alsaHostApi, inputParameters, outputParameters, sampleRate, framesPerBuffer, callback, streamFlags, userData )' failed in 'src/hostapi/alsa/pa_linux_alsa.c', line: 2839
Expression 'ret' failed in 'src/hostapi/alsa/pa_linux_alsa.c', line: 1736
Expression 'AlsaOpen( &alsaApi->baseHostApiRep, params, streamDir, &self->pcm )' failed in 'src/hostapi/alsa/pa_linux_alsa.c', line: 1904
Expression 'PaAlsaStreamComponent_Initialize( &self->capture, alsaApi, inParams, StreamDirection_In, NULL != callback )' failed in 'src/hostapi/alsa/pa_linux_alsa.c', line: 2171
Expression 'PaAlsaStream_Initialize( stream, alsaHostApi, inputParameters, outputParameters, sampleRate, framesPerBuffer, callback, streamFlags, userData )' failed in 'src/hostapi/alsa/pa_linux_alsa.c', line: 2839
Expression 'ret' failed in 'src/hostapi/alsa/pa_linux_alsa.c', line: 1736
Expression 'AlsaOpen( &alsaApi->baseHostApiRep, params, streamDir, &self->pcm )' failed in 'src/hostapi/alsa/pa_linux_alsa.c', line: 1904
Expression 'PaAlsaStreamComponent_Initialize( &self->capture, alsaApi, inParams, StreamDirection_In, NULL != callback )' failed in 'src/hostapi/alsa/pa_linux_alsa.c', line: 2171
Expression 'PaAlsaStream_Initialize( stream, alsaHostApi, inputParameters, outputParameters, sampleRate, framesPerBuffer, callback, streamFlags, userData )' failed in 'src/hostapi/alsa/pa_linux_alsa.c', line: 2839
Expression 'ret' failed in 'src/hostapi/alsa/pa_linux_alsa.c', line: 1736
Expression 'AlsaOpen( &alsaApi->baseHostApiRep, params, streamDir, &self->pcm )' failed in 'src/hostapi/alsa/pa_linux_alsa.c', line: 1904
Expression 'PaAlsaStreamComponent_Initialize( &self->capture, alsaApi, inParams, StreamDirection_In, NULL != callback )' failed in 'src/hostapi/alsa/pa_linux_alsa.c', line: 2171
Expression 'PaAlsaStream_Initialize( stream, alsaHostApi, inputParameters, outputParameters, sampleRate, framesPerBuffer, callback, streamFlags, userData )' failed in 'src/hostapi/alsa/pa_linux_alsa.c', line: 2839
Expression 'ret' failed in 'src/hostapi/alsa/pa_linux_alsa.c', line: 1736
Expression 'AlsaOpen( &alsaApi->baseHostApiRep, params, streamDir, &self->pcm )' failed in 'src/hostapi/alsa/pa_linux_alsa.c', line: 1904
Expression 'PaAlsaStreamComponent_Initialize( &self->capture, alsaApi, inParams, StreamDirection_In, NULL != callback )' failed in 'src/hostapi/alsa/pa_linux_alsa.c', line: 2171
Expression 'PaAlsaStream_Initialize( stream, alsaHostApi, inputParameters, outputParameters, sampleRate, framesPerBuffer, callback, streamFlags, userData )' failed in 'src/hostapi/alsa/pa_linux_alsa.c', line: 2839
Expression 'ret' failed in 'src/hostapi/alsa/pa_linux_alsa.c', line: 1736
Expression 'AlsaOpen( &alsaApi->baseHostApiRep, params, streamDir, &self->pcm )' failed in 'src/hostapi/alsa/pa_linux_alsa.c', line: 1904
Expression 'PaAlsaStreamComponent_Initialize( &self->capture, alsaApi, inParams, StreamDirection_In, NULL != callback )' failed in 'src/hostapi/alsa/pa_linux_alsa.c', line: 2171
Expression 'PaAlsaStream_Initialize( stream, alsaHostApi, inputParameters, outputParameters, sampleRate, framesPerBuffer, callback, streamFlags, userData )' failed in 'src/hostapi/alsa/pa_linux_alsa.c', line: 2839
Expression 'ret' failed in 'src/hostapi/alsa/pa_linux_alsa.c', line: 1736
Expression 'AlsaOpen( &alsaApi->baseHostApiRep, params, streamDir, &self->pcm )' failed in 'src/hostapi/alsa/pa_linux_alsa.c', line: 1904
Expression 'PaAlsaStreamComponent_Initialize( &self->capture, alsaApi, inParams, StreamDirection_In, NULL != callback )' failed in 'src/hostapi/alsa/pa_linux_alsa.c', line: 2171
Expression 'PaAlsaStream_Initialize( stream, alsaHostApi, inputParameters, outputParameters, sampleRate, framesPerBuffer, callback, streamFlags, userData )' failed in 'src/hostapi/alsa/pa_linux_alsa.c', line: 2839
Expression 'ret' failed in 'src/hostapi/alsa/pa_linux_alsa.c', line: 1736
Expression 'AlsaOpen( &alsaApi->baseHostApiRep, params, streamDir, &self->pcm )' failed in 'src/hostapi/alsa/pa_linux_alsa.c', line: 1904
Expression 'PaAlsaStreamComponent_Initialize( &self->capture, alsaApi, inParams, StreamDirection_In, NULL != callback )' failed in 'src/hostapi/alsa/pa_linux_alsa.c', line: 2171
Expression 'PaAlsaStream_Initialize( stream, alsaHostApi, inputParameters, outputParameters, sampleRate, framesPerBuffer, callback, streamFlags, userData )' failed in 'src/hostapi/alsa/pa_linux_alsa.c', line: 2839
Expression 'ret' failed in 'src/hostapi/alsa/pa_linux_alsa.c', line: 1736
Expression 'AlsaOpen( &alsaApi->baseHostApiRep, params, streamDir, &self->pcm )' failed in 'src/hostapi/alsa/pa_linux_alsa.c', line: 1904
Expression 'PaAlsaStreamComponent_Initialize( &self->capture, alsaApi, inParams, StreamDirection_In, NULL != callback )' failed in 'src/hostapi/alsa/pa_linux_alsa.c', line: 2171
Expression 'PaAlsaStream_Initialize( stream, alsaHostApi, inputParameters, outputParameters, sampleRate, framesPerBuffer, callback, streamFlags, userData )' failed in 'src/hostapi/alsa/pa_linux_alsa.c', line: 2839
Expression 'ret' failed in 'src/hostapi/alsa/pa_linux_alsa.c', line: 1736
Expression 'AlsaOpen( &alsaApi->baseHostApiRep, params, streamDir, &self->pcm )' failed in 'src/hostapi/alsa/pa_linux_alsa.c', line: 1904
Expression 'PaAlsaStreamComponent_Initialize( &self->capture, alsaApi, inParams, StreamDirection_In, NULL != callback )' failed in 'src/hostapi/alsa/pa_linux_alsa.c', line: 2171
Expression 'PaAlsaStream_Initialize( stream, alsaHostApi, inputParameters, outputParameters, sampleRate, framesPerBuffer, callback, streamFlags, userData )' failed in 'src/hostapi/alsa/pa_linux_alsa.c', line: 2839
Expression 'ret' failed in 'src/hostapi/alsa/pa_linux_alsa.c', line: 1736
Expression 'AlsaOpen( &alsaApi->baseHostApiRep, params, streamDir, &self->pcm )' failed in 'src/hostapi/alsa/pa_linux_alsa.c', line: 1904
Expression 'PaAlsaStreamComponent_Initialize( &self->capture, alsaApi, inParams, StreamDirection_In, NULL != callback )' failed in 'src/hostapi/alsa/pa_linux_alsa.c', line: 2171
Expression 'PaAlsaStream_Initialize( stream, alsaHostApi, inputParameters, outputParameters, sampleRate, framesPerBuffer, callback, streamFlags, userData )' failed in 'src/hostapi/alsa/pa_linux_alsa.c', line: 2839
Expression 'ret' failed in 'src/hostapi/alsa/pa_linux_alsa.c', line: 1736
Expression 'AlsaOpen( &alsaApi->baseHostApiRep, params, streamDir, &self->pcm )' failed in 'src/hostapi/alsa/pa_linux_alsa.c', line: 1904
Expression 'PaAlsaStreamComponent_Initialize( &self->capture, alsaApi, inParams, StreamDirection_In, NULL != callback )' failed in 'src/hostapi/alsa/pa_linux_alsa.c', line: 2171
Expression 'PaAlsaStream_Initialize( stream, alsaHostApi, inputParameters, outputParameters, sampleRate, framesPerBuffer, callback, streamFlags, userData )' failed in 'src/hostapi/alsa/pa_linux_alsa.c', line: 2839
Expression 'ret' failed in 'src/hostapi/alsa/pa_linux_alsa.c', line: 1736
Expression 'AlsaOpen( &alsaApi->baseHostApiRep, params, streamDir, &self->pcm )' failed in 'src/hostapi/alsa/pa_linux_alsa.c', line: 1904
Expression 'PaAlsaStreamComponent_Initialize( &self->capture, alsaApi, inParams, StreamDirection_In, NULL != callback )' failed in 'src/hostapi/alsa/pa_linux_alsa.c', line: 2171
Expression 'PaAlsaStream_Initialize( stream, alsaHostApi, inputParameters, outputParameters, sampleRate, framesPerBuffer, callback, streamFlags, userData )' failed in 'src/hostapi/alsa/pa_linux_alsa.c', line: 2839
Expression 'ret' failed in 'src/hostapi/alsa/pa_linux_alsa.c', line: 1736
Expression 'AlsaOpen( &alsaApi->baseHostApiRep, params, streamDir, &self->pcm )' failed in 'src/hostapi/alsa/pa_linux_alsa.c', line: 1904
Expression 'PaAlsaStreamComponent_Initialize( &self->capture, alsaApi, inParams, StreamDirection_In, NULL != callback )' failed in 'src/hostapi/alsa/pa_linux_alsa.c', line: 2171
Expression 'PaAlsaStream_Initialize( stream, alsaHostApi, inputParameters, outputParameters, sampleRate, framesPerBuffer, callback, streamFlags, userData )' failed in 'src/hostapi/alsa/pa_linux_alsa.c', line: 2839
Expression 'ret' failed in 'src/hostapi/alsa/pa_linux_alsa.c', line: 1736
Expression 'AlsaOpen( &alsaApi->baseHostApiRep, params, streamDir, &self->pcm )' failed in 'src/hostapi/alsa/pa_linux_alsa.c', line: 1904
Expression 'PaAlsaStreamComponent_Initialize( &self->capture, alsaApi, inParams, StreamDirection_In, NULL != callback )' failed in 'src/hostapi/alsa/pa_linux_alsa.c', line: 2171
Expression 'PaAlsaStream_Initialize( stream, alsaHostApi, inputParameters, outputParameters, sampleRate, framesPerBuffer, callback, streamFlags, userData )' failed in 'src/hostapi/alsa/pa_linux_alsa.c', line: 2839
Expression 'ret' failed in 'src/hostapi/alsa/pa_linux_alsa.c', line: 1736
Expression 'AlsaOpen( &alsaApi->baseHostApiRep, params, streamDir, &self->pcm )' failed in 'src/hostapi/alsa/pa_linux_alsa.c', line: 1904
Expression 'PaAlsaStreamComponent_Initialize( &self->capture, alsaApi, inParams, StreamDirection_In, NULL != callback )' failed in 'src/hostapi/alsa/pa_linux_alsa.c', line: 2171
Expression 'PaAlsaStream_Initialize( stream, alsaHostApi, inputParameters, outputParameters, sampleRate, framesPerBuffer, callback, streamFlags, userData )' failed in 'src/hostapi/alsa/pa_linux_alsa.c', line: 2839
Expression 'ret' failed in 'src/hostapi/alsa/pa_linux_alsa.c', line: 1736
Expression 'AlsaOpen( &alsaApi->baseHostApiRep, params, streamDir, &self->pcm )' failed in 'src/hostapi/alsa/pa_linux_alsa.c', line: 1904
Expression 'PaAlsaStreamComponent_Initialize( &self->capture, alsaApi, inParams, StreamDirection_In, NULL != callback )' failed in 'src/hostapi/alsa/pa_linux_alsa.c', line: 2171
Expression 'PaAlsaStream_Initialize( stream, alsaHostApi, inputParameters, outputParameters, sampleRate, framesPerBuffer, callback, streamFlags, userData )' failed in 'src/hostapi/alsa/pa_linux_alsa.c', line: 2839
Expression 'ret' failed in 'src/hostapi/alsa/pa_linux_alsa.c', line: 1736
Expression 'AlsaOpen( &alsaApi->baseHostApiRep, params, streamDir, &self->pcm )' failed in 'src/hostapi/alsa/pa_linux_alsa.c', line: 1904
Expression 'PaAlsaStreamComponent_Initialize( &self->capture, alsaApi, inParams, StreamDirection_In, NULL != callback )' failed in 'src/hostapi/alsa/pa_linux_alsa.c', line: 2171
Expression 'PaAlsaStream_Initialize( stream, alsaHostApi, inputParameters, outputParameters, sampleRate, framesPerBuffer, callback, streamFlags, userData )' failed in 'src/hostapi/alsa/pa_linux_alsa.c', line: 2839
Expression 'ret' failed in 'src/hostapi/alsa/pa_linux_alsa.c', line: 1736
Expression 'AlsaOpen( &alsaApi->baseHostApiRep, params, streamDir, &self->pcm )' failed in 'src/hostapi/alsa/pa_linux_alsa.c', line: 1904
Expression 'PaAlsaStreamComponent_Initialize( &self->capture, alsaApi, inParams, StreamDirection_In, NULL != callback )' failed in 'src/hostapi/alsa/pa_linux_alsa.c', line: 2171
Expression 'PaAlsaStream_Initialize( stream, alsaHostApi, inputParameters, outputParameters, sampleRate, framesPerBuffer, callback, streamFlags, userData )' failed in 'src/hostapi/alsa/pa_linux_alsa.c', line: 2839
Expression 'ret' failed in 'src/hostapi/alsa/pa_linux_alsa.c', line: 1736
Expression 'AlsaOpen( &alsaApi->baseHostApiRep, params, streamDir, &self->pcm )' failed in 'src/hostapi/alsa/pa_linux_alsa.c', line: 1904
Expression 'PaAlsaStreamComponent_Initialize( &self->capture, alsaApi, inParams, StreamDirection_In, NULL != callback )' failed in 'src/hostapi/alsa/pa_linux_alsa.c', line: 2171
Expression 'PaAlsaStream_Initialize( stream, alsaHostApi, inputParameters, outputParameters, sampleRate, framesPerBuffer, callback, streamFlags, userData )' failed in 'src/hostapi/alsa/pa_linux_alsa.c', line: 2839
Expression 'ret' failed in 'src/hostapi/alsa/pa_linux_alsa.c', line: 1736
Expression 'AlsaOpen( &alsaApi->baseHostApiRep, params, streamDir, &self->pcm )' failed in 'src/hostapi/alsa/pa_linux_alsa.c', line: 1904
Expression 'PaAlsaStreamComponent_Initialize( &self->capture, alsaApi, inParams, StreamDirection_In, NULL != callback )' failed in 'src/hostapi/alsa/pa_linux_alsa.c', line: 2171
Expression 'PaAlsaStream_Initialize( stream, alsaHostApi, inputParameters, outputParameters, sampleRate, framesPerBuffer, callback, streamFlags, userData )' failed in 'src/hostapi/alsa/pa_linux_alsa.c', line: 2839
Expression 'ret' failed in 'src/hostapi/alsa/pa_linux_alsa.c', line: 1736
Expression 'AlsaOpen( &alsaApi->baseHostApiRep, params, streamDir, &self->pcm )' failed in 'src/hostapi/alsa/pa_linux_alsa.c', line: 1904
Expression 'PaAlsaStreamComponent_Initialize( &self->capture, alsaApi, inParams, StreamDirection_In, NULL != callback )' failed in 'src/hostapi/alsa/pa_linux_alsa.c', line: 2171
Expression 'PaAlsaStream_Initialize( stream, alsaHostApi, inputParameters, outputParameters, sampleRate, framesPerBuffer, callback, streamFlags, userData )' failed in 'src/hostapi/alsa/pa_linux_alsa.c', line: 2839
Expression 'ret' failed in 'src/hostapi/alsa/pa_linux_alsa.c', line: 1736
Expression 'AlsaOpen( &alsaApi->baseHostApiRep, params, streamDir, &self->pcm )' failed in 'src/hostapi/alsa/pa_linux_alsa.c', line: 1904
Expression 'PaAlsaStreamComponent_Initialize( &self->capture, alsaApi, inParams, StreamDirection_In, NULL != callback )' failed in 'src/hostapi/alsa/pa_linux_alsa.c', line: 2171
Expression 'PaAlsaStream_Initialize( stream, alsaHostApi, inputParameters, outputParameters, sampleRate, framesPerBuffer, callback, streamFlags, userData )' failed in 'src/hostapi/alsa/pa_linux_alsa.c', line: 2839
Expression 'ret' failed in 'src/hostapi/alsa/pa_linux_alsa.c', line: 1736
Expression 'AlsaOpen( &alsaApi->baseHostApiRep, params, streamDir, &self->pcm )' failed in 'src/hostapi/alsa/pa_linux_alsa.c', line: 1904
Expression 'PaAlsaStreamComponent_Initialize( &self->capture, alsaApi, inParams, StreamDirection_In, NULL != callback )' failed in 'src/hostapi/alsa/pa_linux_alsa.c', line: 2171
Expression 'PaAlsaStream_Initialize( stream, alsaHostApi, inputParameters, outputParameters, sampleRate, framesPerBuffer, callback, streamFlags, userData )' failed in 'src/hostapi/alsa/pa_linux_alsa.c', line: 2839
Expression 'ret' failed in 'src/hostapi/alsa/pa_linux_alsa.c', line: 1736
Expression 'AlsaOpen( &alsaApi->baseHostApiRep, params, streamDir, &self->pcm )' failed in 'src/hostapi/alsa/pa_linux_alsa.c', line: 1904
Expression 'PaAlsaStreamComponent_Initialize( &self->capture, alsaApi, inParams, StreamDirection_In, NULL != callback )' failed in 'src/hostapi/alsa/pa_linux_alsa.c', line: 2171
Expression 'PaAlsaStream_Initialize( stream, alsaHostApi, inputParameters, outputParameters, sampleRate, framesPerBuffer, callback, streamFlags, userData )' failed in 'src/hostapi/alsa/pa_linux_alsa.c', line: 2839
Expression 'ret' failed in 'src/hostapi/alsa/pa_linux_alsa.c', line: 1736
Expression 'AlsaOpen( &alsaApi->baseHostApiRep, params, streamDir, &self->pcm )' failed in 'src/hostapi/alsa/pa_linux_alsa.c', line: 1904
Expression 'PaAlsaStreamComponent_Initialize( &self->capture, alsaApi, inParams, StreamDirection_In, NULL != callback )' failed in 'src/hostapi/alsa/pa_linux_alsa.c', line: 2171
Expression 'PaAlsaStream_Initialize( stream, alsaHostApi, inputParameters, outputParameters, sampleRate, framesPerBuffer, callback, streamFlags, userData )' failed in 'src/hostapi/alsa/pa_linux_alsa.c', line: 2839
Expression 'ret' failed in 'src/hostapi/alsa/pa_linux_alsa.c', line: 1736
Expression 'AlsaOpen( &alsaApi->baseHostApiRep, params, streamDir, &self->pcm )' failed in 'src/hostapi/alsa/pa_linux_alsa.c', line: 1904
Expression 'PaAlsaStreamComponent_Initialize( &self->capture, alsaApi, inParams, StreamDirection_In, NULL != callback )' failed in 'src/hostapi/alsa/pa_linux_alsa.c', line: 2171
Expression 'PaAlsaStream_Initialize( stream, alsaHostApi, inputParameters, outputParameters, sampleRate, framesPerBuffer, callback, streamFlags, userData )' failed in 'src/hostapi/alsa/pa_linux_alsa.c', line: 2839
Expression 'ret' failed in 'src/hostapi/alsa/pa_linux_alsa.c', line: 1736
Expression 'AlsaOpen( &alsaApi->baseHostApiRep, params, streamDir, &self->pcm )' failed in 'src/hostapi/alsa/pa_linux_alsa.c', line: 1904
Expression 'PaAlsaStreamComponent_Initialize( &self->capture, alsaApi, inParams, StreamDirection_In, NULL != callback )' failed in 'src/hostapi/alsa/pa_linux_alsa.c', line: 2171
Expression 'PaAlsaStream_Initialize( stream, alsaHostApi, inputParameters, outputParameters, sampleRate, framesPerBuffer, callback, streamFlags, userData )' failed in 'src/hostapi/alsa/pa_linux_alsa.c', line: 2839
Expression 'ret' failed in 'src/hostapi/alsa/pa_linux_alsa.c', line: 1736
Expression 'AlsaOpen( &alsaApi->baseHostApiRep, params, streamDir, &self->pcm )' failed in 'src/hostapi/alsa/pa_linux_alsa.c', line: 1904
Expression 'PaAlsaStreamComponent_Initialize( &self->capture, alsaApi, inParams, StreamDirection_In, NULL != callback )' failed in 'src/hostapi/alsa/pa_linux_alsa.c', line: 2171
Expression 'PaAlsaStream_Initialize( stream, alsaHostApi, inputParameters, outputParameters, sampleRate, framesPerBuffer, callback, streamFlags, userData )' failed in 'src/hostapi/alsa/pa_linux_alsa.c', line: 2839
Expression 'ret' failed in 'src/hostapi/alsa/pa_linux_alsa.c', line: 1736
Expression 'AlsaOpen( &alsaApi->baseHostApiRep, params, streamDir, &self->pcm )' failed in 'src/hostapi/alsa/pa_linux_alsa.c', line: 1904
Expression 'PaAlsaStreamComponent_Initialize( &self->capture, alsaApi, inParams, StreamDirection_In, NULL != callback )' failed in 'src/hostapi/alsa/pa_linux_alsa.c', line: 2171
Expression 'PaAlsaStream_Initialize( stream, alsaHostApi, inputParameters, outputParameters, sampleRate, framesPerBuffer, callback, streamFlags, userData )' failed in 'src/hostapi/alsa/pa_linux_alsa.c', line: 2839
Expression 'ret' failed in 'src/hostapi/alsa/pa_linux_alsa.c', line: 1736
Expression 'AlsaOpen( &alsaApi->baseHostApiRep, params, streamDir, &self->pcm )' failed in 'src/hostapi/alsa/pa_linux_alsa.c', line: 1904
Expression 'PaAlsaStreamComponent_Initialize( &self->capture, alsaApi, inParams, StreamDirection_In, NULL != callback )' failed in 'src/hostapi/alsa/pa_linux_alsa.c', line: 2171
Expression 'PaAlsaStream_Initialize( stream, alsaHostApi, inputParameters, outputParameters, sampleRate, framesPerBuffer, callback, streamFlags, userData )' failed in 'src/hostapi/alsa/pa_linux_alsa.c', line: 2839
Expression 'ret' failed in 'src/hostapi/alsa/pa_linux_alsa.c', line: 1736
Expression 'AlsaOpen( &alsaApi->baseHostApiRep, params, streamDir, &self->pcm )' failed in 'src/hostapi/alsa/pa_linux_alsa.c', line: 1904
Expression 'PaAlsaStreamComponent_Initialize( &self->capture, alsaApi, inParams, StreamDirection_In, NULL != callback )' failed in 'src/hostapi/alsa/pa_linux_alsa.c', line: 2171
Expression 'PaAlsaStream_Initialize( stream, alsaHostApi, inputParameters, outputParameters, sampleRate, framesPerBuffer, callback, streamFlags, userData )' failed in 'src/hostapi/alsa/pa_linux_alsa.c', line: 2839
Expression 'ret' failed in 'src/hostapi/alsa/pa_linux_alsa.c', line: 1736
Expression 'AlsaOpen( &alsaApi->baseHostApiRep, params, streamDir, &self->pcm )' failed in 'src/hostapi/alsa/pa_linux_alsa.c', line: 1904
Expression 'PaAlsaStreamComponent_Initialize( &self->capture, alsaApi, inParams, StreamDirection_In, NULL != callback )' failed in 'src/hostapi/alsa/pa_linux_alsa.c', line: 2171
Expression 'PaAlsaStream_Initialize( stream, alsaHostApi, inputParameters, outputParameters, sampleRate, framesPerBuffer, callback, streamFlags, userData )' failed in 'src/hostapi/alsa/pa_linux_alsa.c', line: 2839
Expression 'ret' failed in 'src/hostapi/alsa/pa_linux_alsa.c', line: 1736
Expression 'AlsaOpen( &alsaApi->baseHostApiRep, params, streamDir, &self->pcm )' failed in 'src/hostapi/alsa/pa_linux_alsa.c', line: 1904
Expression 'PaAlsaStreamComponent_Initialize( &self->capture, alsaApi, inParams, StreamDirection_In, NULL != callback )' failed in 'src/hostapi/alsa/pa_linux_alsa.c', line: 2171
Expression 'PaAlsaStream_Initialize( stream, alsaHostApi, inputParameters, outputParameters, sampleRate, framesPerBuffer, callback, streamFlags, userData )' failed in 'src/hostapi/alsa/pa_linux_alsa.c', line: 2839
Expression 'ret' failed in 'src/hostapi/alsa/pa_linux_alsa.c', line: 1736
Expression 'AlsaOpen( &alsaApi->baseHostApiRep, params, streamDir, &self->pcm )' failed in 'src/hostapi/alsa/pa_linux_alsa.c', line: 1904
Expression 'PaAlsaStreamComponent_Initialize( &self->capture, alsaApi, inParams, StreamDirection_In, NULL != callback )' failed in 'src/hostapi/alsa/pa_linux_alsa.c', line: 2171
Expression 'PaAlsaStream_Initialize( stream, alsaHostApi, inputParameters, outputParameters, sampleRate, framesPerBuffer, callback, streamFlags, userData )' failed in 'src/hostapi/alsa/pa_linux_alsa.c', line: 2839
Expression 'ret' failed in 'src/hostapi/alsa/pa_linux_alsa.c', line: 1736
Expression 'AlsaOpen( &alsaApi->baseHostApiRep, params, streamDir, &self->pcm )' failed in 'src/hostapi/alsa/pa_linux_alsa.c', line: 1904
Expression 'PaAlsaStreamComponent_Initialize( &self->capture, alsaApi, inParams, StreamDirection_In, NULL != callback )' failed in 'src/hostapi/alsa/pa_linux_alsa.c', line: 2171
Expression 'PaAlsaStream_Initialize( stream, alsaHostApi, inputParameters, outputParameters, sampleRate, framesPerBuffer, callback, streamFlags, userData )' failed in 'src/hostapi/alsa/pa_linux_alsa.c', line: 2839
Expression 'ret' failed in 'src/hostapi/alsa/pa_linux_alsa.c', line: 1736
Expression 'AlsaOpen( &alsaApi->baseHostApiRep, params, streamDir, &self->pcm )' failed in 'src/hostapi/alsa/pa_linux_alsa.c', line: 1904
Expression 'PaAlsaStreamComponent_Initialize( &self->capture, alsaApi, inParams, StreamDirection_In, NULL != callback )' failed in 'src/hostapi/alsa/pa_linux_alsa.c', line: 2171
Expression 'PaAlsaStream_Initialize( stream, alsaHostApi, inputParameters, outputParameters, sampleRate, framesPerBuffer, callback, streamFlags, userData )' failed in 'src/hostapi/alsa/pa_linux_alsa.c', line: 2839
Expression 'ret' failed in 'src/hostapi/alsa/pa_linux_alsa.c', line: 1736
Expression 'AlsaOpen( &alsaApi->baseHostApiRep, params, streamDir, &self->pcm )' failed in 'src/hostapi/alsa/pa_linux_alsa.c', line: 1904
Expression 'PaAlsaStreamComponent_Initialize( &self->capture, alsaApi, inParams, StreamDirection_In, NULL != callback )' failed in 'src/hostapi/alsa/pa_linux_alsa.c', line: 2171
Expression 'PaAlsaStream_Initialize( stream, alsaHostApi, inputParameters, outputParameters, sampleRate, framesPerBuffer, callback, streamFlags, userData )' failed in 'src/hostapi/alsa/pa_linux_alsa.c', line: 2839
Expression 'ret' failed in 'src/hostapi/alsa/pa_linux_alsa.c', line: 1736
Expression 'AlsaOpen( &alsaApi->baseHostApiRep, params, streamDir, &self->pcm )' failed in 'src/hostapi/alsa/pa_linux_alsa.c', line: 1904
Expression 'PaAlsaStreamComponent_Initialize( &self->capture, alsaApi, inParams, StreamDirection_In, NULL != callback )' failed in 'src/hostapi/alsa/pa_linux_alsa.c', line: 2171
Expression 'PaAlsaStream_Initialize( stream, alsaHostApi, inputParameters, outputParameters, sampleRate, framesPerBuffer, callback, streamFlags, userData )' failed in 'src/hostapi/alsa/pa_linux_alsa.c', line: 2839
Expression 'ret' failed in 'src/hostapi/alsa/pa_linux_alsa.c', line: 1736
Expression 'AlsaOpen( &alsaApi->baseHostApiRep, params, streamDir, &self->pcm )' failed in 'src/hostapi/alsa/pa_linux_alsa.c', line: 1904
Expression 'PaAlsaStreamComponent_Initialize( &self->capture, alsaApi, inParams, StreamDirection_In, NULL != callback )' failed in 'src/hostapi/alsa/pa_linux_alsa.c', line: 2171
Expression 'PaAlsaStream_Initialize( stream, alsaHostApi, inputParameters, outputParameters, sampleRate, framesPerBuffer, callback, streamFlags, userData )' failed in 'src/hostapi/alsa/pa_linux_alsa.c', line: 2839
Expression 'ret' failed in 'src/hostapi/alsa/pa_linux_alsa.c', line: 1736
Expression 'AlsaOpen( &alsaApi->baseHostApiRep, params, streamDir, &self->pcm )' failed in 'src/hostapi/alsa/pa_linux_alsa.c', line: 1904
Expression 'PaAlsaStreamComponent_Initialize( &self->capture, alsaApi, inParams, StreamDirection_In, NULL != callback )' failed in 'src/hostapi/alsa/pa_linux_alsa.c', line: 2171
Expression 'PaAlsaStream_Initialize( stream, alsaHostApi, inputParameters, outputParameters, sampleRate, framesPerBuffer, callback, streamFlags, userData )' failed in 'src/hostapi/alsa/pa_linux_alsa.c', line: 2839
Expression 'ret' failed in 'src/hostapi/alsa/pa_linux_alsa.c', line: 1736
Expression 'AlsaOpen( &alsaApi->baseHostApiRep, params, streamDir, &self->pcm )' failed in 'src/hostapi/alsa/pa_linux_alsa.c', line: 1904
Expression 'PaAlsaStreamComponent_Initialize( &self->capture, alsaApi, inParams, StreamDirection_In, NULL != callback )' failed in 'src/hostapi/alsa/pa_linux_alsa.c', line: 2171
Expression 'PaAlsaStream_Initialize( stream, alsaHostApi, inputParameters, outputParameters, sampleRate, framesPerBuffer, callback, streamFlags, userData )' failed in 'src/hostapi/alsa/pa_linux_alsa.c', line: 2839
Expression 'ret' failed in 'src/hostapi/alsa/pa_linux_alsa.c', line: 1736
Expression 'AlsaOpen( &alsaApi->baseHostApiRep, params, streamDir, &self->pcm )' failed in 'src/hostapi/alsa/pa_linux_alsa.c', line: 1904
Expression 'PaAlsaStreamComponent_Initialize( &self->capture, alsaApi, inParams, StreamDirection_In, NULL != callback )' failed in 'src/hostapi/alsa/pa_linux_alsa.c', line: 2171
Expression 'PaAlsaStream_Initialize( stream, alsaHostApi, inputParameters, outputParameters, sampleRate, framesPerBuffer, callback, streamFlags, userData )' failed in 'src/hostapi/alsa/pa_linux_alsa.c', line: 2839
Expression 'ret' failed in 'src/hostapi/alsa/pa_linux_alsa.c', line: 1736
Expression 'AlsaOpen( &alsaApi->baseHostApiRep, params, streamDir, &self->pcm )' failed in 'src/hostapi/alsa/pa_linux_alsa.c', line: 1904
Expression 'PaAlsaStreamComponent_Initialize( &self->capture, alsaApi, inParams, StreamDirection_In, NULL != callback )' failed in 'src/hostapi/alsa/pa_linux_alsa.c', line: 2171
Expression 'PaAlsaStream_Initialize( stream, alsaHostApi, inputParameters, outputParameters, sampleRate, framesPerBuffer, callback, streamFlags, userData )' failed in 'src/hostapi/alsa/pa_linux_alsa.c', line: 2839
Expression 'ret' failed in 'src/hostapi/alsa/pa_linux_alsa.c', line: 1736
Expression 'AlsaOpen( &alsaApi->baseHostApiRep, params, streamDir, &self->pcm )' failed in 'src/hostapi/alsa/pa_linux_alsa.c', line: 1904
Expression 'PaAlsaStreamComponent_Initialize( &self->capture, alsaApi, inParams, StreamDirection_In, NULL != callback )' failed in 'src/hostapi/alsa/pa_linux_alsa.c', line: 2171
Expression 'PaAlsaStream_Initialize( stream, alsaHostApi, inputParameters, outputParameters, sampleRate, framesPerBuffer, callback, streamFlags, userData )' failed in 'src/hostapi/alsa/pa_linux_alsa.c', line: 2839
Expression 'ret' failed in 'src/hostapi/alsa/pa_linux_alsa.c', line: 1736
Expression 'AlsaOpen( &alsaApi->baseHostApiRep, params, streamDir, &self->pcm )' failed in 'src/hostapi/alsa/pa_linux_alsa.c', line: 1904
Expression 'PaAlsaStreamComponent_Initialize( &self->capture, alsaApi, inParams, StreamDirection_In, NULL != callback )' failed in 'src/hostapi/alsa/pa_linux_alsa.c', line: 2171
Expression 'PaAlsaStream_Initialize( stream, alsaHostApi, inputParameters, outputParameters, sampleRate, framesPerBuffer, callback, streamFlags, userData )' failed in 'src/hostapi/alsa/pa_linux_alsa.c', line: 2839
Expression 'ret' failed in 'src/hostapi/alsa/pa_linux_alsa.c', line: 1736
Expression 'AlsaOpen( &alsaApi->baseHostApiRep, params, streamDir, &self->pcm )' failed in 'src/hostapi/alsa/pa_linux_alsa.c', line: 1904
Expression 'PaAlsaStreamComponent_Initialize( &self->capture, alsaApi, inParams, StreamDirection_In, NULL != callback )' failed in 'src/hostapi/alsa/pa_linux_alsa.c', line: 2171
Expression 'PaAlsaStream_Initialize( stream, alsaHostApi, inputParameters, outputParameters, sampleRate, framesPerBuffer, callback, streamFlags, userData )' failed in 'src/hostapi/alsa/pa_linux_alsa.c', line: 2839
Expression 'ret' failed in 'src/hostapi/alsa/pa_linux_alsa.c', line: 1736
Expression 'AlsaOpen( &alsaApi->baseHostApiRep, params, streamDir, &self->pcm )' failed in 'src/hostapi/alsa/pa_linux_alsa.c', line: 1904
Expression 'PaAlsaStreamComponent_Initialize( &self->capture, alsaApi, inParams, StreamDirection_In, NULL != callback )' failed in 'src/hostapi/alsa/pa_linux_alsa.c', line: 2171
Expression 'PaAlsaStream_Initialize( stream, alsaHostApi, inputParameters, outputParameters, sampleRate, framesPerBuffer, callback, streamFlags, userData )' failed in 'src/hostapi/alsa/pa_linux_alsa.c', line: 2839
Expression 'ret' failed in 'src/hostapi/alsa/pa_linux_alsa.c', line: 1736
Expression 'AlsaOpen( &alsaApi->baseHostApiRep, params, streamDir, &self->pcm )' failed in 'src/hostapi/alsa/pa_linux_alsa.c', line: 1904
Expression 'PaAlsaStreamComponent_Initialize( &self->capture, alsaApi, inParams, StreamDirection_In, NULL != callback )' failed in 'src/hostapi/alsa/pa_linux_alsa.c', line: 2171
Expression 'PaAlsaStream_Initialize( stream, alsaHostApi, inputParameters, outputParameters, sampleRate, framesPerBuffer, callback, streamFlags, userData )' failed in 'src/hostapi/alsa/pa_linux_alsa.c', line: 2839
Expression 'ret' failed in 'src/hostapi/alsa/pa_linux_alsa.c', line: 1736
Expression 'AlsaOpen( &alsaApi->baseHostApiRep, params, streamDir, &self->pcm )' failed in 'src/hostapi/alsa/pa_linux_alsa.c', line: 1904
Expression 'PaAlsaStreamComponent_Initialize( &self->capture, alsaApi, inParams, StreamDirection_In, NULL != callback )' failed in 'src/hostapi/alsa/pa_linux_alsa.c', line: 2171
Expression 'PaAlsaStream_Initialize( stream, alsaHostApi, inputParameters, outputParameters, sampleRate, framesPerBuffer, callback, streamFlags, userData )' failed in 'src/hostapi/alsa/pa_linux_alsa.c', line: 2839
Expression 'ret' failed in 'src/hostapi/alsa/pa_linux_alsa.c', line: 1736
Expression 'AlsaOpen( &alsaApi->baseHostApiRep, params, streamDir, &self->pcm )' failed in 'src/hostapi/alsa/pa_linux_alsa.c', line: 1904
Expression 'PaAlsaStreamComponent_Initialize( &self->capture, alsaApi, inParams, StreamDirection_In, NULL != callback )' failed in 'src/hostapi/alsa/pa_linux_alsa.c', line: 2171
Expression 'PaAlsaStream_Initialize( stream, alsaHostApi, inputParameters, outputParameters, sampleRate, framesPerBuffer, callback, streamFlags, userData )' failed in 'src/hostapi/alsa/pa_linux_alsa.c', line: 2839
Expression 'ret' failed in 'src/hostapi/alsa/pa_linux_alsa.c', line: 1736
Expression 'AlsaOpen( &alsaApi->baseHostApiRep, params, streamDir, &self->pcm )' failed in 'src/hostapi/alsa/pa_linux_alsa.c', line: 1904
Expression 'PaAlsaStreamComponent_Initialize( &self->capture, alsaApi, inParams, StreamDirection_In, NULL != callback )' failed in 'src/hostapi/alsa/pa_linux_alsa.c', line: 2171
Expression 'PaAlsaStream_Initialize( stream, alsaHostApi, inputParameters, outputParameters, sampleRate, framesPerBuffer, callback, streamFlags, userData )' failed in 'src/hostapi/alsa/pa_linux_alsa.c', line: 2839
Expression 'ret' failed in 'src/hostapi/alsa/pa_linux_alsa.c', line: 1736
Expression 'AlsaOpen( &alsaApi->baseHostApiRep, params, streamDir, &self->pcm )' failed in 'src/hostapi/alsa/pa_linux_alsa.c', line: 1904
Expression 'PaAlsaStreamComponent_Initialize( &self->capture, alsaApi, inParams, StreamDirection_In, NULL != callback )' failed in 'src/hostapi/alsa/pa_linux_alsa.c', line: 2171
Expression 'PaAlsaStream_Initialize( stream, alsaHostApi, inputParameters, outputParameters, sampleRate, framesPerBuffer, callback, streamFlags, userData )' failed in 'src/hostapi/alsa/pa_linux_alsa.c', line: 2839
Expression 'ret' failed in 'src/hostapi/alsa/pa_linux_alsa.c', line: 1736
Expression 'AlsaOpen( &alsaApi->baseHostApiRep, params, streamDir, &self->pcm )' failed in 'src/hostapi/alsa/pa_linux_alsa.c', line: 1904
Expression 'PaAlsaStreamComponent_Initialize( &self->capture, alsaApi, inParams, StreamDirection_In, NULL != callback )' failed in 'src/hostapi/alsa/pa_linux_alsa.c', line: 2171
Expression 'PaAlsaStream_Initialize( stream, alsaHostApi, inputParameters, outputParameters, sampleRate, framesPerBuffer, callback, streamFlags, userData )' failed in 'src/hostapi/alsa/pa_linux_alsa.c', line: 2839
Expression 'ret' failed in 'src/hostapi/alsa/pa_linux_alsa.c', line: 1736
Expression 'AlsaOpen( &alsaApi->baseHostApiRep, params, streamDir, &self->pcm )' failed in 'src/hostapi/alsa/pa_linux_alsa.c', line: 1904
Expression 'PaAlsaStreamComponent_Initialize( &self->capture, alsaApi, inParams, StreamDirection_In, NULL != callback )' failed in 'src/hostapi/alsa/pa_linux_alsa.c', line: 2171
Expression 'PaAlsaStream_Initialize( stream, alsaHostApi, inputParameters, outputParameters, sampleRate, framesPerBuffer, callback, streamFlags, userData )' failed in 'src/hostapi/alsa/pa_linux_alsa.c', line: 2839
Expression 'ret' failed in 'src/hostapi/alsa/pa_linux_alsa.c', line: 1736
Expression 'AlsaOpen( &alsaApi->baseHostApiRep, params, streamDir, &self->pcm )' failed in 'src/hostapi/alsa/pa_linux_alsa.c', line: 1904
Expression 'PaAlsaStreamComponent_Initialize( &self->capture, alsaApi, inParams, StreamDirection_In, NULL != callback )' failed in 'src/hostapi/alsa/pa_linux_alsa.c', line: 2171
Expression 'PaAlsaStream_Initialize( stream, alsaHostApi, inputParameters, outputParameters, sampleRate, framesPerBuffer, callback, streamFlags, userData )' failed in 'src/hostapi/alsa/pa_linux_alsa.c', line: 2839
Expression 'ret' failed in 'src/hostapi/alsa/pa_linux_alsa.c', line: 1736
Expression 'AlsaOpen( &alsaApi->baseHostApiRep, params, streamDir, &self->pcm )' failed in 'src/hostapi/alsa/pa_linux_alsa.c', line: 1904
Expression 'PaAlsaStreamComponent_Initialize( &self->capture, alsaApi, inParams, StreamDirection_In, NULL != callback )' failed in 'src/hostapi/alsa/pa_linux_alsa.c', line: 2171
Expression 'PaAlsaStream_Initialize( stream, alsaHostApi, inputParameters, outputParameters, sampleRate, framesPerBuffer, callback, streamFlags, userData )' failed in 'src/hostapi/alsa/pa_linux_alsa.c', line: 2839
Expression 'ret' failed in 'src/hostapi/alsa/pa_linux_alsa.c', line: 1736
Expression 'AlsaOpen( &alsaApi->baseHostApiRep, params, streamDir, &self->pcm )' failed in 'src/hostapi/alsa/pa_linux_alsa.c', line: 1904
Expression 'PaAlsaStreamComponent_Initialize( &self->capture, alsaApi, inParams, StreamDirection_In, NULL != callback )' failed in 'src/hostapi/alsa/pa_linux_alsa.c', line: 2171
Expression 'PaAlsaStream_Initialize( stream, alsaHostApi, inputParameters, outputParameters, sampleRate, framesPerBuffer, callback, streamFlags, userData )' failed in 'src/hostapi/alsa/pa_linux_alsa.c', line: 2839
Expression 'ret' failed in 'src/hostapi/alsa/pa_linux_alsa.c', line: 1736
Expression 'AlsaOpen( &alsaApi->baseHostApiRep, params, streamDir, &self->pcm )' failed in 'src/hostapi/alsa/pa_linux_alsa.c', line: 1904
Expression 'PaAlsaStreamComponent_Initialize( &self->capture, alsaApi, inParams, StreamDirection_In, NULL != callback )' failed in 'src/hostapi/alsa/pa_linux_alsa.c', line: 2171
Expression 'PaAlsaStream_Initialize( stream, alsaHostApi, inputParameters, outputParameters, sampleRate, framesPerBuffer, callback, streamFlags, userData )' failed in 'src/hostapi/alsa/pa_linux_alsa.c', line: 2839
Expression 'ret' failed in 'src/hostapi/alsa/pa_linux_alsa.c', line: 1736
Expression 'AlsaOpen( &alsaApi->baseHostApiRep, params, streamDir, &self->pcm )' failed in 'src/hostapi/alsa/pa_linux_alsa.c', line: 1904
Expression 'PaAlsaStreamComponent_Initialize( &self->capture, alsaApi, inParams, StreamDirection_In, NULL != callback )' failed in 'src/hostapi/alsa/pa_linux_alsa.c', line: 2171
Expression 'PaAlsaStream_Initialize( stream, alsaHostApi, inputParameters, outputParameters, sampleRate, framesPerBuffer, callback, streamFlags, userData )' failed in 'src/hostapi/alsa/pa_linux_alsa.c', line: 2839
Expression 'ret' failed in 'src/hostapi/alsa/pa_linux_alsa.c', line: 1736
Expression 'AlsaOpen( &alsaApi->baseHostApiRep, params, streamDir, &self->pcm )' failed in 'src/hostapi/alsa/pa_linux_alsa.c', line: 1904
Expression 'PaAlsaStreamComponent_Initialize( &self->capture, alsaApi, inParams, StreamDirection_In, NULL != callback )' failed in 'src/hostapi/alsa/pa_linux_alsa.c', line: 2171
Expression 'PaAlsaStream_Initialize( stream, alsaHostApi, inputParameters, outputParameters, sampleRate, framesPerBuffer, callback, streamFlags, userData )' failed in 'src/hostapi/alsa/pa_linux_alsa.c', line: 2839
Expression 'ret' failed in 'src/hostapi/alsa/pa_linux_alsa.c', line: 1736
Expression 'AlsaOpen( &alsaApi->baseHostApiRep, params, streamDir, &self->pcm )' failed in 'src/hostapi/alsa/pa_linux_alsa.c', line: 1904
Expression 'PaAlsaStreamComponent_Initialize( &self->capture, alsaApi, inParams, StreamDirection_In, NULL != callback )' failed in 'src/hostapi/alsa/pa_linux_alsa.c', line: 2171
Expression 'PaAlsaStream_Initialize( stream, alsaHostApi, inputParameters, outputParameters, sampleRate, framesPerBuffer, callback, streamFlags, userData )' failed in 'src/hostapi/alsa/pa_linux_alsa.c', line: 2839
Expression 'ret' failed in 'src/hostapi/alsa/pa_linux_alsa.c', line: 1736
Expression 'AlsaOpen( &alsaApi->baseHostApiRep, params, streamDir, &self->pcm )' failed in 'src/hostapi/alsa/pa_linux_alsa.c', line: 1904
Expression 'PaAlsaStreamComponent_Initialize( &self->capture, alsaApi, inParams, StreamDirection_In, NULL != callback )' failed in 'src/hostapi/alsa/pa_linux_alsa.c', line: 2171
Expression 'PaAlsaStream_Initialize( stream, alsaHostApi, inputParameters, outputParameters, sampleRate, framesPerBuffer, callback, streamFlags, userData )' failed in 'src/hostapi/alsa/pa_linux_alsa.c', line: 2839
Expression 'ret' failed in 'src/hostapi/alsa/pa_linux_alsa.c', line: 1736
Expression 'AlsaOpen( &alsaApi->baseHostApiRep, params, streamDir, &self->pcm )' failed in 'src/hostapi/alsa/pa_linux_alsa.c', line: 1904
Expression 'PaAlsaStreamComponent_Initialize( &self->capture, alsaApi, inParams, StreamDirection_In, NULL != callback )' failed in 'src/hostapi/alsa/pa_linux_alsa.c', line: 2171
Expression 'PaAlsaStream_Initialize( stream, alsaHostApi, inputParameters, outputParameters, sampleRate, framesPerBuffer, callback, streamFlags, userData )' failed in 'src/hostapi/alsa/pa_linux_alsa.c', line: 2839
Expression 'ret' failed in 'src/hostapi/alsa/pa_linux_alsa.c', line: 1736
Expression 'AlsaOpen( &alsaApi->baseHostApiRep, params, streamDir, &self->pcm )' failed in 'src/hostapi/alsa/pa_linux_alsa.c', line: 1904
Expression 'PaAlsaStreamComponent_Initialize( &self->capture, alsaApi, inParams, StreamDirection_In, NULL != callback )' failed in 'src/hostapi/alsa/pa_linux_alsa.c', line: 2171
Expression 'PaAlsaStream_Initialize( stream, alsaHostApi, inputParameters, outputParameters, sampleRate, framesPerBuffer, callback, streamFlags, userData )' failed in 'src/hostapi/alsa/pa_linux_alsa.c', line: 2839
Expression 'ret' failed in 'src/hostapi/alsa/pa_linux_alsa.c', line: 1736
Expression 'AlsaOpen( &alsaApi->baseHostApiRep, params, streamDir, &self->pcm )' failed in 'src/hostapi/alsa/pa_linux_alsa.c', line: 1904
Expression 'PaAlsaStreamComponent_Initialize( &self->capture, alsaApi, inParams, StreamDirection_In, NULL != callback )' failed in 'src/hostapi/alsa/pa_linux_alsa.c', line: 2171
Expression 'PaAlsaStream_Initialize( stream, alsaHostApi, inputParameters, outputParameters, sampleRate, framesPerBuffer, callback, streamFlags, userData )' failed in 'src/hostapi/alsa/pa_linux_alsa.c', line: 2839
Expression 'ret' failed in 'src/hostapi/alsa/pa_linux_alsa.c', line: 1736
Expression 'AlsaOpen( &alsaApi->baseHostApiRep, params, streamDir, &self->pcm )' failed in 'src/hostapi/alsa/pa_linux_alsa.c', line: 1904
Expression 'PaAlsaStreamComponent_Initialize( &self->capture, alsaApi, inParams, StreamDirection_In, NULL != callback )' failed in 'src/hostapi/alsa/pa_linux_alsa.c', line: 2171
Expression 'PaAlsaStream_Initialize( stream, alsaHostApi, inputParameters, outputParameters, sampleRate, framesPerBuffer, callback, streamFlags, userData )' failed in 'src/hostapi/alsa/pa_linux_alsa.c', line: 2839
Expression 'ret' failed in 'src/hostapi/alsa/pa_linux_alsa.c', line: 1736
Expression 'AlsaOpen( &alsaApi->baseHostApiRep, params, streamDir, &self->pcm )' failed in 'src/hostapi/alsa/pa_linux_alsa.c', line: 1904
Expression 'PaAlsaStreamComponent_Initialize( &self->capture, alsaApi, inParams, StreamDirection_In, NULL != callback )' failed in 'src/hostapi/alsa/pa_linux_alsa.c', line: 2171
Expression 'PaAlsaStream_Initialize( stream, alsaHostApi, inputParameters, outputParameters, sampleRate, framesPerBuffer, callback, streamFlags, userData )' failed in 'src/hostapi/alsa/pa_linux_alsa.c', line: 2839
Expression 'ret' failed in 'src/hostapi/alsa/pa_linux_alsa.c', line: 1736
Expression 'AlsaOpen( &alsaApi->baseHostApiRep, params, streamDir, &self->pcm )' failed in 'src/hostapi/alsa/pa_linux_alsa.c', line: 1904
Expression 'PaAlsaStreamComponent_Initialize( &self->capture, alsaApi, inParams, StreamDirection_In, NULL != callback )' failed in 'src/hostapi/alsa/pa_linux_alsa.c', line: 2171
Expression 'PaAlsaStream_Initialize( stream, alsaHostApi, inputParameters, outputParameters, sampleRate, framesPerBuffer, callback, streamFlags, userData )' failed in 'src/hostapi/alsa/pa_linux_alsa.c', line: 2839
Expression 'ret' failed in 'src/hostapi/alsa/pa_linux_alsa.c', line: 1736
Expression 'AlsaOpen( &alsaApi->baseHostApiRep, params, streamDir, &self->pcm )' failed in 'src/hostapi/alsa/pa_linux_alsa.c', line: 1904
Expression 'PaAlsaStreamComponent_Initialize( &self->capture, alsaApi, inParams, StreamDirection_In, NULL != callback )' failed in 'src/hostapi/alsa/pa_linux_alsa.c', line: 2171
Expression 'PaAlsaStream_Initialize( stream, alsaHostApi, inputParameters, outputParameters, sampleRate, framesPerBuffer, callback, streamFlags, userData )' failed in 'src/hostapi/alsa/pa_linux_alsa.c', line: 2839
Expression 'ret' failed in 'src/hostapi/alsa/pa_linux_alsa.c', line: 1736
Expression 'AlsaOpen( &alsaApi->baseHostApiRep, params, streamDir, &self->pcm )' failed in 'src/hostapi/alsa/pa_linux_alsa.c', line: 1904
Expression 'PaAlsaStreamComponent_Initialize( &self->capture, alsaApi, inParams, StreamDirection_In, NULL != callback )' failed in 'src/hostapi/alsa/pa_linux_alsa.c', line: 2171
Expression 'PaAlsaStream_Initialize( stream, alsaHostApi, inputParameters, outputParameters, sampleRate, framesPerBuffer, callback, streamFlags, userData )' failed in 'src/hostapi/alsa/pa_linux_alsa.c', line: 2839
Expression 'ret' failed in 'src/hostapi/alsa/pa_linux_alsa.c', line: 1736
Expression 'AlsaOpen( &alsaApi->baseHostApiRep, params, streamDir, &self->pcm )' failed in 'src/hostapi/alsa/pa_linux_alsa.c', line: 1904
Expression 'PaAlsaStreamComponent_Initialize( &self->capture, alsaApi, inParams, StreamDirection_In, NULL != callback )' failed in 'src/hostapi/alsa/pa_linux_alsa.c', line: 2171
Expression 'PaAlsaStream_Initialize( stream, alsaHostApi, inputParameters, outputParameters, sampleRate, framesPerBuffer, callback, streamFlags, userData )' failed in 'src/hostapi/alsa/pa_linux_alsa.c', line: 2839
Expression 'ret' failed in 'src/hostapi/alsa/pa_linux_alsa.c', line: 1736
Expression 'AlsaOpen( &alsaApi->baseHostApiRep, params, streamDir, &self->pcm )' failed in 'src/hostapi/alsa/pa_linux_alsa.c', line: 1904
Expression 'PaAlsaStreamComponent_Initialize( &self->capture, alsaApi, inParams, StreamDirection_In, NULL != callback )' failed in 'src/hostapi/alsa/pa_linux_alsa.c', line: 2171
Expression 'PaAlsaStream_Initialize( stream, alsaHostApi, inputParameters, outputParameters, sampleRate, framesPerBuffer, callback, streamFlags, userData )' failed in 'src/hostapi/alsa/pa_linux_alsa.c', line: 2839
Expression 'ret' failed in 'src/hostapi/alsa/pa_linux_alsa.c', line: 1736
Expression 'AlsaOpen( &alsaApi->baseHostApiRep, params, streamDir, &self->pcm )' failed in 'src/hostapi/alsa/pa_linux_alsa.c', line: 1904
Expression 'PaAlsaStreamComponent_Initialize( &self->capture, alsaApi, inParams, StreamDirection_In, NULL != callback )' failed in 'src/hostapi/alsa/pa_linux_alsa.c', line: 2171
Expression 'PaAlsaStream_Initialize( stream, alsaHostApi, inputParameters, outputParameters, sampleRate, framesPerBuffer, callback, streamFlags, userData )' failed in 'src/hostapi/alsa/pa_linux_alsa.c', line: 2839
Expression 'ret' failed in 'src/hostapi/alsa/pa_linux_alsa.c', line: 1736
Expression 'AlsaOpen( &alsaApi->baseHostApiRep, params, streamDir, &self->pcm )' failed in 'src/hostapi/alsa/pa_linux_alsa.c', line: 1904
Expression 'PaAlsaStreamComponent_Initialize( &self->capture, alsaApi, inParams, StreamDirection_In, NULL != callback )' failed in 'src/hostapi/alsa/pa_linux_alsa.c', line: 2171
Expression 'PaAlsaStream_Initialize( stream, alsaHostApi, inputParameters, outputParameters, sampleRate, framesPerBuffer, callback, streamFlags, userData )' failed in 'src/hostapi/alsa/pa_linux_alsa.c', line: 2839
Expression 'ret' failed in 'src/hostapi/alsa/pa_linux_alsa.c', line: 1736
Expression 'AlsaOpen( &alsaApi->baseHostApiRep, params, streamDir, &self->pcm )' failed in 'src/hostapi/alsa/pa_linux_alsa.c', line: 1904
Expression 'PaAlsaStreamComponent_Initialize( &self->capture, alsaApi, inParams, StreamDirection_In, NULL != callback )' failed in 'src/hostapi/alsa/pa_linux_alsa.c', line: 2171
Expression 'PaAlsaStream_Initialize( stream, alsaHostApi, inputParameters, outputParameters, sampleRate, framesPerBuffer, callback, streamFlags, userData )' failed in 'src/hostapi/alsa/pa_linux_alsa.c', line: 2839
Expression 'ret' failed in 'src/hostapi/alsa/pa_linux_alsa.c', line: 1736
Expression 'AlsaOpen( &alsaApi->baseHostApiRep, params, streamDir, &self->pcm )' failed in 'src/hostapi/alsa/pa_linux_alsa.c', line: 1904
Expression 'PaAlsaStreamComponent_Initialize( &self->capture, alsaApi, inParams, StreamDirection_In, NULL != callback )' failed in 'src/hostapi/alsa/pa_linux_alsa.c', line: 2171
Expression 'PaAlsaStream_Initialize( stream, alsaHostApi, inputParameters, outputParameters, sampleRate, framesPerBuffer, callback, streamFlags, userData )' failed in 'src/hostapi/alsa/pa_linux_alsa.c', line: 2839
Expression 'ret' failed in 'src/hostapi/alsa/pa_linux_alsa.c', line: 1736
Expression 'AlsaOpen( &alsaApi->baseHostApiRep, params, streamDir, &self->pcm )' failed in 'src/hostapi/alsa/pa_linux_alsa.c', line: 1904
Expression 'PaAlsaStreamComponent_Initialize( &self->capture, alsaApi, inParams, StreamDirection_In, NULL != callback )' failed in 'src/hostapi/alsa/pa_linux_alsa.c', line: 2171
Expression 'PaAlsaStream_Initialize( stream, alsaHostApi, inputParameters, outputParameters, sampleRate, framesPerBuffer, callback, streamFlags, userData )' failed in 'src/hostapi/alsa/pa_linux_alsa.c', line: 2839
Expression 'ret' failed in 'src/hostapi/alsa/pa_linux_alsa.c', line: 1736
Expression 'AlsaOpen( &alsaApi->baseHostApiRep, params, streamDir, &self->pcm )' failed in 'src/hostapi/alsa/pa_linux_alsa.c', line: 1904
Expression 'PaAlsaStreamComponent_Initialize( &self->capture, alsaApi, inParams, StreamDirection_In, NULL != callback )' failed in 'src/hostapi/alsa/pa_linux_alsa.c', line: 2171
Expression 'PaAlsaStream_Initialize( stream, alsaHostApi, inputParameters, outputParameters, sampleRate, framesPerBuffer, callback, streamFlags, userData )' failed in 'src/hostapi/alsa/pa_linux_alsa.c', line: 2839
Expression 'ret' failed in 'src/hostapi/alsa/pa_linux_alsa.c', line: 1736
Expression 'AlsaOpen( &alsaApi->baseHostApiRep, params, streamDir, &self->pcm )' failed in 'src/hostapi/alsa/pa_linux_alsa.c', line: 1904
Expression 'PaAlsaStreamComponent_Initialize( &self->capture, alsaApi, inParams, StreamDirection_In, NULL != callback )' failed in 'src/hostapi/alsa/pa_linux_alsa.c', line: 2171
Expression 'PaAlsaStream_Initialize( stream, alsaHostApi, inputParameters, outputParameters, sampleRate, framesPerBuffer, callback, streamFlags, userData )' failed in 'src/hostapi/alsa/pa_linux_alsa.c', line: 2839
Expression 'ret' failed in 'src/hostapi/alsa/pa_linux_alsa.c', line: 1736
Expression 'AlsaOpen( &alsaApi->baseHostApiRep, params, streamDir, &self->pcm )' failed in 'src/hostapi/alsa/pa_linux_alsa.c', line: 1904
Expression 'PaAlsaStreamComponent_Initialize( &self->capture, alsaApi, inParams, StreamDirection_In, NULL != callback )' failed in 'src/hostapi/alsa/pa_linux_alsa.c', line: 2171
Expression 'PaAlsaStream_Initialize( stream, alsaHostApi, inputParameters, outputParameters, sampleRate, framesPerBuffer, callback, streamFlags, userData )' failed in 'src/hostapi/alsa/pa_linux_alsa.c', line: 2839
Expression 'ret' failed in 'src/hostapi/alsa/pa_linux_alsa.c', line: 1736
Expression 'AlsaOpen( &alsaApi->baseHostApiRep, params, streamDir, &self->pcm )' failed in 'src/hostapi/alsa/pa_linux_alsa.c', line: 1904
Expression 'PaAlsaStreamComponent_Initialize( &self->capture, alsaApi, inParams, StreamDirection_In, NULL != callback )' failed in 'src/hostapi/alsa/pa_linux_alsa.c', line: 2171
Expression 'PaAlsaStream_Initialize( stream, alsaHostApi, inputParameters, outputParameters, sampleRate, framesPerBuffer, callback, streamFlags, userData )' failed in 'src/hostapi/alsa/pa_linux_alsa.c', line: 2839
Expression 'ret' failed in 'src/hostapi/alsa/pa_linux_alsa.c', line: 1736
Expression 'AlsaOpen( &alsaApi->baseHostApiRep, params, streamDir, &self->pcm )' failed in 'src/hostapi/alsa/pa_linux_alsa.c', line: 1904
Expression 'PaAlsaStreamComponent_Initialize( &self->capture, alsaApi, inParams, StreamDirection_In, NULL != callback )' failed in 'src/hostapi/alsa/pa_linux_alsa.c', line: 2171
Expression 'PaAlsaStream_Initialize( stream, alsaHostApi, inputParameters, outputParameters, sampleRate, framesPerBuffer, callback, streamFlags, userData )' failed in 'src/hostapi/alsa/pa_linux_alsa.c', line: 2839
Expression 'ret' failed in 'src/hostapi/alsa/pa_linux_alsa.c', line: 1736
Expression 'AlsaOpen( &alsaApi->baseHostApiRep, params, streamDir, &self->pcm )' failed in 'src/hostapi/alsa/pa_linux_alsa.c', line: 1904
Expression 'PaAlsaStreamComponent_Initialize( &self->capture, alsaApi, inParams, StreamDirection_In, NULL != callback )' failed in 'src/hostapi/alsa/pa_linux_alsa.c', line: 2171
Expression 'PaAlsaStream_Initialize( stream, alsaHostApi, inputParameters, outputParameters, sampleRate, framesPerBuffer, callback, streamFlags, userData )' failed in 'src/hostapi/alsa/pa_linux_alsa.c', line: 2839
Expression 'ret' failed in 'src/hostapi/alsa/pa_linux_alsa.c', line: 1736
Expression 'AlsaOpen( &alsaApi->baseHostApiRep, params, streamDir, &self->pcm )' failed in 'src/hostapi/alsa/pa_linux_alsa.c', line: 1904
Expression 'PaAlsaStreamComponent_Initialize( &self->capture, alsaApi, inParams, StreamDirection_In, NULL != callback )' failed in 'src/hostapi/alsa/pa_linux_alsa.c', line: 2171
Expression 'PaAlsaStream_Initialize( stream, alsaHostApi, inputParameters, outputParameters, sampleRate, framesPerBuffer, callback, streamFlags, userData )' failed in 'src/hostapi/alsa/pa_linux_alsa.c', line: 2839
Expression 'ret' failed in 'src/hostapi/alsa/pa_linux_alsa.c', line: 1736
Expression 'AlsaOpen( &alsaApi->baseHostApiRep, params, streamDir, &self->pcm )' failed in 'src/hostapi/alsa/pa_linux_alsa.c', line: 1904
Expression 'PaAlsaStreamComponent_Initialize( &self->capture, alsaApi, inParams, StreamDirection_In, NULL != callback )' failed in 'src/hostapi/alsa/pa_linux_alsa.c', line: 2171
Expression 'PaAlsaStream_Initialize( stream, alsaHostApi, inputParameters, outputParameters, sampleRate, framesPerBuffer, callback, streamFlags, userData )' failed in 'src/hostapi/alsa/pa_linux_alsa.c', line: 2839
Expression 'ret' failed in 'src/hostapi/alsa/pa_linux_alsa.c', line: 1736
Expression 'AlsaOpen( &alsaApi->baseHostApiRep, params, streamDir, &self->pcm )' failed in 'src/hostapi/alsa/pa_linux_alsa.c', line: 1904
Expression 'PaAlsaStreamComponent_Initialize( &self->capture, alsaApi, inParams, StreamDirection_In, NULL != callback )' failed in 'src/hostapi/alsa/pa_linux_alsa.c', line: 2171
Expression 'PaAlsaStream_Initialize( stream, alsaHostApi, inputParameters, outputParameters, sampleRate, framesPerBuffer, callback, streamFlags, userData )' failed in 'src/hostapi/alsa/pa_linux_alsa.c', line: 2839
Expression 'ret' failed in 'src/hostapi/alsa/pa_linux_alsa.c', line: 1736
Expression 'AlsaOpen( &alsaApi->baseHostApiRep, params, streamDir, &self->pcm )' failed in 'src/hostapi/alsa/pa_linux_alsa.c', line: 1904
Expression 'PaAlsaStreamComponent_Initialize( &self->capture, alsaApi, inParams, StreamDirection_In, NULL != callback )' failed in 'src/hostapi/alsa/pa_linux_alsa.c', line: 2171
Expression 'PaAlsaStream_Initialize( stream, alsaHostApi, inputParameters, outputParameters, sampleRate, framesPerBuffer, callback, streamFlags, userData )' failed in 'src/hostapi/alsa/pa_linux_alsa.c', line: 2839
Expression 'ret' failed in 'src/hostapi/alsa/pa_linux_alsa.c', line: 1736
Expression 'AlsaOpen( &alsaApi->baseHostApiRep, params, streamDir, &self->pcm )' failed in 'src/hostapi/alsa/pa_linux_alsa.c', line: 1904
Expression 'PaAlsaStreamComponent_Initialize( &self->capture, alsaApi, inParams, StreamDirection_In, NULL != callback )' failed in 'src/hostapi/alsa/pa_linux_alsa.c', line: 2171
Expression 'PaAlsaStream_Initialize( stream, alsaHostApi, inputParameters, outputParameters, sampleRate, framesPerBuffer, callback, streamFlags, userData )' failed in 'src/hostapi/alsa/pa_linux_alsa.c', line: 2839
Expression 'ret' failed in 'src/hostapi/alsa/pa_linux_alsa.c', line: 1736
Expression 'AlsaOpen( &alsaApi->baseHostApiRep, params, streamDir, &self->pcm )' failed in 'src/hostapi/alsa/pa_linux_alsa.c', line: 1904
Expression 'PaAlsaStreamComponent_Initialize( &self->capture, alsaApi, inParams, StreamDirection_In, NULL != callback )' failed in 'src/hostapi/alsa/pa_linux_alsa.c', line: 2171
Expression 'PaAlsaStream_Initialize( stream, alsaHostApi, inputParameters, outputParameters, sampleRate, framesPerBuffer, callback, streamFlags, userData )' failed in 'src/hostapi/alsa/pa_linux_alsa.c', line: 2839
Expression 'ret' failed in 'src/hostapi/alsa/pa_linux_alsa.c', line: 1736
Expression 'AlsaOpen( &alsaApi->baseHostApiRep, params, streamDir, &self->pcm )' failed in 'src/hostapi/alsa/pa_linux_alsa.c', line: 1904
Expression 'PaAlsaStreamComponent_Initialize( &self->capture, alsaApi, inParams, StreamDirection_In, NULL != callback )' failed in 'src/hostapi/alsa/pa_linux_alsa.c', line: 2171
Expression 'PaAlsaStream_Initialize( stream, alsaHostApi, inputParameters, outputParameters, sampleRate, framesPerBuffer, callback, streamFlags, userData )' failed in 'src/hostapi/alsa/pa_linux_alsa.c', line: 2839
Expression 'ret' failed in 'src/hostapi/alsa/pa_linux_alsa.c', line: 1736
Expression 'AlsaOpen( &alsaApi->baseHostApiRep, params, streamDir, &self->pcm )' failed in 'src/hostapi/alsa/pa_linux_alsa.c', line: 1904
Expression 'PaAlsaStreamComponent_Initialize( &self->capture, alsaApi, inParams, StreamDirection_In, NULL != callback )' failed in 'src/hostapi/alsa/pa_linux_alsa.c', line: 2171
Expression 'PaAlsaStream_Initialize( stream, alsaHostApi, inputParameters, outputParameters, sampleRate, framesPerBuffer, callback, streamFlags, userData )' failed in 'src/hostapi/alsa/pa_linux_alsa.c', line: 2839
Expression 'ret' failed in 'src/hostapi/alsa/pa_linux_alsa.c', line: 1736
Expression 'AlsaOpen( &alsaApi->baseHostApiRep, params, streamDir, &self->pcm )' failed in 'src/hostapi/alsa/pa_linux_alsa.c', line: 1904
Expression 'PaAlsaStreamComponent_Initialize( &self->capture, alsaApi, inParams, StreamDirection_In, NULL != callback )' failed in 'src/hostapi/alsa/pa_linux_alsa.c', line: 2171
Expression 'PaAlsaStream_Initialize( stream, alsaHostApi, inputParameters, outputParameters, sampleRate, framesPerBuffer, callback, streamFlags, userData )' failed in 'src/hostapi/alsa/pa_linux_alsa.c', line: 2839
Expression 'ret' failed in 'src/hostapi/alsa/pa_linux_alsa.c', line: 1736
Expression 'AlsaOpen( &alsaApi->baseHostApiRep, params, streamDir, &self->pcm )' failed in 'src/hostapi/alsa/pa_linux_alsa.c', line: 1904
Expression 'PaAlsaStreamComponent_Initialize( &self->capture, alsaApi, inParams, StreamDirection_In, NULL != callback )' failed in 'src/hostapi/alsa/pa_linux_alsa.c', line: 2171
Expression 'PaAlsaStream_Initialize( stream, alsaHostApi, inputParameters, outputParameters, sampleRate, framesPerBuffer, callback, streamFlags, userData )' failed in 'src/hostapi/alsa/pa_linux_alsa.c', line: 2839
Expression 'ret' failed in 'src/hostapi/alsa/pa_linux_alsa.c', line: 1736
Expression 'AlsaOpen( &alsaApi->baseHostApiRep, params, streamDir, &self->pcm )' failed in 'src/hostapi/alsa/pa_linux_alsa.c', line: 1904
Expression 'PaAlsaStreamComponent_Initialize( &self->capture, alsaApi, inParams, StreamDirection_In, NULL != callback )' failed in 'src/hostapi/alsa/pa_linux_alsa.c', line: 2171
Expression 'PaAlsaStream_Initialize( stream, alsaHostApi, inputParameters, outputParameters, sampleRate, framesPerBuffer, callback, streamFlags, userData )' failed in 'src/hostapi/alsa/pa_linux_alsa.c', line: 2839
Expression 'ret' failed in 'src/hostapi/alsa/pa_linux_alsa.c', line: 1736
Expression 'AlsaOpen( &alsaApi->baseHostApiRep, params, streamDir, &self->pcm )' failed in 'src/hostapi/alsa/pa_linux_alsa.c', line: 1904
Expression 'PaAlsaStreamComponent_Initialize( &self->capture, alsaApi, inParams, StreamDirection_In, NULL != callback )' failed in 'src/hostapi/alsa/pa_linux_alsa.c', line: 2171
Expression 'PaAlsaStream_Initialize( stream, alsaHostApi, inputParameters, outputParameters, sampleRate, framesPerBuffer, callback, streamFlags, userData )' failed in 'src/hostapi/alsa/pa_linux_alsa.c', line: 2839
Expression 'ret' failed in 'src/hostapi/alsa/pa_linux_alsa.c', line: 1736
Expression 'AlsaOpen( &alsaApi->baseHostApiRep, params, streamDir, &self->pcm )' failed in 'src/hostapi/alsa/pa_linux_alsa.c', line: 1904
Expression 'PaAlsaStreamComponent_Initialize( &self->capture, alsaApi, inParams, StreamDirection_In, NULL != callback )' failed in 'src/hostapi/alsa/pa_linux_alsa.c', line: 2171
Expression 'PaAlsaStream_Initialize( stream, alsaHostApi, inputParameters, outputParameters, sampleRate, framesPerBuffer, callback, streamFlags, userData )' failed in 'src/hostapi/alsa/pa_linux_alsa.c', line: 2839
Expression 'ret' failed in 'src/hostapi/alsa/pa_linux_alsa.c', line: 1736
Expression 'AlsaOpen( &alsaApi->baseHostApiRep, params, streamDir, &self->pcm )' failed in 'src/hostapi/alsa/pa_linux_alsa.c', line: 1904
Expression 'PaAlsaStreamComponent_Initialize( &self->capture, alsaApi, inParams, StreamDirection_In, NULL != callback )' failed in 'src/hostapi/alsa/pa_linux_alsa.c', line: 2171
Expression 'PaAlsaStream_Initialize( stream, alsaHostApi, inputParameters, outputParameters, sampleRate, framesPerBuffer, callback, streamFlags, userData )' failed in 'src/hostapi/alsa/pa_linux_alsa.c', line: 2839
Expression 'ret' failed in 'src/hostapi/alsa/pa_linux_alsa.c', line: 1736
Expression 'AlsaOpen( &alsaApi->baseHostApiRep, params, streamDir, &self->pcm )' failed in 'src/hostapi/alsa/pa_linux_alsa.c', line: 1904
Expression 'PaAlsaStreamComponent_Initialize( &self->capture, alsaApi, inParams, StreamDirection_In, NULL != callback )' failed in 'src/hostapi/alsa/pa_linux_alsa.c', line: 2171
Expression 'PaAlsaStream_Initialize( stream, alsaHostApi, inputParameters, outputParameters, sampleRate, framesPerBuffer, callback, streamFlags, userData )' failed in 'src/hostapi/alsa/pa_linux_alsa.c', line: 2839
Expression 'ret' failed in 'src/hostapi/alsa/pa_linux_alsa.c', line: 1736
Expression 'AlsaOpen( &alsaApi->baseHostApiRep, params, streamDir, &self->pcm )' failed in 'src/hostapi/alsa/pa_linux_alsa.c', line: 1904
Expression 'PaAlsaStreamComponent_Initialize( &self->capture, alsaApi, inParams, StreamDirection_In, NULL != callback )' failed in 'src/hostapi/alsa/pa_linux_alsa.c', line: 2171
Expression 'PaAlsaStream_Initialize( stream, alsaHostApi, inputParameters, outputParameters, sampleRate, framesPerBuffer, callback, streamFlags, userData )' failed in 'src/hostapi/alsa/pa_linux_alsa.c', line: 2839
Expression 'ret' failed in 'src/hostapi/alsa/pa_linux_alsa.c', line: 1736
Expression 'AlsaOpen( &alsaApi->baseHostApiRep, params, streamDir, &self->pcm )' failed in 'src/hostapi/alsa/pa_linux_alsa.c', line: 1904
Expression 'PaAlsaStreamComponent_Initialize( &self->capture, alsaApi, inParams, StreamDirection_In, NULL != callback )' failed in 'src/hostapi/alsa/pa_linux_alsa.c', line: 2171
Expression 'PaAlsaStream_Initialize( stream, alsaHostApi, inputParameters, outputParameters, sampleRate, framesPerBuffer, callback, streamFlags, userData )' failed in 'src/hostapi/alsa/pa_linux_alsa.c', line: 2839
Expression 'ret' failed in 'src/hostapi/alsa/pa_linux_alsa.c', line: 1736
Expression 'AlsaOpen( &alsaApi->baseHostApiRep, params, streamDir, &self->pcm )' failed in 'src/hostapi/alsa/pa_linux_alsa.c', line: 1904
Expression 'PaAlsaStreamComponent_Initialize( &self->capture, alsaApi, inParams, StreamDirection_In, NULL != callback )' failed in 'src/hostapi/alsa/pa_linux_alsa.c', line: 2171
Expression 'PaAlsaStream_Initialize( stream, alsaHostApi, inputParameters, outputParameters, sampleRate, framesPerBuffer, callback, streamFlags, userData )' failed in 'src/hostapi/alsa/pa_linux_alsa.c', line: 2839
Expression 'ret' failed in 'src/hostapi/alsa/pa_linux_alsa.c', line: 1736
Expression 'AlsaOpen( &alsaApi->baseHostApiRep, params, streamDir, &self->pcm )' failed in 'src/hostapi/alsa/pa_linux_alsa.c', line: 1904
Expression 'PaAlsaStreamComponent_Initialize( &self->capture, alsaApi, inParams, StreamDirection_In, NULL != callback )' failed in 'src/hostapi/alsa/pa_linux_alsa.c', line: 2171
Expression 'PaAlsaStream_Initialize( stream, alsaHostApi, inputParameters, outputParameters, sampleRate, framesPerBuffer, callback, streamFlags, userData )' failed in 'src/hostapi/alsa/pa_linux_alsa.c', line: 2839
Expression 'ret' failed in 'src/hostapi/alsa/pa_linux_alsa.c', line: 1736
Expression 'AlsaOpen( &alsaApi->baseHostApiRep, params, streamDir, &self->pcm )' failed in 'src/hostapi/alsa/pa_linux_alsa.c', line: 1904
Expression 'PaAlsaStreamComponent_Initialize( &self->capture, alsaApi, inParams, StreamDirection_In, NULL != callback )' failed in 'src/hostapi/alsa/pa_linux_alsa.c', line: 2171
Expression 'PaAlsaStream_Initialize( stream, alsaHostApi, inputParameters, outputParameters, sampleRate, framesPerBuffer, callback, streamFlags, userData )' failed in 'src/hostapi/alsa/pa_linux_alsa.c', line: 2839
Expression 'ret' failed in 'src/hostapi/alsa/pa_linux_alsa.c', line: 1736
Expression 'AlsaOpen( &alsaApi->baseHostApiRep, params, streamDir, &self->pcm )' failed in 'src/hostapi/alsa/pa_linux_alsa.c', line: 1904
Expression 'PaAlsaStreamComponent_Initialize( &self->capture, alsaApi, inParams, StreamDirection_In, NULL != callback )' failed in 'src/hostapi/alsa/pa_linux_alsa.c', line: 2171
Expression 'PaAlsaStream_Initialize( stream, alsaHostApi, inputParameters, outputParameters, sampleRate, framesPerBuffer, callback, streamFlags, userData )' failed in 'src/hostapi/alsa/pa_linux_alsa.c', line: 2839
Expression 'ret' failed in 'src/hostapi/alsa/pa_linux_alsa.c', line: 1736
Expression 'AlsaOpen( &alsaApi->baseHostApiRep, params, streamDir, &self->pcm )' failed in 'src/hostapi/alsa/pa_linux_alsa.c', line: 1904
Expression 'PaAlsaStreamComponent_Initialize( &self->capture, alsaApi, inParams, StreamDirection_In, NULL != callback )' failed in 'src/hostapi/alsa/pa_linux_alsa.c', line: 2171
Expression 'PaAlsaStream_Initialize( stream, alsaHostApi, inputParameters, outputParameters, sampleRate, framesPerBuffer, callback, streamFlags, userData )' failed in 'src/hostapi/alsa/pa_linux_alsa.c', line: 2839
Expression 'ret' failed in 'src/hostapi/alsa/pa_linux_alsa.c', line: 1736
Expression 'AlsaOpen( &alsaApi->baseHostApiRep, params, streamDir, &self->pcm )' failed in 'src/hostapi/alsa/pa_linux_alsa.c', line: 1904
Expression 'PaAlsaStreamComponent_Initialize( &self->capture, alsaApi, inParams, StreamDirection_In, NULL != callback )' failed in 'src/hostapi/alsa/pa_linux_alsa.c', line: 2171
Expression 'PaAlsaStream_Initialize( stream, alsaHostApi, inputParameters, outputParameters, sampleRate, framesPerBuffer, callback, streamFlags, userData )' failed in 'src/hostapi/alsa/pa_linux_alsa.c', line: 2839
Expression 'ret' failed in 'src/hostapi/alsa/pa_linux_alsa.c', line: 1736
Expression 'AlsaOpen( &alsaApi->baseHostApiRep, params, streamDir, &self->pcm )' failed in 'src/hostapi/alsa/pa_linux_alsa.c', line: 1904
Expression 'PaAlsaStreamComponent_Initialize( &self->capture, alsaApi, inParams, StreamDirection_In, NULL != callback )' failed in 'src/hostapi/alsa/pa_linux_alsa.c', line: 2171
Expression 'PaAlsaStream_Initialize( stream, alsaHostApi, inputParameters, outputParameters, sampleRate, framesPerBuffer, callback, streamFlags, userData )' failed in 'src/hostapi/alsa/pa_linux_alsa.c', line: 2839
Expression 'ret' failed in 'src/hostapi/alsa/pa_linux_alsa.c', line: 1736
Expression 'AlsaOpen( &alsaApi->baseHostApiRep, params, streamDir, &self->pcm )' failed in 'src/hostapi/alsa/pa_linux_alsa.c', line: 1904
Expression 'PaAlsaStreamComponent_Initialize( &self->capture, alsaApi, inParams, StreamDirection_In, NULL != callback )' failed in 'src/hostapi/alsa/pa_linux_alsa.c', line: 2171
Expression 'PaAlsaStream_Initialize( stream, alsaHostApi, inputParameters, outputParameters, sampleRate, framesPerBuffer, callback, streamFlags, userData )' failed in 'src/hostapi/alsa/pa_linux_alsa.c', line: 2839
Expression 'ret' failed in 'src/hostapi/alsa/pa_linux_alsa.c', line: 1736
Expression 'AlsaOpen( &alsaApi->baseHostApiRep, params, streamDir, &self->pcm )' failed in 'src/hostapi/alsa/pa_linux_alsa.c', line: 1904
Expression 'PaAlsaStreamComponent_Initialize( &self->capture, alsaApi, inParams, StreamDirection_In, NULL != callback )' failed in 'src/hostapi/alsa/pa_linux_alsa.c', line: 2171
Expression 'PaAlsaStream_Initialize( stream, alsaHostApi, inputParameters, outputParameters, sampleRate, framesPerBuffer, callback, streamFlags, userData )' failed in 'src/hostapi/alsa/pa_linux_alsa.c', line: 2839
Expression 'ret' failed in 'src/hostapi/alsa/pa_linux_alsa.c', line: 1736
Expression 'AlsaOpen( &alsaApi->baseHostApiRep, params, streamDir, &self->pcm )' failed in 'src/hostapi/alsa/pa_linux_alsa.c', line: 1904
Expression 'PaAlsaStreamComponent_Initialize( &self->capture, alsaApi, inParams, StreamDirection_In, NULL != callback )' failed in 'src/hostapi/alsa/pa_linux_alsa.c', line: 2171
Expression 'PaAlsaStream_Initialize( stream, alsaHostApi, inputParameters, outputParameters, sampleRate, framesPerBuffer, callback, streamFlags, userData )' failed in 'src/hostapi/alsa/pa_linux_alsa.c', line: 2839
Expression 'ret' failed in 'src/hostapi/alsa/pa_linux_alsa.c', line: 1736
Expression 'AlsaOpen( &alsaApi->baseHostApiRep, params, streamDir, &self->pcm )' failed in 'src/hostapi/alsa/pa_linux_alsa.c', line: 1904
Expression 'PaAlsaStreamComponent_Initialize( &self->capture, alsaApi, inParams, StreamDirection_In, NULL != callback )' failed in 'src/hostapi/alsa/pa_linux_alsa.c', line: 2171
Expression 'PaAlsaStream_Initialize( stream, alsaHostApi, inputParameters, outputParameters, sampleRate, framesPerBuffer, callback, streamFlags, userData )' failed in 'src/hostapi/alsa/pa_linux_alsa.c', line: 2839
[Errno -9985] Device unavailable
❌ Mic open error: [Errno -9985] Device unavailable
❌ Mic open error: [Errno -9985] Device unavailable
❌ Mic open error: [Errno -9985] Device unavailable
❌ Mic open error: [Errno -9985] Device unavailable
❌ Mic open error: [Errno -9985] Device unavailable
❌ Mic open error: [Errno -9985] Device unavailable
❌ Mic open error: [Errno -9985] Device unavailable
❌ Mic open error: [Errno -9985] Device unavailable
❌ Mic open error: [Errno -9985] Device unavailable
❌ Mic open error: [Errno -9985] Device unavailable
❌ Mic open error: [Errno -9985] Device unavailable
❌ Mic open error: [Errno -9985] Device unavailable
❌ Mic open error: [Errno -9985] Device unavailable
❌ Mic open error: [Errno -9985] Device unavailable
❌ Mic open error: [Errno -9985] Device unavailable
❌ Mic open error: [Errno -9985] Device unavailable
❌ Mic open error: [Errno -9985] Device unavailable
❌ Mic open error: [Errno -9985] Device unavailable
❌ Mic open error: [Errno -9985] Device unavailable
❌ Mic open error: [Errno -9985] Device unavailable
❌ Mic open error: [Errno -9985] Device unavailable
❌ Mic open error: [Errno -9985] Device unavailable
❌ Mic open error: [Errno -9985] Device unavailable
❌ Mic open error: [Errno -9985] Device unavailable
❌ Mic open error: [Errno -9985] Device unavailable
❌ Mic open error: [Errno -9985] Device unavailable
❌ Mic open error: [Errno -9985] Device unavailable
❌ Mic open error: [Errno -9985] Device unavailable
❌ Mic open error: [Errno -9985] Device unavailable
❌ Mic open error: [Errno -9985] Device unavailable
❌ Mic open error: [Errno -9985] Device unavailable
❌ Mic open error: [Errno -9985] Device unavailable
❌ Mic open error: [Errno -9985] Device unavailable
❌ Mic open error: [Errno -9985] Device unavailable
❌ Mic open error: [Errno -9985] Device unavailable
❌ Mic open error: [Errno -9985] Device unavailable
❌ Mic open error: [Errno -9985] Device unavailable
❌ Mic open error: [Errno -9985] Device unavailable
❌ Mic open error: [Errno -9985] Device unavailable
❌ Mic open error: [Errno -9985] Device unavailable
❌ Mic open error: [Errno -9985] Device unavailable
❌ Mic open error: [Errno -9985] Device unavailable
❌ Mic open error: [Errno -9985] Device unavailable
❌ Mic open error: [Errno -9985] Device unavailable
🎙️ Voice detected (RMS~0.017)
📝 Transcribing audio…
❌ Mic open error: [Errno -9985] Device unavailable
❌ Mic open error: [Errno -9985] Device unavailable
❌ Mic open error: [Errno -9985] Device unavailable
❌ Mic open error: [Errno -9985] Device unavailable
❌ Mic open error: [Errno -9985] Device unavailable
❌ Mic open error: [Errno -9985] Device unavailable
❌ Mic open error: [Errno -9985] Device unavailable
❌ Mic open error: [Errno -9985] Device unavailable
❌ Mic open error: [Errno -9985] Device unavailable
❌ Mic open error: [Errno -9985] Device unavailable
❌ Mic open error: [Errno -9985] Device unavailable
❌ Mic open error: [Errno -9985] Device unavailable
❌ Mic open error: [Errno -9985] Device unavailable
❌ Mic open error: [Errno -9985] Device unavailable
❌ Mic open error: [Errno -9985] Device unavailable
❌ Mic open error: [Errno -9985] Device unavailable
❌ Mic open error: [Errno -9985] Device unavailable
🎙️ Voice detected (RMS~0.041)
📝 Transcribing audio…
🗣️ You said: Make default.
🤖 Generating AI response…
🧠 AI: Default set.
🔊 Playing audio…
🎚️ Played via default
❌ Mic open error: [Errno -9985] Device unavailable
❌ Mic open error: [Errno -9985] Device unavailable
❌ Mic open error: [Errno -9985] Device unavailable
❌ Mic open error: [Errno -9985] Device unavailable
❌ Mic open error: [Errno -9985] Device unavailable
❌ Mic open error: [Errno -9985] Device unavailable
❌ Mic open error: [Errno -9985] Device unavailable
❌ Mic open error: [Errno -9985] Device unavailable
❌ Mic open error: [Errno -9985] Device unavailable
❌ Mic open error: [Errno -9985] Device unavailable
❌ Mic open error: [Errno -9985] Device unavailable
❌ Mic open error: [Errno -9985] Device unavailable
❌ Mic open error: [Errno -9985] Device unavailable
❌ Mic open error: [Errno -9985] Device unavailable
❌ Mic open error: [Errno -9985] Device unavailable
❌ Mic open error: [Errno -9985] Device unavailable
❌ Mic open error: [Errno -9985] Device unavailable
❌ Mic open error: [Errno -9985] Device unavailable
❌ Mic open error: [Errno -9985] Device unavailable
❌ Mic open error: [Errno -9985] Device unavailable
❌ Mic open error: [Errno -9985] Device unavailable
❌ Mic open error: [Errno -9985] Device unavailable
❌ Mic open error: [Errno -9985] Device unavailable
❌ Mic open error: [Errno -9985] Device unavailable
❌ Mic open error: [Errno -9985] Device unavailable
❌ Mic open error: [Errno -9985] Device unavailable
❌ Mic open error: [Errno -9985] Device unavailable
❌ Mic open error: [Errno -9985] Device unavailable
❌ Mic open error: [Errno -9985] Device unavailable
❌ Mic open error: [Errno -9985] Device unavailable
❌ Mic open error: [Errno -9985] Device unavailable
❌ Mic open error: [Errno -9985] Device unavailable
❌ Mic open error: [Errno -9985] Device unavailable
❌ Mic open error: [Errno -9985] Device unavailable
❌ Mic open error: [Errno -9985] Device unavailable
❌ Mic open error: [Errno -9985] Device unavailable
❌ Mic open error: [Errno -9985] Device unavailable
❌ Mic open error: [Errno -9985] Device unavailable
❌ Mic open error: [Errno -9985] Device unavailable
❌ Mic open error: [Errno -9985] Device unavailable
❌ Mic open error: [Errno -9985] Device unavailable
❌ Mic open error: [Errno -9985] Device unavailable
❌ Mic open error: [Errno -9985] Device unavailable
❌ Mic open error: [Errno -9985] Device unavailable
❌ Mic open error: [Errno -9985] Device unavailable
❌ Mic open error: [Errno -9985] Device unavailable
❌ Mic open error: [Errno -9985] Device unavailable
❌ Mic open error: [Errno -9985] Device unavailable
❌ Mic open error: [Errno -9985] Device unavailable
❌ Mic open error: [Errno -9985] Device unavailable
❌ Mic open error: [Errno -9985] Device unavailable
❌ Mic open error: [Errno -9985] Device unavailable
❌ Mic open error: [Errno -9985] Device unavailable
❌ Mic open error: [Errno -9985] Device unavailable
❌ Mic open error: [Errno -9985] Device unavailable
❌ Mic open error: [Errno -9985] Device unavailable
❌ Mic open error: [Errno -9985] Device unavailable
❌ Mic open error: [Errno -9985] Device unavailable
❌ Mic open error: [Errno -9985] Device unavailable
❌ Mic open error: [Errno -9985] Device unavailable
❌ Mic open error: [Errno -9985] Device unavailable
❌ Mic open error: [Errno -9985] Device unavailable
❌ Mic open error: [Errno -9985] Device unavailable
❌ Mic open error: [Errno -9985] Device unavailable
❌ Mic open error: [Errno -9985] Device unavailable
❌ Mic open error: [Errno -9985] Device unavailable
❌ Mic open error: [Errno -9985] Device unavailable
❌ Mic open error: [Errno -9985] Device unavailable
❌ Mic open error: [Errno -9985] Device unavailable
❌ Mic open error: [Errno -9985] Device unavailable
❌ Mic open error: [Errno -9985] Device unavailable
❌ Mic open error: [Errno -9985] Device unavailable
❌ Mic open error: [Errno -9985] Device unavailable
❌ Mic open error: [Errno -9985] Device unavailable
❌ Mic open error: [Errno -9985] Device unavailable
❌ Mic open error: [Errno -9985] Device unavailable
❌ Mic open error: [Errno -9985] Device unavailable
❌ Mic open error: [Errno -9985] Device unavailable
❌ Mic open error: [Errno -9985] Device unavailable
❌ Mic open error: [Errno -9985] Device unavailable
❌ Mic open error: [Errno -9985] Device unavailable
❌ Mic open error: [Errno -9985] Device unavailable
🎙️ Voice detected (RMS~0.013)
📝 Transcribing audio…
❌ Mic open error: [Errno -9985] Device unavailable
❌ Mic open error: [Errno -9985] Device unavailable
❌ Mic open error: [Errno -9985] Device unavailable
❌ Mic open error: [Errno -9985] Device unavailable
❌ Mic open error: Expression 'ret' failed in 'src/hostapi/alsa/pa_linux_alsa.c', line: 1736
Expression 'AlsaOpen( &alsaApi->baseHostApiRep, params, streamDir, &self->pcm )' failed in 'src/hostapi/alsa/pa_linux_alsa.c', line: 1904
Expression 'PaAlsaStreamComponent_Initialize( &self->capture, alsaApi, inParams, StreamDirection_In, NULL != callback )' failed in 'src/hostapi/alsa/pa_linux_alsa.c', line: 2171
Expression 'PaAlsaStream_Initialize( stream, alsaHostApi, inputParameters, outputParameters, sampleRate, framesPerBuffer, callback, streamFlags, userData )' failed in 'src/hostapi/alsa/pa_linux_alsa.c', line: 2839
Expression 'ret' failed in 'src/hostapi/alsa/pa_linux_alsa.c', line: 1736
Expression 'AlsaOpen( &alsaApi->baseHostApiRep, params, streamDir, &self->pcm )' failed in 'src/hostapi/alsa/pa_linux_alsa.c', line: 1904
Expression 'PaAlsaStreamComponent_Initialize( &self->capture, alsaApi, inParams, StreamDirection_In, NULL != callback )' failed in 'src/hostapi/alsa/pa_linux_alsa.c', line: 2171
Expression 'PaAlsaStream_Initialize( stream, alsaHostApi, inputParameters, outputParameters, sampleRate, framesPerBuffer, callback, streamFlags, userData )' failed in 'src/hostapi/alsa/pa_linux_alsa.c', line: 2839
Expression 'ret' failed in 'src/hostapi/alsa/pa_linux_alsa.c', line: 1736
Expression 'AlsaOpen( &alsaApi->baseHostApiRep, params, streamDir, &self->pcm )' failed in 'src/hostapi/alsa/pa_linux_alsa.c', line: 1904
Expression 'PaAlsaStreamComponent_Initialize( &self->capture, alsaApi, inParams, StreamDirection_In, NULL != callback )' failed in 'src/hostapi/alsa/pa_linux_alsa.c', line: 2171
Expression 'PaAlsaStream_Initialize( stream, alsaHostApi, inputParameters, outputParameters, sampleRate, framesPerBuffer, callback, streamFlags, userData )' failed in 'src/hostapi/alsa/pa_linux_alsa.c', line: 2839
Expression 'ret' failed in 'src/hostapi/alsa/pa_linux_alsa.c', line: 1736
Expression 'AlsaOpen( &alsaApi->baseHostApiRep, params, streamDir, &self->pcm )' failed in 'src/hostapi/alsa/pa_linux_alsa.c', line: 1904
Expression 'PaAlsaStreamComponent_Initialize( &self->capture, alsaApi, inParams, StreamDirection_In, NULL != callback )' failed in 'src/hostapi/alsa/pa_linux_alsa.c', line: 2171
Expression 'PaAlsaStream_Initialize( stream, alsaHostApi, inputParameters, outputParameters, sampleRate, framesPerBuffer, callback, streamFlags, userData )' failed in 'src/hostapi/alsa/pa_linux_alsa.c', line: 2839
Expression 'ret' failed in 'src/hostapi/alsa/pa_linux_alsa.c', line: 1736
Expression 'AlsaOpen( &alsaApi->baseHostApiRep, params, streamDir, &self->pcm )' failed in 'src/hostapi/alsa/pa_linux_alsa.c', line: 1904
Expression 'PaAlsaStreamComponent_Initialize( &self->capture, alsaApi, inParams, StreamDirection_In, NULL != callback )' failed in 'src/hostapi/alsa/pa_linux_alsa.c', line: 2171
Expression 'PaAlsaStream_Initialize( stream, alsaHostApi, inputParameters, outputParameters, sampleRate, framesPerBuffer, callback, streamFlags, userData )' failed in 'src/hostapi/alsa/pa_linux_alsa.c', line: 2839
Expression 'ret' failed in 'src/hostapi/alsa/pa_linux_alsa.c', line: 1736
Expression 'AlsaOpen( &alsaApi->baseHostApiRep, params, streamDir, &self->pcm )' failed in 'src/hostapi/alsa/pa_linux_alsa.c', line: 1904
Expression 'PaAlsaStreamComponent_Initialize( &self->capture, alsaApi, inParams, StreamDirection_In, NULL != callback )' failed in 'src/hostapi/alsa/pa_linux_alsa.c', line: 2171
Expression 'PaAlsaStream_Initialize( stream, alsaHostApi, inputParameters, outputParameters, sampleRate, framesPerBuffer, callback, streamFlags, userData )' failed in 'src/hostapi/alsa/pa_linux_alsa.c', line: 2839
Expression 'ret' failed in 'src/hostapi/alsa/pa_linux_alsa.c', line: 1736
Expression 'AlsaOpen( &alsaApi->baseHostApiRep, params, streamDir, &self->pcm )' failed in 'src/hostapi/alsa/pa_linux_alsa.c', line: 1904
Expression 'PaAlsaStreamComponent_Initialize( &self->capture, alsaApi, inParams, StreamDirection_In, NULL != callback )' failed in 'src/hostapi/alsa/pa_linux_alsa.c', line: 2171
Expression 'PaAlsaStream_Initialize( stream, alsaHostApi, inputParameters, outputParameters, sampleRate, framesPerBuffer, callback, streamFlags, userData )' failed in 'src/hostapi/alsa/pa_linux_alsa.c', line: 2839
Expression 'ret' failed in 'src/hostapi/alsa/pa_linux_alsa.c', line: 1736
Expression 'AlsaOpen( &alsaApi->baseHostApiRep, params, streamDir, &self->pcm )' failed in 'src/hostapi/alsa/pa_linux_alsa.c', line: 1904
Expression 'PaAlsaStreamComponent_Initialize( &self->capture, alsaApi, inParams, StreamDirection_In, NULL != callback )' failed in 'src/hostapi/alsa/pa_linux_alsa.c', line: 2171
Expression 'PaAlsaStream_Initialize( stream, alsaHostApi, inputParameters, outputParameters, sampleRate, framesPerBuffer, callback, streamFlags, userData )' failed in 'src/hostapi/alsa/pa_linux_alsa.c', line: 2839
Expression 'ret' failed in 'src/hostapi/alsa/pa_linux_alsa.c', line: 1736
Expression 'AlsaOpen( &alsaApi->baseHostApiRep, params, streamDir, &self->pcm )' failed in 'src/hostapi/alsa/pa_linux_alsa.c', line: 1904
Expression 'PaAlsaStreamComponent_Initialize( &self->capture, alsaApi, inParams, StreamDirection_In, NULL != callback )' failed in 'src/hostapi/alsa/pa_linux_alsa.c', line: 2171
Expression 'PaAlsaStream_Initialize( stream, alsaHostApi, inputParameters, outputParameters, sampleRate, framesPerBuffer, callback, streamFlags, userData )' failed in 'src/hostapi/alsa/pa_linux_alsa.c', line: 2839
Expression 'ret' failed in 'src/hostapi/alsa/pa_linux_alsa.c', line: 1736
Expression 'AlsaOpen( &alsaApi->baseHostApiRep, params, streamDir, &self->pcm )' failed in 'src/hostapi/alsa/pa_linux_alsa.c', line: 1904
Expression 'PaAlsaStreamComponent_Initialize( &self->capture, alsaApi, inParams, StreamDirection_In, NULL != callback )' failed in 'src/hostapi/alsa/pa_linux_alsa.c', line: 2171
Expression 'PaAlsaStream_Initialize( stream, alsaHostApi, inputParameters, outputParameters, sampleRate, framesPerBuffer, callback, streamFlags, userData )' failed in 'src/hostapi/alsa/pa_linux_alsa.c', line: 2839
Expression 'ret' failed in 'src/hostapi/alsa/pa_linux_alsa.c', line: 1736
Expression 'AlsaOpen( &alsaApi->baseHostApiRep, params, streamDir, &self->pcm )' failed in 'src/hostapi/alsa/pa_linux_alsa.c', line: 1904
Expression 'PaAlsaStreamComponent_Initialize( &self->capture, alsaApi, inParams, StreamDirection_In, NULL != callback )' failed in 'src/hostapi/alsa/pa_linux_alsa.c', line: 2171
Expression 'PaAlsaStream_Initialize( stream, alsaHostApi, inputParameters, outputParameters, sampleRate, framesPerBuffer, callback, streamFlags, userData )' failed in 'src/hostapi/alsa/pa_linux_alsa.c', line: 2839
Expression 'ret' failed in 'src/hostapi/alsa/pa_linux_alsa.c', line: 1736
Expression 'AlsaOpen( &alsaApi->baseHostApiRep, params, streamDir, &self->pcm )' failed in 'src/hostapi/alsa/pa_linux_alsa.c', line: 1904
Expression 'PaAlsaStreamComponent_Initialize( &self->capture, alsaApi, inParams, StreamDirection_In, NULL != callback )' failed in 'src/hostapi/alsa/pa_linux_alsa.c', line: 2171
Expression 'PaAlsaStream_Initialize( stream, alsaHostApi, inputParameters, outputParameters, sampleRate, framesPerBuffer, callback, streamFlags, userData )' failed in 'src/hostapi/alsa/pa_linux_alsa.c', line: 2839
Expression 'ret' failed in 'src/hostapi/alsa/pa_linux_alsa.c', line: 1736
Expression 'AlsaOpen( &alsaApi->baseHostApiRep, params, streamDir, &self->pcm )' failed in 'src/hostapi/alsa/pa_linux_alsa.c', line: 1904
Expression 'PaAlsaStreamComponent_Initialize( &self->capture, alsaApi, inParams, StreamDirection_In, NULL != callback )' failed in 'src/hostapi/alsa/pa_linux_alsa.c', line: 2171
Expression 'PaAlsaStream_Initialize( stream, alsaHostApi, inputParameters, outputParameters, sampleRate, framesPerBuffer, callback, streamFlags, userData )' failed in 'src/hostapi/alsa/pa_linux_alsa.c', line: 2839
Expression 'ret' failed in 'src/hostapi/alsa/pa_linux_alsa.c', line: 1736
Expression 'AlsaOpen( &alsaApi->baseHostApiRep, params, streamDir, &self->pcm )' failed in 'src/hostapi/alsa/pa_linux_alsa.c', line: 1904
Expression 'PaAlsaStreamComponent_Initialize( &self->capture, alsaApi, inParams, StreamDirection_In, NULL != callback )' failed in 'src/hostapi/alsa/pa_linux_alsa.c', line: 2171
Expression 'PaAlsaStream_Initialize( stream, alsaHostApi, inputParameters, outputParameters, sampleRate, framesPerBuffer, callback, streamFlags, userData )' failed in 'src/hostapi/alsa/pa_linux_alsa.c', line: 2839
Expression 'ret' failed in 'src/hostapi/alsa/pa_linux_alsa.c', line: 1736
Expression 'AlsaOpen( &alsaApi->baseHostApiRep, params, streamDir, &self->pcm )' failed in 'src/hostapi/alsa/pa_linux_alsa.c', line: 1904
Expression 'PaAlsaStreamComponent_Initialize( &self->capture, alsaApi, inParams, StreamDirection_In, NULL != callback )' failed in 'src/hostapi/alsa/pa_linux_alsa.c', line: 2171
Expression 'PaAlsaStream_Initialize( stream, alsaHostApi, inputParameters, outputParameters, sampleRate, framesPerBuffer, callback, streamFlags, userData )' failed in 'src/hostapi/alsa/pa_linux_alsa.c', line: 2839
Expression 'ret' failed in 'src/hostapi/alsa/pa_linux_alsa.c', line: 1736
Expression 'AlsaOpen( &alsaApi->baseHostApiRep, params, streamDir, &self->pcm )' failed in 'src/hostapi/alsa/pa_linux_alsa.c', line: 1904
Expression 'PaAlsaStreamComponent_Initialize( &self->capture, alsaApi, inParams, StreamDirection_In, NULL != callback )' failed in 'src/hostapi/alsa/pa_linux_alsa.c', line: 2171
Expression 'PaAlsaStream_Initialize( stream, alsaHostApi, inputParameters, outputParameters, sampleRate, framesPerBuffer, callback, streamFlags, userData )' failed in 'src/hostapi/alsa/pa_linux_alsa.c', line: 2839
Expression 'ret' failed in 'src/hostapi/alsa/pa_linux_alsa.c', line: 1736
Expression 'AlsaOpen( &alsaApi->baseHostApiRep, params, streamDir, &self->pcm )' failed in 'src/hostapi/alsa/pa_linux_alsa.c', line: 1904
Expression 'PaAlsaStreamComponent_Initialize( &self->capture, alsaApi, inParams, StreamDirection_In, NULL != callback )' failed in 'src/hostapi/alsa/pa_linux_alsa.c', line: 2171
Expression 'PaAlsaStream_Initialize( stream, alsaHostApi, inputParameters, outputParameters, sampleRate, framesPerBuffer, callback, streamFlags, userData )' failed in 'src/hostapi/alsa/pa_linux_alsa.c', line: 2839
Expression 'ret' failed in 'src/hostapi/alsa/pa_linux_alsa.c', line: 1736
Expression 'AlsaOpen( &alsaApi->baseHostApiRep, params, streamDir, &self->pcm )' failed in 'src/hostapi/alsa/pa_linux_alsa.c', line: 1904
Expression 'PaAlsaStreamComponent_Initialize( &self->capture, alsaApi, inParams, StreamDirection_In, NULL != callback )' failed in 'src/hostapi/alsa/pa_linux_alsa.c', line: 2171
Expression 'PaAlsaStream_Initialize( stream, alsaHostApi, inputParameters, outputParameters, sampleRate, framesPerBuffer, callback, streamFlags, userData )' failed in 'src/hostapi/alsa/pa_linux_alsa.c', line: 2839
Expression 'ret' failed in 'src/hostapi/alsa/pa_linux_alsa.c', line: 1736
Expression 'AlsaOpen( &alsaApi->baseHostApiRep, params, streamDir, &self->pcm )' failed in 'src/hostapi/alsa/pa_linux_alsa.c', line: 1904
Expression 'PaAlsaStreamComponent_Initialize( &self->capture, alsaApi, inParams, StreamDirection_In, NULL != callback )' failed in 'src/hostapi/alsa/pa_linux_alsa.c', line: 2171
Expression 'PaAlsaStream_Initialize( stream, alsaHostApi, inputParameters, outputParameters, sampleRate, framesPerBuffer, callback, streamFlags, userData )' failed in 'src/hostapi/alsa/pa_linux_alsa.c', line: 2839
Expression 'ret' failed in 'src/hostapi/alsa/pa_linux_alsa.c', line: 1736
Expression 'AlsaOpen( &alsaApi->baseHostApiRep, params, streamDir, &self->pcm )' failed in 'src/hostapi/alsa/pa_linux_alsa.c', line: 1904
Expression 'PaAlsaStreamComponent_Initialize( &self->capture, alsaApi, inParams, StreamDirection_In, NULL != callback )' failed in 'src/hostapi/alsa/pa_linux_alsa.c', line: 2171
Expression 'PaAlsaStream_Initialize( stream, alsaHostApi, inputParameters, outputParameters, sampleRate, framesPerBuffer, callback, streamFlags, userData )' failed in 'src/hostapi/alsa/pa_linux_alsa.c', line: 2839
Expression 'ret' failed in 'src/hostapi/alsa/pa_linux_alsa.c', line: 1736
Expression 'AlsaOpen( &alsaApi->baseHostApiRep, params, streamDir, &self->pcm )' failed in 'src/hostapi/alsa/pa_linux_alsa.c', line: 1904
Expression 'PaAlsaStreamComponent_Initialize( &self->capture, alsaApi, inParams, StreamDirection_In, NULL != callback )' failed in 'src/hostapi/alsa/pa_linux_alsa.c', line: 2171
Expression 'PaAlsaStream_Initialize( stream, alsaHostApi, inputParameters, outputParameters, sampleRate, framesPerBuffer, callback, streamFlags, userData )' failed in 'src/hostapi/alsa/pa_linux_alsa.c', line: 2839
Expression 'ret' failed in 'src/hostapi/alsa/pa_linux_alsa.c', line: 1736
Expression 'AlsaOpen( &alsaApi->baseHostApiRep, params, streamDir, &self->pcm )' failed in 'src/hostapi/alsa/pa_linux_alsa.c', line: 1904
Expression 'PaAlsaStreamComponent_Initialize( &self->capture, alsaApi, inParams, StreamDirection_In, NULL != callback )' failed in 'src/hostapi/alsa/pa_linux_alsa.c', line: 2171
Expression 'PaAlsaStream_Initialize( stream, alsaHostApi, inputParameters, outputParameters, sampleRate, framesPerBuffer, callback, streamFlags, userData )' failed in 'src/hostapi/alsa/pa_linux_alsa.c', line: 2839
Expression 'ret' failed in 'src/hostapi/alsa/pa_linux_alsa.c', line: 1736
Expression 'AlsaOpen( &alsaApi->baseHostApiRep, params, streamDir, &self->pcm )' failed in 'src/hostapi/alsa/pa_linux_alsa.c', line: 1904
Expression 'PaAlsaStreamComponent_Initialize( &self->capture, alsaApi, inParams, StreamDirection_In, NULL != callback )' failed in 'src/hostapi/alsa/pa_linux_alsa.c', line: 2171
Expression 'PaAlsaStream_Initialize( stream, alsaHostApi, inputParameters, outputParameters, sampleRate, framesPerBuffer, callback, streamFlags, userData )' failed in 'src/hostapi/alsa/pa_linux_alsa.c', line: 2839
xcb_connection_has_error() returned true
xcb_connection_has_error() returned true
xcb_connection_has_error() returned true
xcb_connection_has_error() returned true
xcb_connection_has_error() returned true
xcb_connection_has_error() returned true
xcb_connection_has_error() returned true
xcb_connection_has_error() returned true
xcb_connection_has_error() returned true
xcb_connection_has_error() returned true
Expression 'ret' failed in 'src/hostapi/alsa/pa_linux_alsa.c', line: 1736
Expression 'AlsaOpen( &alsaApi->baseHostApiRep, params, streamDir, &self->pcm )' failed in 'src/hostapi/alsa/pa_linux_alsa.c', line: 1904
Expression 'PaAlsaStreamComponent_Initialize( &self->capture, alsaApi, inParams, StreamDirection_In, NULL != callback )' failed in 'src/hostapi/alsa/pa_linux_alsa.c', line: 2171
Expression 'PaAlsaStream_Initialize( stream, alsaHostApi, inputParameters, outputParameters, sampleRate, framesPerBuffer, callback, streamFlags, userData )' failed in 'src/hostapi/alsa/pa_linux_alsa.c', line: 2839
Expression 'ret' failed in 'src/hostapi/alsa/pa_linux_alsa.c', line: 1736
Expression 'AlsaOpen( &alsaApi->baseHostApiRep, params, streamDir, &self->pcm )' failed in 'src/hostapi/alsa/pa_linux_alsa.c', line: 1904
Expression 'PaAlsaStreamComponent_Initialize( &self->capture, alsaApi, inParams, StreamDirection_In, NULL != callback )' failed in 'src/hostapi/alsa/pa_linux_alsa.c', line: 2171
Expression 'PaAlsaStream_Initialize( stream, alsaHostApi, inputParameters, outputParameters, sampleRate, framesPerBuffer, callback, streamFlags, userData )' failed in 'src/hostapi/alsa/pa_linux_alsa.c', line: 2839
Expression 'ret' failed in 'src/hostapi/alsa/pa_linux_alsa.c', line: 1736
Expression 'AlsaOpen( &alsaApi->baseHostApiRep, params, streamDir, &self->pcm )' failed in 'src/hostapi/alsa/pa_linux_alsa.c', line: 1904
Expression 'PaAlsaStreamComponent_Initialize( &self->capture, alsaApi, inParams, StreamDirection_In, NULL != callback )' failed in 'src/hostapi/alsa/pa_linux_alsa.c', line: 2171
Expression 'PaAlsaStream_Initialize( stream, alsaHostApi, inputParameters, outputParameters, sampleRate, framesPerBuffer, callback, streamFlags, userData )' failed in 'src/hostapi/alsa/pa_linux_alsa.c', line: 2839
Expression 'ret' failed in 'src/hostapi/alsa/pa_linux_alsa.c', line: 1736
Expression 'AlsaOpen( &alsaApi->baseHostApiRep, params, streamDir, &self->pcm )' failed in 'src/hostapi/alsa/pa_linux_alsa.c', line: 1904
Expression 'PaAlsaStreamComponent_Initialize( &self->capture, alsaApi, inParams, StreamDirection_In, NULL != callback )' failed in 'src/hostapi/alsa/pa_linux_alsa.c', line: 2171
Expression 'PaAlsaStream_Initialize( stream, alsaHostApi, inputParameters, outputParameters, sampleRate, framesPerBuffer, callback, streamFlags, userData )' failed in 'src/hostapi/alsa/pa_linux_alsa.c', line: 2839
Expression 'ret' failed in 'src/hostapi/alsa/pa_linux_alsa.c', line: 1736
Expression 'AlsaOpen( &alsaApi->baseHostApiRep, params, streamDir, &self->pcm )' failed in 'src/hostapi/alsa/pa_linux_alsa.c', line: 1904
Expression 'PaAlsaStreamComponent_Initialize( &self->capture, alsaApi, inParams, StreamDirection_In, NULL != callback )' failed in 'src/hostapi/alsa/pa_linux_alsa.c', line: 2171
Expression 'PaAlsaStream_Initialize( stream, alsaHostApi, inputParameters, outputParameters, sampleRate, framesPerBuffer, callback, streamFlags, userData )' failed in 'src/hostapi/alsa/pa_linux_alsa.c', line: 2839
Expression 'ret' failed in 'src/hostapi/alsa/pa_linux_alsa.c', line: 1736
Expression 'AlsaOpen( &alsaApi->baseHostApiRep, params, streamDir, &self->pcm )' failed in 'src/hostapi/alsa/pa_linux_alsa.c', line: 1904
Expression 'PaAlsaStreamComponent_Initialize( &self->capture, alsaApi, inParams, StreamDirection_In, NULL != callback )' failed in 'src/hostapi/alsa/pa_linux_alsa.c', line: 2171
Expression 'PaAlsaStream_Initialize( stream, alsaHostApi, inputParameters, outputParameters, sampleRate, framesPerBuffer, callback, streamFlags, userData )' failed in 'src/hostapi/alsa/pa_linux_alsa.c', line: 2839
Expression 'ret' failed in 'src/hostapi/alsa/pa_linux_alsa.c', line: 1736
Expression 'AlsaOpen( &alsaApi->baseHostApiRep, params, streamDir, &self->pcm )' failed in 'src/hostapi/alsa/pa_linux_alsa.c', line: 1904
Expression 'PaAlsaStreamComponent_Initialize( &self->capture, alsaApi, inParams, StreamDirection_In, NULL != callback )' failed in 'src/hostapi/alsa/pa_linux_alsa.c', line: 2171
Expression 'PaAlsaStream_Initialize( stream, alsaHostApi, inputParameters, outputParameters, sampleRate, framesPerBuffer, callback, streamFlags, userData )' failed in 'src/hostapi/alsa/pa_linux_alsa.c', line: 2839
XIO:  fatal IO error 0 (Success) on X server ":1"
      after 3882 requests (3882 known processed) with 12 events remaining.

==== Fri Sep  5 12:51:15 AM UTC 2025 avatar-autostart ====
xset:  unable to open display "11"
xset:  unable to open display "11"
xset:  unable to open display "11"
Error: Can't open display: (null)
Failed creating new xdo instance

** (gnome-session-inhibit:22701): WARNING **: 00:51:16.150: Failed to call Inhibit: GDBus.Error:org.freedesktop.DBus.Error.ServiceUnknown: The name org.gnome.SessionManager was not provided by any .service files

Error: Can't open display: (null)
Failed creating new xdo instance
Error: Can't open display: (null)
Failed creating new xdo instance
Error: Can't open display: (null)
Failed creating new xdo instance
Error: Can't open display: (null)
Failed creating new xdo instance
Error: Can't open display: (null)
Failed creating new xdo instance
Error: Can't open display: (null)
Failed creating new xdo instance
Error: Can't open display: (null)
Failed creating new xdo instance
Error: Can't open display: (null)
Failed creating new xdo instance
Error: Can't open display: (null)
Failed creating new xdo instance
Error: Can't open display: (null)
Failed creating new xdo instance
Error: Can't open display: (null)
Failed creating new xdo instance
Error: Can't open display: (null)
Failed creating new xdo instance
Error: Can't open display: (null)
Failed creating new xdo instance
Error: Can't open display: (null)
Failed creating new xdo instance
Error: Can't open display: (null)
Failed creating new xdo instance
Error: Can't open display: (null)
Failed creating new xdo instance
Error: Can't open display: (null)
Failed creating new xdo instance
Error: Can't open display: (null)
Failed creating new xdo instance
Error: Can't open display: (null)
Failed creating new xdo instance
Error: Can't open display: (null)
Failed creating new xdo instance
Error: Can't open display: (null)
Failed creating new xdo instance
Error: Can't open display: (null)
Failed creating new xdo instance
Error: Can't open display: (null)
Failed creating new xdo instance
Error: Can't open display: (null)
Failed creating new xdo instance
Error: Can't open display: (null)
Failed creating new xdo instance

==== Fri Sep  5 01:21:43 AM UTC 2025 avatar-autostart ====
xset:  unable to open display "12"
xset:  unable to open display "12"
xset:  unable to open display "12"
Error: Can't open display: (null)
Failed creating new xdo instance

** (gnome-session-inhibit:25256): WARNING **: 01:21:43.594: Failed to call Inhibit: GDBus.Error:org.freedesktop.DBus.Error.ServiceUnknown: The name org.gnome.SessionManager was not provided by any .service files

Error: Can't open display: (null)
Failed creating new xdo instance
Error: Can't open display: (null)
Failed creating new xdo instance
Error: Can't open display: (null)
Failed creating new xdo instance
Error: Can't open display: (null)
Failed creating new xdo instance
Error: Can't open display: (null)
Failed creating new xdo instance
Error: Can't open display: (null)
Failed creating new xdo instance
Error: Can't open display: (null)
Failed creating new xdo instance
Error: Can't open display: (null)
Failed creating new xdo instance
Error: Can't open display: (null)
Failed creating new xdo instance
Error: Can't open display: (null)
Failed creating new xdo instance
Error: Can't open display: (null)
Failed creating new xdo instance
Error: Can't open display: (null)
Failed creating new xdo instance
Error: Can't open display: (null)
Failed creating new xdo instance
Error: Can't open display: (null)
Failed creating new xdo instance
Error: Can't open display: (null)
Failed creating new xdo instance
Error: Can't open display: (null)
Failed creating new xdo instance
Error: Can't open display: (null)
Failed creating new xdo instance
Error: Can't open display: (null)
Failed creating new xdo instance
Error: Can't open display: (null)
Failed creating new xdo instance
Error: Can't open display: (null)
Failed creating new xdo instance
Error: Can't open display: (null)
Failed creating new xdo instance
Error: Can't open display: (null)
Failed creating new xdo instance
Error: Can't open display: (null)
Failed creating new xdo instance
Error: Can't open display: (null)
Failed creating new xdo instance
Error: Can't open display: (null)
Failed creating new xdo instance
Error: Can't open display: (null)
Failed creating new xdo instance
Error: Can't open display: (null)
Failed creating new xdo instance
Error: Can't open display: (null)
Failed creating new xdo instance
Error: Can't open display: (null)
Failed creating new xdo instance

==== Fri Sep  5 01:22:16 AM UTC 2025 avatar-autostart ====
xset:  unable to open display "12"
xset:  unable to open display "12"
xset:  unable to open display "12"
Error: Can't open display: (null)
Failed creating new xdo instance

** (gnome-session-inhibit:25440): WARNING **: 01:22:16.156: Failed to call Inhibit: GDBus.Error:org.freedesktop.DBus.Error.ServiceUnknown: The name org.gnome.SessionManager was not provided by any .service files

Error: Can't open display: (null)
Failed creating new xdo instance
Error: Can't open display: (null)
Failed creating new xdo instance
Error: Can't open display: (null)
Failed creating new xdo instance
Error: Can't open display: (null)
Failed creating new xdo instance
Error: Can't open display: (null)
Failed creating new xdo instance
Error: Can't open display: (null)
Failed creating new xdo instance
Error: Can't open display: (null)
Failed creating new xdo instance
Error: Can't open display: (null)
Failed creating new xdo instance
Error: Can't open display: (null)
Failed creating new xdo instance
Error: Can't open display: (null)
Failed creating new xdo instance
Error: Can't open display: (null)
Failed creating new xdo instance
Error: Can't open display: (null)
Failed creating new xdo instance
Error: Can't open display: (null)
Failed creating new xdo instance
Error: Can't open display: (null)
Failed creating new xdo instance
Error: Can't open display: (null)
Failed creating new xdo instance
Error: Can't open display: (null)
Failed creating new xdo instance
Error: Can't open display: (null)
Failed creating new xdo instance
Error: Can't open display: (null)
Failed creating new xdo instance
Error: Can't open display: (null)
Failed creating new xdo instance
Error: Can't open display: (null)
Failed creating new xdo instance
Error: Can't open display: (null)
Failed creating new xdo instance
Error: Can't open display: (null)
Failed creating new xdo instance
Error: Can't open display: (null)
Failed creating new xdo instance
Error: Can't open display: (null)
Failed creating new xdo instance
Error: Can't open display: (null)
Failed creating new xdo instance
Error: Can't open display: (null)
Failed creating new xdo instance
Error: Can't open display: (null)
Failed creating new xdo instance
Error: Can't open display: (null)
Failed creating new xdo instance
Error: Can't open display: (null)
Failed creating new xdo instance

==== Fri Sep  5 01:22:48 AM UTC 2025 avatar-autostart ====
xset:  unable to open display "12"
xset:  unable to open display "12"
xset:  unable to open display "12"
Error: Can't open display: (null)
Failed creating new xdo instance

** (gnome-session-inhibit:25623): WARNING **: 01:22:48.652: Failed to call Inhibit: GDBus.Error:org.freedesktop.DBus.Error.ServiceUnknown: The name org.gnome.SessionManager was not provided by any .service files

Error: Can't open display: (null)
Failed creating new xdo instance
Error: Can't open display: (null)
Failed creating new xdo instance
Error: Can't open display: (null)
Failed creating new xdo instance
Error: Can't open display: (null)
Failed creating new xdo instance
Error: Can't open display: (null)
Failed creating new xdo instance
Error: Can't open display: (null)
Failed creating new xdo instance
Error: Can't open display: (null)
Failed creating new xdo instance
Error: Can't open display: (null)
Failed creating new xdo instance
Error: Can't open display: (null)
Failed creating new xdo instance
Error: Can't open display: (null)
Failed creating new xdo instance
Error: Can't open display: (null)
Failed creating new xdo instance
Error: Can't open display: (null)
Failed creating new xdo instance
Error: Can't open display: (null)
Failed creating new xdo instance
Error: Can't open display: (null)
Failed creating new xdo instance
Error: Can't open display: (null)
Failed creating new xdo instance
Error: Can't open display: (null)
Failed creating new xdo instance
Error: Can't open display: (null)
Failed creating new xdo instance
Error: Can't open display: (null)
Failed creating new xdo instance
Error: Can't open display: (null)
Failed creating new xdo instance
Error: Can't open display: (null)
Failed creating new xdo instance
Error: Can't open display: (null)
Failed creating new xdo instance
Error: Can't open display: (null)
Failed creating new xdo instance
Error: Can't open display: (null)
Failed creating new xdo instance
Error: Can't open display: (null)
Failed creating new xdo instance
Error: Can't open display: (null)
Failed creating new xdo instance
Error: Can't open display: (null)
Failed creating new xdo instance
Error: Can't open display: (null)
Failed creating new xdo instance
Error: Can't open display: (null)
Failed creating new xdo instance
Error: Can't open display: (null)
Failed creating new xdo instance

==== Fri Sep  5 01:23:21 AM UTC 2025 avatar-autostart ====
xset:  unable to open display "12"
xset:  unable to open display "12"
xset:  unable to open display "12"
Error: Can't open display: (null)
Failed creating new xdo instance

** (gnome-session-inhibit:25812): WARNING **: 01:23:21.155: Failed to call Inhibit: GDBus.Error:org.freedesktop.DBus.Error.ServiceUnknown: The name org.gnome.SessionManager was not provided by any .service files

Error: Can't open display: (null)
Failed creating new xdo instance
Error: Can't open display: (null)
Failed creating new xdo instance
Error: Can't open display: (null)
Failed creating new xdo instance
Error: Can't open display: (null)
Failed creating new xdo instance
Error: Can't open display: (null)
Failed creating new xdo instance
Error: Can't open display: (null)
Failed creating new xdo instance
Error: Can't open display: (null)
Failed creating new xdo instance
Error: Can't open display: (null)
Failed creating new xdo instance
Error: Can't open display: (null)
Failed creating new xdo instance
Error: Can't open display: (null)
Failed creating new xdo instance
Error: Can't open display: (null)
Failed creating new xdo instance
Error: Can't open display: (null)
Failed creating new xdo instance
Error: Can't open display: (null)
Failed creating new xdo instance
Error: Can't open display: (null)
Failed creating new xdo instance
Error: Can't open display: (null)
Failed creating new xdo instance
Error: Can't open display: (null)
Failed creating new xdo instance
Error: Can't open display: (null)
Failed creating new xdo instance
Error: Can't open display: (null)
Failed creating new xdo instance
Error: Can't open display: (null)
Failed creating new xdo instance
Error: Can't open display: (null)
Failed creating new xdo instance
Error: Can't open display: (null)
Failed creating new xdo instance
Error: Can't open display: (null)
Failed creating new xdo instance
Error: Can't open display: (null)
Failed creating new xdo instance
Error: Can't open display: (null)
Failed creating new xdo instance
Error: Can't open display: (null)
Failed creating new xdo instance
Error: Can't open display: (null)
Failed creating new xdo instance
Error: Can't open display: (null)
Failed creating new xdo instance
Error: Can't open display: (null)
Failed creating new xdo instance
Error: Can't open display: (null)
Failed creating new xdo instance

==== Fri Sep  5 01:23:53 AM UTC 2025 avatar-autostart ====
xset:  unable to open display "12"
xset:  unable to open display "12"
xset:  unable to open display "12"
Error: Can't open display: (null)
Failed creating new xdo instance

** (gnome-session-inhibit:25995): WARNING **: 01:23:53.652: Failed to call Inhibit: GDBus.Error:org.freedesktop.DBus.Error.ServiceUnknown: The name org.gnome.SessionManager was not provided by any .service files

Error: Can't open display: (null)
Failed creating new xdo instance
Error: Can't open display: (null)
Failed creating new xdo instance
Error: Can't open display: (null)
Failed creating new xdo instance
Error: Can't open display: (null)
Failed creating new xdo instance
Error: Can't open display: (null)
Failed creating new xdo instance
Error: Can't open display: (null)
Failed creating new xdo instance
Error: Can't open display: (null)
Failed creating new xdo instance
Error: Can't open display: (null)
Failed creating new xdo instance
Error: Can't open display: (null)
Failed creating new xdo instance
Error: Can't open display: (null)
Failed creating new xdo instance
Error: Can't open display: (null)
Failed creating new xdo instance
Error: Can't open display: (null)
Failed creating new xdo instance
Error: Can't open display: (null)
Failed creating new xdo instance
Error: Can't open display: (null)
Failed creating new xdo instance
Error: Can't open display: (null)
Failed creating new xdo instance
Error: Can't open display: (null)
Failed creating new xdo instance
Error: Can't open display: (null)
Failed creating new xdo instance
Error: Can't open display: (null)
Failed creating new xdo instance
Error: Can't open display: (null)
Failed creating new xdo instance
Error: Can't open display: (null)
Failed creating new xdo instance
Error: Can't open display: (null)
Failed creating new xdo instance
Error: Can't open display: (null)
Failed creating new xdo instance
Error: Can't open display: (null)
Failed creating new xdo instance
Error: Can't open display: (null)
Failed creating new xdo instance
Error: Can't open display: (null)
Failed creating new xdo instance
Error: Can't open display: (null)
Failed creating new xdo instance
Error: Can't open display: (null)
Failed creating new xdo instance
Error: Can't open display: (null)
Failed creating new xdo instance
Error: Can't open display: (null)
Failed creating new xdo instance

==== Fri Sep  5 01:24:26 AM UTC 2025 avatar-autostart ====
xset:  unable to open display "12"
xset:  unable to open display "12"
xset:  unable to open display "12"
Error: Can't open display: (null)
Failed creating new xdo instance

** (gnome-session-inhibit:26181): WARNING **: 01:24:26.155: Failed to call Inhibit: GDBus.Error:org.freedesktop.DBus.Error.ServiceUnknown: The name org.gnome.SessionManager was not provided by any .service files

Error: Can't open display: (null)
Failed creating new xdo instance
Error: Can't open display: (null)
Failed creating new xdo instance
Error: Can't open display: (null)
Failed creating new xdo instance
Error: Can't open display: (null)
Failed creating new xdo instance
Error: Can't open display: (null)
Failed creating new xdo instance
Error: Can't open display: (null)
Failed creating new xdo instance
Error: Can't open display: (null)
Failed creating new xdo instance
Error: Can't open display: (null)
Failed creating new xdo instance
Error: Can't open display: (null)
Failed creating new xdo instance
Error: Can't open display: (null)
Failed creating new xdo instance
Error: Can't open display: (null)
Failed creating new xdo instance
Error: Can't open display: (null)
Failed creating new xdo instance
Error: Can't open display: (null)
Failed creating new xdo instance
Error: Can't open display: (null)
Failed creating new xdo instance
Error: Can't open display: (null)
Failed creating new xdo instance
Error: Can't open display: (null)
Failed creating new xdo instance
Error: Can't open display: (null)
Failed creating new xdo instance
Error: Can't open display: (null)
Failed creating new xdo instance
Error: Can't open display: (null)
Failed creating new xdo instance
Error: Can't open display: (null)
Failed creating new xdo instance
Error: Can't open display: (null)
Failed creating new xdo instance
Error: Can't open display: (null)
Failed creating new xdo instance
Error: Can't open display: (null)
Failed creating new xdo instance
Error: Can't open display: (null)
Failed creating new xdo instance
Error: Can't open display: (null)
Failed creating new xdo instance
Error: Can't open display: (null)
Failed creating new xdo instance
Error: Can't open display: (null)
Failed creating new xdo instance
Error: Can't open display: (null)
Failed creating new xdo instance
Error: Can't open display: (null)
Failed creating new xdo instance

==== Fri Sep  5 01:24:58 AM UTC 2025 avatar-autostart ====
xset:  unable to open display "12"
xset:  unable to open display "12"
xset:  unable to open display "12"
Error: Can't open display: (null)
Failed creating new xdo instance

** (gnome-session-inhibit:26364): WARNING **: 01:24:58.664: Failed to call Inhibit: GDBus.Error:org.freedesktop.DBus.Error.ServiceUnknown: The name org.gnome.SessionManager was not provided by any .service files

Error: Can't open display: (null)
Failed creating new xdo instance
Error: Can't open display: (null)
Failed creating new xdo instance
Error: Can't open display: (null)
Failed creating new xdo instance
Error: Can't open display: (null)
Failed creating new xdo instance
Error: Can't open display: (null)
Failed creating new xdo instance
Error: Can't open display: (null)
Failed creating new xdo instance
Error: Can't open display: (null)
Failed creating new xdo instance
Error: Can't open display: (null)
Failed creating new xdo instance
Error: Can't open display: (null)
Failed creating new xdo instance
Error: Can't open display: (null)
Failed creating new xdo instance
Error: Can't open display: (null)
Failed creating new xdo instance
Error: Can't open display: (null)
Failed creating new xdo instance
Error: Can't open display: (null)
Failed creating new xdo instance
Error: Can't open display: (null)
Failed creating new xdo instance
Error: Can't open display: (null)
Failed creating new xdo instance
Error: Can't open display: (null)
Failed creating new xdo instance
Error: Can't open display: (null)
Failed creating new xdo instance
Error: Can't open display: (null)
Failed creating new xdo instance
Error: Can't open display: (null)
Failed creating new xdo instance
Error: Can't open display: (null)
Failed creating new xdo instance
Error: Can't open display: (null)
Failed creating new xdo instance
Error: Can't open display: (null)
Failed creating new xdo instance
Error: Can't open display: (null)
Failed creating new xdo instance
Error: Can't open display: (null)
Failed creating new xdo instance
Error: Can't open display: (null)
Failed creating new xdo instance
Error: Can't open display: (null)
Failed creating new xdo instance
Error: Can't open display: (null)
Failed creating new xdo instance
Error: Can't open display: (null)
Failed creating new xdo instance
Error: Can't open display: (null)
Failed creating new xdo instance

==== Fri Sep  5 01:25:31 AM UTC 2025 avatar-autostart ====
xset:  unable to open display "12"
xset:  unable to open display "12"
xset:  unable to open display "12"
Error: Can't open display: (null)
Failed creating new xdo instance

** (gnome-session-inhibit:26556): WARNING **: 01:25:31.157: Failed to call Inhibit: GDBus.Error:org.freedesktop.DBus.Error.ServiceUnknown: The name org.gnome.SessionManager was not provided by any .service files

Error: Can't open display: (null)
Failed creating new xdo instance
Error: Can't open display: (null)
Failed creating new xdo instance
Error: Can't open display: (null)
Failed creating new xdo instance
Error: Can't open display: (null)
Failed creating new xdo instance
Error: Can't open display: (null)
Failed creating new xdo instance
Error: Can't open display: (null)
Failed creating new xdo instance
Error: Can't open display: (null)
Failed creating new xdo instance
Error: Can't open display: (null)
Failed creating new xdo instance
Error: Can't open display: (null)
Failed creating new xdo instance
Error: Can't open display: (null)
Failed creating new xdo instance
Error: Can't open display: (null)
Failed creating new xdo instance
Error: Can't open display: (null)
Failed creating new xdo instance
Error: Can't open display: (null)
Failed creating new xdo instance
Error: Can't open display: (null)
Failed creating new xdo instance
Error: Can't open display: (null)
Failed creating new xdo instance
Error: Can't open display: (null)
Failed creating new xdo instance
Error: Can't open display: (null)
Failed creating new xdo instance
Error: Can't open display: (null)
Failed creating new xdo instance
Error: Can't open display: (null)
Failed creating new xdo instance
Error: Can't open display: (null)
Failed creating new xdo instance
Error: Can't open display: (null)
Failed creating new xdo instance
Error: Can't open display: (null)
Failed creating new xdo instance
Error: Can't open display: (null)
Failed creating new xdo instance
Error: Can't open display: (null)
Failed creating new xdo instance
Error: Can't open display: (null)
Failed creating new xdo instance
Error: Can't open display: (null)
Failed creating new xdo instance
Error: Can't open display: (null)
Failed creating new xdo instance
Error: Can't open display: (null)
Failed creating new xdo instance
Error: Can't open display: (null)
Failed creating new xdo instance

==== Fri Sep  5 01:26:03 AM UTC 2025 avatar-autostart ====
xset:  unable to open display "12"
xset:  unable to open display "12"
xset:  unable to open display "12"
Error: Can't open display: (null)
Failed creating new xdo instance

** (gnome-session-inhibit:26742): WARNING **: 01:26:03.652: Failed to call Inhibit: GDBus.Error:org.freedesktop.DBus.Error.ServiceUnknown: The name org.gnome.SessionManager was not provided by any .service files

Error: Can't open display: (null)
Failed creating new xdo instance
Error: Can't open display: (null)
Failed creating new xdo instance
Error: Can't open display: (null)
Failed creating new xdo instance
Error: Can't open display: (null)
Failed creating new xdo instance
Error: Can't open display: (null)
Failed creating new xdo instance
Error: Can't open display: (null)
Failed creating new xdo instance
Error: Can't open display: (null)
Failed creating new xdo instance
Error: Can't open display: (null)
Failed creating new xdo instance
Error: Can't open display: (null)
Failed creating new xdo instance
Error: Can't open display: (null)
Failed creating new xdo instance
Error: Can't open display: (null)
Failed creating new xdo instance
Error: Can't open display: (null)
Failed creating new xdo instance
Error: Can't open display: (null)
Failed creating new xdo instance
Error: Can't open display: (null)
Failed creating new xdo instance
Error: Can't open display: (null)
Failed creating new xdo instance
Error: Can't open display: (null)
Failed creating new xdo instance
Error: Can't open display: (null)
Failed creating new xdo instance
Error: Can't open display: (null)
Failed creating new xdo instance
Error: Can't open display: (null)
Failed creating new xdo instance
Error: Can't open display: (null)
Failed creating new xdo instance
Error: Can't open display: (null)
Failed creating new xdo instance
Error: Can't open display: (null)
Failed creating new xdo instance
Error: Can't open display: (null)
Failed creating new xdo instance
Error: Can't open display: (null)
Failed creating new xdo instance
Error: Can't open display: (null)
Failed creating new xdo instance
Error: Can't open display: (null)
Failed creating new xdo instance
Error: Can't open display: (null)
Failed creating new xdo instance
Error: Can't open display: (null)
Failed creating new xdo instance
Error: Can't open display: (null)
Failed creating new xdo instance

==== Fri Sep  5 01:26:36 AM UTC 2025 avatar-autostart ====
xset:  unable to open display "12"
xset:  unable to open display "12"
xset:  unable to open display "12"
Error: Can't open display: (null)
Failed creating new xdo instance

** (gnome-session-inhibit:26925): WARNING **: 01:26:36.158: Failed to call Inhibit: GDBus.Error:org.freedesktop.DBus.Error.ServiceUnknown: The name org.gnome.SessionManager was not provided by any .service files

Error: Can't open display: (null)
Failed creating new xdo instance
Error: Can't open display: (null)
Failed creating new xdo instance
Error: Can't open display: (null)
Failed creating new xdo instance
Error: Can't open display: (null)
Failed creating new xdo instance
Error: Can't open display: (null)
Failed creating new xdo instance
Error: Can't open display: (null)
Failed creating new xdo instance
Error: Can't open display: (null)
Failed creating new xdo instance
Error: Can't open display: (null)
Failed creating new xdo instance
Error: Can't open display: (null)
Failed creating new xdo instance
Error: Can't open display: (null)
Failed creating new xdo instance
Error: Can't open display: (null)
Failed creating new xdo instance
Error: Can't open display: (null)
Failed creating new xdo instance
Error: Can't open display: (null)
Failed creating new xdo instance
Error: Can't open display: (null)
Failed creating new xdo instance
Error: Can't open display: (null)
Failed creating new xdo instance
Error: Can't open display: (null)
Failed creating new xdo instance
Error: Can't open display: (null)
Failed creating new xdo instance
Error: Can't open display: (null)
Failed creating new xdo instance
Error: Can't open display: (null)
Failed creating new xdo instance
Error: Can't open display: (null)
Failed creating new xdo instance
Error: Can't open display: (null)
Failed creating new xdo instance
Error: Can't open display: (null)
Failed creating new xdo instance
Error: Can't open display: (null)
Failed creating new xdo instance
Error: Can't open display: (null)
Failed creating new xdo instance
Error: Can't open display: (null)
Failed creating new xdo instance
Error: Can't open display: (null)
Failed creating new xdo instance
Error: Can't open display: (null)
Failed creating new xdo instance
Error: Can't open display: (null)
Failed creating new xdo instance
Error: Can't open display: (null)
Failed creating new xdo instance

==== Fri Sep  5 01:27:07 AM UTC 2025 avatar-autostart ====
Invalid MIT-MAGIC-COOKIE-1 keyxset:  unable to open display ":0"
Invalid MIT-MAGIC-COOKIE-1 keyxset:  unable to open display ":0"
Invalid MIT-MAGIC-COOKIE-1 keyxset:  unable to open display ":0"
Invalid MIT-MAGIC-COOKIE-1 keyError: Can't open display: (null)
Failed creating new xdo instance

** (gnome-session-inhibit:27114): WARNING **: 01:27:07.177: Failed to call Inhibit: GDBus.Error:org.freedesktop.DBus.Error.ServiceUnknown: The name org.gnome.SessionManager was not provided by any .service files

Invalid MIT-MAGIC-COOKIE-1 keyError: Can't open display: (null)
Failed creating new xdo instance
Invalid MIT-MAGIC-COOKIE-1 keyError: Can't open display: (null)
Failed creating new xdo instance
Invalid MIT-MAGIC-COOKIE-1 keyError: Can't open display: (null)
Failed creating new xdo instance
Invalid MIT-MAGIC-COOKIE-1 keyError: Can't open display: (null)
Failed creating new xdo instance
Invalid MIT-MAGIC-COOKIE-1 keyError: Can't open display: (null)
Failed creating new xdo instance
Invalid MIT-MAGIC-COOKIE-1 keyError: Can't open display: (null)
Failed creating new xdo instance
Invalid MIT-MAGIC-COOKIE-1 keyError: Can't open display: (null)
Failed creating new xdo instance
Invalid MIT-MAGIC-COOKIE-1 keyError: Can't open display: (null)
Failed creating new xdo instance
Invalid MIT-MAGIC-COOKIE-1 keyError: Can't open display: (null)
Failed creating new xdo instance
Invalid MIT-MAGIC-COOKIE-1 keyError: Can't open display: (null)
Failed creating new xdo instance
Invalid MIT-MAGIC-COOKIE-1 keyError: Can't open display: (null)
Failed creating new xdo instance
Invalid MIT-MAGIC-COOKIE-1 keyError: Can't open display: (null)
Failed creating new xdo instance
Invalid MIT-MAGIC-COOKIE-1 keyError: Can't open display: (null)
Failed creating new xdo instance
Invalid MIT-MAGIC-COOKIE-1 keyError: Can't open display: (null)
Failed creating new xdo instance
Invalid MIT-MAGIC-COOKIE-1 keyError: Can't open display: (null)
Failed creating new xdo instance
Invalid MIT-MAGIC-COOKIE-1 keyError: Can't open display: (null)
Failed creating new xdo instance
Invalid MIT-MAGIC-COOKIE-1 keyError: Can't open display: (null)
Failed creating new xdo instance
Invalid MIT-MAGIC-COOKIE-1 keyError: Can't open display: (null)
Failed creating new xdo instance
Invalid MIT-MAGIC-COOKIE-1 keyError: Can't open display: (null)
Failed creating new xdo instance
Invalid MIT-MAGIC-COOKIE-1 keyError: Can't open display: (null)
Failed creating new xdo instance
Invalid MIT-MAGIC-COOKIE-1 keyError: Can't open display: (null)
Failed creating new xdo instance
Invalid MIT-MAGIC-COOKIE-1 keyError: Can't open display: (null)
Failed creating new xdo instance
Invalid MIT-MAGIC-COOKIE-1 keyError: Can't open display: (null)
Failed creating new xdo instance
Invalid MIT-MAGIC-COOKIE-1 keyError: Can't open display: (null)
Failed creating new xdo instance
Invalid MIT-MAGIC-COOKIE-1 keyError: Can't open display: (null)
Failed creating new xdo instance
Invalid MIT-MAGIC-COOKIE-1 keyError: Can't open display: (null)
Failed creating new xdo instance
Invalid MIT-MAGIC-COOKIE-1 keyError: Can't open display: (null)
Failed creating new xdo instance
Invalid MIT-MAGIC-COOKIE-1 keyError: Can't open display: (null)
Failed creating new xdo instance
Invalid MIT-MAGIC-COOKIE-1 keyError: Can't open display: (null)
Failed creating new xdo instance

==== Fri Sep  5 01:27:39 AM UTC 2025 avatar-autostart ====
Invalid MIT-MAGIC-COOKIE-1 keyxset:  unable to open display ":0"
Invalid MIT-MAGIC-COOKIE-1 keyxset:  unable to open display ":0"
Invalid MIT-MAGIC-COOKIE-1 keyxset:  unable to open display ":0"
Invalid MIT-MAGIC-COOKIE-1 keyError: Can't open display: (null)
Failed creating new xdo instance

** (gnome-session-inhibit:27313): WARNING **: 01:27:39.641: Failed to call Inhibit: GDBus.Error:org.freedesktop.DBus.Error.ServiceUnknown: The name org.gnome.SessionManager was not provided by any .service files

Invalid MIT-MAGIC-COOKIE-1 keyError: Can't open display: (null)
Failed creating new xdo instance
Invalid MIT-MAGIC-COOKIE-1 keyError: Can't open display: (null)
Failed creating new xdo instance
Invalid MIT-MAGIC-COOKIE-1 keyError: Can't open display: (null)
Failed creating new xdo instance
Invalid MIT-MAGIC-COOKIE-1 keyError: Can't open display: (null)
Failed creating new xdo instance
Invalid MIT-MAGIC-COOKIE-1 keyError: Can't open display: (null)
Failed creating new xdo instance
Invalid MIT-MAGIC-COOKIE-1 keyError: Can't open display: (null)
Failed creating new xdo instance

==== Fri Sep  5 01:31:10 AM UTC 2025 avatar-autostart ====
xset:  unable to open display ":0"
xset:  unable to open display ":0"
xset:  unable to open display ":0"
Error: Can't open display: (null)
Failed creating new xdo instance

** (gnome-session-inhibit:3931): WARNING **: 01:31:10.238: Failed to call Inhibit: GDBus.Error:org.freedesktop.DBus.Error.ServiceUnknown: The name org.gnome.SessionManager was not provided by any .service files

Invalid MIT-MAGIC-COOKIE-1 keyError: Can't open display: (null)
Failed creating new xdo instance
Invalid MIT-MAGIC-COOKIE-1 keyError: Can't open display: (null)
Failed creating new xdo instance
Invalid MIT-MAGIC-COOKIE-1 keyError: Can't open display: (null)
Failed creating new xdo instance
Invalid MIT-MAGIC-COOKIE-1 keyError: Can't open display: (null)
Failed creating new xdo instance
Invalid MIT-MAGIC-COOKIE-1 keyError: Can't open display: (null)
Failed creating new xdo instance
Invalid MIT-MAGIC-COOKIE-1 keyError: Can't open display: (null)
Failed creating new xdo instance
Invalid MIT-MAGIC-COOKIE-1 keyError: Can't open display: (null)
Failed creating new xdo instance
Invalid MIT-MAGIC-COOKIE-1 keyError: Can't open display: (null)
Failed creating new xdo instance
Invalid MIT-MAGIC-COOKIE-1 keyError: Can't open display: (null)
Failed creating new xdo instance
Invalid MIT-MAGIC-COOKIE-1 keyError: Can't open display: (null)
Failed creating new xdo instance
Invalid MIT-MAGIC-COOKIE-1 keyError: Can't open display: (null)
Failed creating new xdo instance
Invalid MIT-MAGIC-COOKIE-1 keyError: Can't open display: (null)
Failed creating new xdo instance
Invalid MIT-MAGIC-COOKIE-1 keyError: Can't open display: (null)
Failed creating new xdo instance
Invalid MIT-MAGIC-COOKIE-1 keyError: Can't open display: (null)
Failed creating new xdo instance
Invalid MIT-MAGIC-COOKIE-1 keyError: Can't open display: (null)
Failed creating new xdo instance
Invalid MIT-MAGIC-COOKIE-1 keyError: Can't open display: (null)
Failed creating new xdo instance
Invalid MIT-MAGIC-COOKIE-1 keyError: Can't open display: (null)
Failed creating new xdo instance
Invalid MIT-MAGIC-COOKIE-1 keyError: Can't open display: (null)
Failed creating new xdo instance
Invalid MIT-MAGIC-COOKIE-1 keyError: Can't open display: (null)
Failed creating new xdo instance
Invalid MIT-MAGIC-COOKIE-1 keyError: Can't open display: (null)
Failed creating new xdo instance
Invalid MIT-MAGIC-COOKIE-1 keyError: Can't open display: (null)
Failed creating new xdo instance
Invalid MIT-MAGIC-COOKIE-1 keyError: Can't open display: (null)
Failed creating new xdo instance
Invalid MIT-MAGIC-COOKIE-1 keyError: Can't open display: (null)
Failed creating new xdo instance
Invalid MIT-MAGIC-COOKIE-1 keyError: Can't open display: (null)
Failed creating new xdo instance
Invalid MIT-MAGIC-COOKIE-1 keyError: Can't open display: (null)
Failed creating new xdo instance
Invalid MIT-MAGIC-COOKIE-1 keyError: Can't open display: (null)
Failed creating new xdo instance
Invalid MIT-MAGIC-COOKIE-1 keyError: Can't open display: (null)
Failed creating new xdo instance
Invalid MIT-MAGIC-COOKIE-1 keyError: Can't open display: (null)
Failed creating new xdo instance
Invalid MIT-MAGIC-COOKIE-1 keyError: Can't open display: (null)
Failed creating new xdo instance

==== Fri Sep  5 01:31:41 AM UTC 2025 avatar-autostart ====
Invalid MIT-MAGIC-COOKIE-1 keyxset:  unable to open display ":0"
Invalid MIT-MAGIC-COOKIE-1 keyxset:  unable to open display ":0"
Invalid MIT-MAGIC-COOKIE-1 keyxset:  unable to open display ":0"
Invalid MIT-MAGIC-COOKIE-1 keyError: Can't open display: (null)
Failed creating new xdo instance

** (gnome-session-inhibit:7683): WARNING **: 01:31:41.869: Failed to call Inhibit: GDBus.Error:org.freedesktop.DBus.Error.ServiceUnknown: The name org.gnome.SessionManager was not provided by any .service files

Invalid MIT-MAGIC-COOKIE-1 keyError: Can't open display: (null)
Failed creating new xdo instance
Invalid MIT-MAGIC-COOKIE-1 keyError: Can't open display: (null)
Failed creating new xdo instance
Invalid MIT-MAGIC-COOKIE-1 keyError: Can't open display: (null)
Failed creating new xdo instance
Invalid MIT-MAGIC-COOKIE-1 keyError: Can't open display: (null)
Failed creating new xdo instance
Invalid MIT-MAGIC-COOKIE-1 keyError: Can't open display: (null)
Failed creating new xdo instance
Invalid MIT-MAGIC-COOKIE-1 keyError: Can't open display: (null)
Failed creating new xdo instance
Invalid MIT-MAGIC-COOKIE-1 keyError: Can't open display: (null)
Failed creating new xdo instance
Invalid MIT-MAGIC-COOKIE-1 keyError: Can't open display: (null)
Failed creating new xdo instance
Invalid MIT-MAGIC-COOKIE-1 keyError: Can't open display: (null)
Failed creating new xdo instance
Invalid MIT-MAGIC-COOKIE-1 keyError: Can't open display: (null)
Failed creating new xdo instance
Invalid MIT-MAGIC-COOKIE-1 keyError: Can't open display: (null)
Failed creating new xdo instance
Invalid MIT-MAGIC-COOKIE-1 keyError: Can't open display: (null)
Failed creating new xdo instance
Invalid MIT-MAGIC-COOKIE-1 keyError: Can't open display: (null)
Failed creating new xdo instance
Invalid MIT-MAGIC-COOKIE-1 keyError: Can't open display: (null)
Failed creating new xdo instance
Invalid MIT-MAGIC-COOKIE-1 keyError: Can't open display: (null)
Failed creating new xdo instance
Invalid MIT-MAGIC-COOKIE-1 keyError: Can't open display: (null)
Failed creating new xdo instance
Invalid MIT-MAGIC-COOKIE-1 keyError: Can't open display: (null)
Failed creating new xdo instance
Invalid MIT-MAGIC-COOKIE-1 keyError: Can't open display: (null)
Failed creating new xdo instance
Invalid MIT-MAGIC-COOKIE-1 keyError: Can't open display: (null)
Failed creating new xdo instance
Invalid MIT-MAGIC-COOKIE-1 keyError: Can't open display: (null)
Failed creating new xdo instance
Invalid MIT-MAGIC-COOKIE-1 keyError: Can't open display: (null)
Failed creating new xdo instance
Invalid MIT-MAGIC-COOKIE-1 keyError: Can't open display: (null)
Failed creating new xdo instance
Invalid MIT-MAGIC-COOKIE-1 keyError: Can't open display: (null)
Failed creating new xdo instance

==== Fri Sep  5 01:32:05 AM UTC 2025 avatar-autostart ====
Failed to execute --reason=AI Avatar
Invalid MIT-MAGIC-COOKIE-1 keyError: Can't open display: (null)
Failed creating new xdo instance
Error: Can't open display: (null)
Failed creating new xdo instance
Error: Can't open display: (null)
Failed creating new xdo instance
Error: Can't open display: (null)
Failed creating new xdo instance
Error: Can't open display: (null)
Failed creating new xdo instance
Error: Can't open display: (null)
Failed creating new xdo instance

==== Fri Sep  5 01:32:14 AM UTC 2025 avatar-autostart ====
xset:  unable to open display ":0"
xset:  unable to open display ":0"
xset:  unable to open display ":0"
Error: Can't open display: (null)
Failed creating new xdo instance
Failed to execute --reason=AI Avatar
Error: Can't open display: (null)
Failed creating new xdo instance
Error: Can't open display: (null)
Failed creating new xdo instance
Error: Can't open display: (null)
Failed creating new xdo instance
Error: Can't open display: (null)
Failed creating new xdo instance
Error: Can't open display: (null)
Failed creating new xdo instance
Error: Can't open display: (null)
Failed creating new xdo instance
Error: Can't open display: (null)
Failed creating new xdo instance
Error: Can't open display: (null)
Failed creating new xdo instance
Error: Can't open display: (null)
Failed creating new xdo instance
Error: Can't open display: (null)
Failed creating new xdo instance
Error: Can't open display: (null)
Failed creating new xdo instance
Error: Can't open display: (null)
Failed creating new xdo instance
Error: Can't open display: (null)
Failed creating new xdo instance
Error: Can't open display: (null)
Failed creating new xdo instance
Error: Can't open display: (null)
Failed creating new xdo instance
Error: Can't open display: (null)
Failed creating new xdo instance
Error: Can't open display: (null)
Failed creating new xdo instance
Error: Can't open display: (null)
Failed creating new xdo instance
Error: Can't open display: (null)
Failed creating new xdo instance
Error: Can't open display: (null)
Failed creating new xdo instance
Error: Can't open display: (null)
Failed creating new xdo instance
Error: Can't open display: (null)
Failed creating new xdo instance
Error: Can't open display: (null)
Failed creating new xdo instance
Error: Can't open display: (null)
Failed creating new xdo instance
Error: Can't open display: (null)
Failed creating new xdo instance
Error: Can't open display: (null)
Failed creating new xdo instance
Error: Can't open display: (null)
Failed creating new xdo instance
Error: Can't open display: (null)
Failed creating new xdo instance
Error: Can't open display: (null)
Failed creating new xdo instance

==== Fri Sep  5 01:32:47 AM UTC 2025 avatar-autostart ====
xset:  unable to open display ":0"
xset:  unable to open display ":0"
xset:  unable to open display ":0"
Error: Can't open display: (null)
Failed creating new xdo instance
Failed to execute --reason=AI Avatar
Error: Can't open display: (null)
Failed creating new xdo instance
Error: Can't open display: (null)
Failed creating new xdo instance
Error: Can't open display: (null)
Failed creating new xdo instance
Error: Can't open display: (null)
Failed creating new xdo instance
Error: Can't open display: (null)
Failed creating new xdo instance
Error: Can't open display: (null)
Failed creating new xdo instance
Error: Can't open display: (null)
Failed creating new xdo instance
Error: Can't open display: (null)
Failed creating new xdo instance
Error: Can't open display: (null)
Failed creating new xdo instance
Error: Can't open display: (null)
Failed creating new xdo instance
Error: Can't open display: (null)
Failed creating new xdo instance
Error: Can't open display: (null)
Failed creating new xdo instance
Error: Can't open display: (null)
Failed creating new xdo instance
Error: Can't open display: (null)
Failed creating new xdo instance
Error: Can't open display: (null)
Failed creating new xdo instance
Error: Can't open display: (null)
Failed creating new xdo instance
Error: Can't open display: (null)
Failed creating new xdo instance
Error: Can't open display: (null)
Failed creating new xdo instance
Error: Can't open display: (null)
Failed creating new xdo instance
Error: Can't open display: (null)
Failed creating new xdo instance
Error: Can't open display: (null)
Failed creating new xdo instance
Error: Can't open display: (null)
Failed creating new xdo instance
Error: Can't open display: (null)
Failed creating new xdo instance
Error: Can't open display: (null)
Failed creating new xdo instance
Error: Can't open display: (null)
Failed creating new xdo instance
Error: Can't open display: (null)
Failed creating new xdo instance
Error: Can't open display: (null)
Failed creating new xdo instance
Error: Can't open display: (null)
Failed creating new xdo instance
Error: Can't open display: (null)
Failed creating new xdo instance

==== Fri Sep  5 01:33:19 AM UTC 2025 avatar-autostart ====
xset:  unable to open display ":0"
xset:  unable to open display ":0"
xset:  unable to open display ":0"
Error: Can't open display: (null)
Failed creating new xdo instance
Failed to execute --reason=AI Avatar
Error: Can't open display: (null)
Failed creating new xdo instance
Error: Can't open display: (null)
Failed creating new xdo instance
Error: Can't open display: (null)
Failed creating new xdo instance
Error: Can't open display: (null)
Failed creating new xdo instance
Error: Can't open display: (null)
Failed creating new xdo instance
Error: Can't open display: (null)
Failed creating new xdo instance
Error: Can't open display: (null)
Failed creating new xdo instance
Error: Can't open display: (null)
Failed creating new xdo instance
Error: Can't open display: (null)
Failed creating new xdo instance
Error: Can't open display: (null)
Failed creating new xdo instance
Error: Can't open display: (null)
Failed creating new xdo instance
Error: Can't open display: (null)
Failed creating new xdo instance
Error: Can't open display: (null)
Failed creating new xdo instance
Error: Can't open display: (null)
Failed creating new xdo instance

==== Fri Sep  5 01:33:33 AM UTC 2025 avatar-autostart ====
xset:  unable to open display ":0"
xset:  unable to open display ":0"
xset:  unable to open display ":0"
Error: Can't open display: (null)
Failed creating new xdo instance
Failed to execute --reason=AI Avatar
Error: Can't open display: (null)
Failed creating new xdo instance
Error: Can't open display: (null)
Failed creating new xdo instance
Error: Can't open display: (null)
Failed creating new xdo instance
Error: Can't open display: (null)
Failed creating new xdo instance
Error: Can't open display: (null)
Failed creating new xdo instance
Error: Can't open display: (null)
Failed creating new xdo instance
Error: Can't open display: (null)
Failed creating new xdo instance
Error: Can't open display: (null)
Failed creating new xdo instance
Error: Can't open display: (null)
Failed creating new xdo instance
Error: Can't open display: (null)
Failed creating new xdo instance
Error: Can't open display: (null)
Failed creating new xdo instance
Error: Can't open display: (null)
Failed creating new xdo instance
Error: Can't open display: (null)
Failed creating new xdo instance
Error: Can't open display: (null)
Failed creating new xdo instance
Error: Can't open display: (null)
Failed creating new xdo instance
Error: Can't open display: (null)
Failed creating new xdo instance
Error: Can't open display: (null)
Failed creating new xdo instance
Error: Can't open display: (null)
Failed creating new xdo instance
Error: Can't open display: (null)
Failed creating new xdo instance
Error: Can't open display: (null)
Failed creating new xdo instance
Error: Can't open display: (null)
Failed creating new xdo instance
Error: Can't open display: (null)
Failed creating new xdo instance
Error: Can't open display: (null)
Failed creating new xdo instance
Error: Can't open display: (null)
Failed creating new xdo instance
Error: Can't open display: (null)
Failed creating new xdo instance
Error: Can't open display: (null)
Failed creating new xdo instance
Error: Can't open display: (null)
Failed creating new xdo instance
Error: Can't open display: (null)
Failed creating new xdo instance
Error: Can't open display: (null)
Failed creating new xdo instance

==== Fri Sep  5 01:34:06 AM UTC 2025 avatar-autostart ====
xset:  unable to open display ":0"
xset:  unable to open display ":0"
xset:  unable to open display ":0"
Error: Can't open display: (null)
Failed creating new xdo instance
Failed to execute --reason=AI Avatar
Error: Can't open display: (null)
Failed creating new xdo instance
Error: Can't open display: (null)
Failed creating new xdo instance
Error: Can't open display: (null)
Failed creating new xdo instance
Error: Can't open display: (null)
Failed creating new xdo instance
Error: Can't open display: (null)
Failed creating new xdo instance
Error: Can't open display: (null)
Failed creating new xdo instance
Error: Can't open display: (null)
Failed creating new xdo instance
Error: Can't open display: (null)
Failed creating new xdo instance
Error: Can't open display: (null)
Failed creating new xdo instance
Error: Can't open display: (null)
Failed creating new xdo instance
Error: Can't open display: (null)
Failed creating new xdo instance
Error: Can't open display: (null)
Failed creating new xdo instance
Error: Can't open display: (null)
Failed creating new xdo instance
Error: Can't open display: (null)
Failed creating new xdo instance
Error: Can't open display: (null)
Failed creating new xdo instance
Error: Can't open display: (null)
Failed creating new xdo instance
Error: Can't open display: (null)
Failed creating new xdo instance
Error: Can't open display: (null)
Failed creating new xdo instance
Error: Can't open display: (null)
Failed creating new xdo instance
Error: Can't open display: (null)
Failed creating new xdo instance
Error: Can't open display: (null)
Failed creating new xdo instance
Error: Can't open display: (null)
Failed creating new xdo instance
Error: Can't open display: (null)
Failed creating new xdo instance
Error: Can't open display: (null)
Failed creating new xdo instance
Error: Can't open display: (null)
Failed creating new xdo instance
Error: Can't open display: (null)
Failed creating new xdo instance
Error: Can't open display: (null)
Failed creating new xdo instance
Error: Can't open display: (null)
Failed creating new xdo instance
Error: Can't open display: (null)
Failed creating new xdo instance

==== Fri Sep  5 01:34:38 AM UTC 2025 avatar-autostart ====
xset:  unable to open display ":0"
xset:  unable to open display ":0"
xset:  unable to open display ":0"
Error: Can't open display: (null)
Failed creating new xdo instance
Failed to execute --reason=AI Avatar
Error: Can't open display: (null)
Failed creating new xdo instance
Error: Can't open display: (null)
Failed creating new xdo instance
Error: Can't open display: (null)
Failed creating new xdo instance
Error: Can't open display: (null)
Failed creating new xdo instance
Error: Can't open display: (null)
Failed creating new xdo instance
Error: Can't open display: (null)
Failed creating new xdo instance
Error: Can't open display: (null)
Failed creating new xdo instance
Error: Can't open display: (null)
Failed creating new xdo instance
Error: Can't open display: (null)
Failed creating new xdo instance
Error: Can't open display: (null)
Failed creating new xdo instance
Error: Can't open display: (null)
Failed creating new xdo instance
Error: Can't open display: (null)
Failed creating new xdo instance
Error: Can't open display: (null)
Failed creating new xdo instance
Error: Can't open display: (null)
Failed creating new xdo instance
Error: Can't open display: (null)
Failed creating new xdo instance
Error: Can't open display: (null)
Failed creating new xdo instance
Error: Can't open display: (null)
Failed creating new xdo instance
Error: Can't open display: (null)
Failed creating new xdo instance
Error: Can't open display: (null)
Failed creating new xdo instance
Error: Can't open display: (null)
Failed creating new xdo instance
Error: Can't open display: (null)
Failed creating new xdo instance
Error: Can't open display: (null)
Failed creating new xdo instance
Error: Can't open display: (null)
Failed creating new xdo instance
Error: Can't open display: (null)
Failed creating new xdo instance
Error: Can't open display: (null)
Failed creating new xdo instance
Error: Can't open display: (null)
Failed creating new xdo instance
Error: Can't open display: (null)
Failed creating new xdo instance
Error: Can't open display: (null)
Failed creating new xdo instance
Error: Can't open display: (null)
Failed creating new xdo instance

==== Fri Sep  5 01:35:11 AM UTC 2025 avatar-autostart ====
xset:  unable to open display ":0"
xset:  unable to open display ":0"
xset:  unable to open display ":0"
Error: Can't open display: (null)
Failed creating new xdo instance
Failed to execute --reason=AI Avatar
Error: Can't open display: (null)
Failed creating new xdo instance
Error: Can't open display: (null)
Failed creating new xdo instance
Error: Can't open display: (null)
Failed creating new xdo instance
Error: Can't open display: (null)
Failed creating new xdo instance
Error: Can't open display: (null)
Failed creating new xdo instance
Error: Can't open display: (null)
Failed creating new xdo instance
Error: Can't open display: (null)
Failed creating new xdo instance
Error: Can't open display: (null)
Failed creating new xdo instance
Error: Can't open display: (null)
Failed creating new xdo instance
Error: Can't open display: (null)
Failed creating new xdo instance
Error: Can't open display: (null)
Failed creating new xdo instance
Error: Can't open display: (null)
Failed creating new xdo instance
Error: Can't open display: (null)
Failed creating new xdo instance
Error: Can't open display: (null)
Failed creating new xdo instance
Error: Can't open display: (null)
Failed creating new xdo instance
Error: Can't open display: (null)
Failed creating new xdo instance
Error: Can't open display: (null)
Failed creating new xdo instance
Error: Can't open display: (null)
Failed creating new xdo instance
Error: Can't open display: (null)
Failed creating new xdo instance
Error: Can't open display: (null)
Failed creating new xdo instance
Error: Can't open display: (null)
Failed creating new xdo instance
Error: Can't open display: (null)
Failed creating new xdo instance
Error: Can't open display: (null)
Failed creating new xdo instance
Error: Can't open display: (null)
Failed creating new xdo instance
Error: Can't open display: (null)
Failed creating new xdo instance
Error: Can't open display: (null)
Failed creating new xdo instance
Error: Can't open display: (null)
Failed creating new xdo instance
Error: Can't open display: (null)
Failed creating new xdo instance
Error: Can't open display: (null)
Failed creating new xdo instance

==== Fri Sep  5 01:35:43 AM UTC 2025 avatar-autostart ====
xset:  unable to open display ":0"
xset:  unable to open display ":0"
xset:  unable to open display ":0"
Error: Can't open display: (null)
Failed creating new xdo instance
Failed to execute --reason=AI Avatar
Error: Can't open display: (null)
Failed creating new xdo instance
Error: Can't open display: (null)
Failed creating new xdo instance
Error: Can't open display: (null)
Failed creating new xdo instance
Error: Can't open display: (null)
Failed creating new xdo instance
Error: Can't open display: (null)
Failed creating new xdo instance
Error: Can't open display: (null)
Failed creating new xdo instance
Error: Can't open display: (null)
Failed creating new xdo instance
Error: Can't open display: (null)
Failed creating new xdo instance
Error: Can't open display: (null)
Failed creating new xdo instance
Error: Can't open display: (null)
Failed creating new xdo instance
Error: Can't open display: (null)
Failed creating new xdo instance
Error: Can't open display: (null)
Failed creating new xdo instance
Error: Can't open display: (null)
Failed creating new xdo instance
Error: Can't open display: (null)
Failed creating new xdo instance
Error: Can't open display: (null)
Failed creating new xdo instance
Error: Can't open display: (null)
Failed creating new xdo instance
Error: Can't open display: (null)
Failed creating new xdo instance
Error: Can't open display: (null)
Failed creating new xdo instance
Error: Can't open display: (null)
Failed creating new xdo instance
Error: Can't open display: (null)
Failed creating new xdo instance
Error: Can't open display: (null)
Failed creating new xdo instance
Error: Can't open display: (null)
Failed creating new xdo instance
Error: Can't open display: (null)
Failed creating new xdo instance
Error: Can't open display: (null)
Failed creating new xdo instance
Error: Can't open display: (null)
Failed creating new xdo instance
Error: Can't open display: (null)
Failed creating new xdo instance
Error: Can't open display: (null)
Failed creating new xdo instance
Error: Can't open display: (null)
Failed creating new xdo instance
Error: Can't open display: (null)
Failed creating new xdo instance

==== Fri Sep  5 01:36:16 AM UTC 2025 avatar-autostart ====
xset:  unable to open display ":0"
xset:  unable to open display ":0"
xset:  unable to open display ":0"
Error: Can't open display: (null)
Failed creating new xdo instance
Failed to execute --reason=AI Avatar
Error: Can't open display: (null)
Failed creating new xdo instance
Error: Can't open display: (null)
Failed creating new xdo instance
Error: Can't open display: (null)
Failed creating new xdo instance
Error: Can't open display: (null)
Failed creating new xdo instance

==== Fri Sep  5 03:35:22 AM UTC 2025 avatar-autostart ====
Failed to execute --reason=AI Avatar

==== Fri Sep  5 05:00:18 AM UTC 2025 avatar-autostart ====
Failed to execute --reason=AI Avatar

==== Fri Sep  5 05:17:21 AM UTC 2025 avatar-autostart ====
Failed to execute --reason=AI Avatar

==== Thu Sep  4 11:05:02 PM PDT 2025 avatar-autostart ====
Failed to execute --reason=AI Avatar

==== Fri Sep  5 10:21:58 AM PDT 2025 avatar-autostart ====
Failed to execute --reason=AI Avatar

==== Fri Sep  5 04:34:50 PM PDT 2025 avatar-autostart ====
Failed to execute --reason=AI Avatar
